ISO-10303-21;
HEADER;
FILE_DESCRIPTION(('Open CASCADE Model'),'2;1');
FILE_NAME('Open CASCADE Shape Model','2026-06-01T16:27:23',('Author'),(
    'Open CASCADE'),'Open CASCADE STEP processor 7.8','Open CASCADE 7.8'
  ,'Unknown');
FILE_SCHEMA(('AUTOMOTIVE_DESIGN { 1 0 10303 214 1 1 1 1 }'));
ENDSEC;
DATA;
#1 = APPLICATION_PROTOCOL_DEFINITION('international standard',
  'automotive_design',2000,#2);
#2 = APPLICATION_CONTEXT(
  'core data for automotive mechanical design processes');
#3 = SHAPE_DEFINITION_REPRESENTATION(#4,#10);
#4 = PRODUCT_DEFINITION_SHAPE('','',#5);
#5 = PRODUCT_DEFINITION('design','',#6,#9);
#6 = PRODUCT_DEFINITION_FORMATION('','',#7);
#7 = PRODUCT('Open CASCADE STEP translator 7.8 1',
  'Open CASCADE STEP translator 7.8 1','',(#8));
#8 = PRODUCT_CONTEXT('',#2,'mechanical');
#9 = PRODUCT_DEFINITION_CONTEXT('part definition',#2,'design');
#10 = SHAPE_REPRESENTATION('',(#11,#15,#19,#23,#27,#31,#35,#39,#43,#47,
    #51,#55,#59),#63);
#11 = AXIS2_PLACEMENT_3D('',#12,#13,#14);
#12 = CARTESIAN_POINT('',(0.,0.,0.));
#13 = DIRECTION('',(0.,0.,1.));
#14 = DIRECTION('',(1.,0.,-0.));
#15 = AXIS2_PLACEMENT_3D('',#16,#17,#18);
#16 = CARTESIAN_POINT('',(0.,0.,0.));
#17 = DIRECTION('',(0.,0.,1.));
#18 = DIRECTION('',(1.,0.,-0.));
#19 = AXIS2_PLACEMENT_3D('',#20,#21,#22);
#20 = CARTESIAN_POINT('',(0.,0.,0.));
#21 = DIRECTION('',(0.,0.,1.));
#22 = DIRECTION('',(1.,0.,-0.));
#23 = AXIS2_PLACEMENT_3D('',#24,#25,#26);
#24 = CARTESIAN_POINT('',(0.,0.,0.));
#25 = DIRECTION('',(0.,0.,1.));
#26 = DIRECTION('',(1.,0.,-0.));
#27 = AXIS2_PLACEMENT_3D('',#28,#29,#30);
#28 = CARTESIAN_POINT('',(0.,0.,0.));
#29 = DIRECTION('',(0.,0.,1.));
#30 = DIRECTION('',(1.,0.,-0.));
#31 = AXIS2_PLACEMENT_3D('',#32,#33,#34);
#32 = CARTESIAN_POINT('',(0.,0.,0.));
#33 = DIRECTION('',(0.,0.,1.));
#34 = DIRECTION('',(1.,0.,-0.));
#35 = AXIS2_PLACEMENT_3D('',#36,#37,#38);
#36 = CARTESIAN_POINT('',(0.,0.,0.));
#37 = DIRECTION('',(0.,0.,1.));
#38 = DIRECTION('',(1.,0.,-0.));
#39 = AXIS2_PLACEMENT_3D('',#40,#41,#42);
#40 = CARTESIAN_POINT('',(0.,0.,0.));
#41 = DIRECTION('',(0.,0.,1.));
#42 = DIRECTION('',(1.,0.,-0.));
#43 = AXIS2_PLACEMENT_3D('',#44,#45,#46);
#44 = CARTESIAN_POINT('',(0.,0.,0.));
#45 = DIRECTION('',(0.,0.,1.));
#46 = DIRECTION('',(1.,0.,-0.));
#47 = AXIS2_PLACEMENT_3D('',#48,#49,#50);
#48 = CARTESIAN_POINT('',(0.,0.,0.));
#49 = DIRECTION('',(0.,0.,1.));
#50 = DIRECTION('',(1.,0.,-0.));
#51 = AXIS2_PLACEMENT_3D('',#52,#53,#54);
#52 = CARTESIAN_POINT('',(0.,0.,0.));
#53 = DIRECTION('',(0.,0.,1.));
#54 = DIRECTION('',(1.,0.,-0.));
#55 = AXIS2_PLACEMENT_3D('',#56,#57,#58);
#56 = CARTESIAN_POINT('',(0.,0.,0.));
#57 = DIRECTION('',(0.,0.,1.));
#58 = DIRECTION('',(1.,0.,-0.));
#59 = AXIS2_PLACEMENT_3D('',#60,#61,#62);
#60 = CARTESIAN_POINT('',(0.,0.,0.));
#61 = DIRECTION('',(0.,0.,1.));
#62 = DIRECTION('',(1.,0.,-0.));
#63 = ( GEOMETRIC_REPRESENTATION_CONTEXT(3) 
GLOBAL_UNCERTAINTY_ASSIGNED_CONTEXT((#67)) GLOBAL_UNIT_ASSIGNED_CONTEXT(
(#64,#65,#66)) REPRESENTATION_CONTEXT('Context #1',
  '3D Context with UNIT and UNCERTAINTY') );
#64 = ( LENGTH_UNIT() NAMED_UNIT(*) SI_UNIT(.MILLI.,.METRE.) );
#65 = ( NAMED_UNIT(*) PLANE_ANGLE_UNIT() SI_UNIT($,.RADIAN.) );
#66 = ( NAMED_UNIT(*) SI_UNIT($,.STERADIAN.) SOLID_ANGLE_UNIT() );
#67 = UNCERTAINTY_MEASURE_WITH_UNIT(LENGTH_MEASURE(1.E-07),#64,
  'distance_accuracy_value','confusion accuracy');
#68 = PRODUCT_RELATED_PRODUCT_CATEGORY('part',$,(#7));
#69 = SHAPE_DEFINITION_REPRESENTATION(#70,#76);
#70 = PRODUCT_DEFINITION_SHAPE('','',#71);
#71 = PRODUCT_DEFINITION('design','',#72,#75);
#72 = PRODUCT_DEFINITION_FORMATION('','',#73);
#73 = PRODUCT('Open CASCADE STEP translator 7.8 1.1',
  'Open CASCADE STEP translator 7.8 1.1','',(#74));
#74 = PRODUCT_CONTEXT('',#2,'mechanical');
#75 = PRODUCT_DEFINITION_CONTEXT('part definition',#2,'design');
#76 = MANIFOLD_SURFACE_SHAPE_REPRESENTATION('',(#11,#77),#663);
#77 = SHELL_BASED_SURFACE_MODEL('',(#78));
#78 = OPEN_SHELL('',(#79));
#79 = ADVANCED_FACE('',(#80),#94,.T.);
#80 = FACE_BOUND('',#81,.T.);
#81 = EDGE_LOOP('',(#82,#105,#121,#137,#153,#169,#185,#201,#217,#233,
    #249,#265,#281,#297,#313,#329,#345,#361,#377,#393,#409,#425,#441,
    #457,#473,#489,#505,#521,#537,#553,#569,#585,#601,#617,#633,#649));
#82 = ORIENTED_EDGE('',*,*,#83,.T.);
#83 = EDGE_CURVE('',#84,#86,#88,.T.);
#84 = VERTEX_POINT('',#85);
#85 = CARTESIAN_POINT('',(-1.5,2.6,22.598076211353));
#86 = VERTEX_POINT('',#87);
#87 = CARTESIAN_POINT('',(-1.496157056081,2.678036128806,22.591420037234
    ));
#88 = SURFACE_CURVE('',#89,(#93),.PCURVE_S1.);
#89 = LINE('',#90,#91);
#90 = CARTESIAN_POINT('',(-1.5,2.6,22.598076211353));
#91 = VECTOR('',#92,1.);
#92 = DIRECTION('',(4.900857016478E-02,0.995184726672,-8.48853335317E-02
    ));
#93 = PCURVE('',#94,#99);
#94 = PLANE('',#95);
#95 = AXIS2_PLACEMENT_3D('',#96,#97,#98);
#96 = CARTESIAN_POINT('',(0.,-1.143124098915E-16,20.));
#97 = DIRECTION('',(-0.866025403784,-0.,-0.5));
#98 = DIRECTION('',(0.5,0.,-0.866025403784));
#99 = DEFINITIONAL_REPRESENTATION('',(#100),#104);
#100 = LINE('',#101,#102);
#101 = CARTESIAN_POINT('',(-3.,-2.6));
#102 = VECTOR('',#103,1.);
#103 = DIRECTION('',(9.801714032956E-02,-0.995184726672));
#104 = ( GEOMETRIC_REPRESENTATION_CONTEXT(2) 
PARAMETRIC_REPRESENTATION_CONTEXT() REPRESENTATION_CONTEXT('2D SPACE',''
  ) );
#105 = ORIENTED_EDGE('',*,*,#106,.T.);
#106 = EDGE_CURVE('',#86,#107,#109,.T.);
#107 = VERTEX_POINT('',#108);
#108 = CARTESIAN_POINT('',(-1.484775906502,2.753073372946,
    22.571707307916));
#109 = SURFACE_CURVE('',#110,(#114),.PCURVE_S1.);
#110 = LINE('',#111,#112);
#111 = CARTESIAN_POINT('',(-1.496157056081,2.678036128806,
    22.591420037234));
#112 = VECTOR('',#113,1.);
#113 = DIRECTION('',(0.145142338627,0.956940335732,-0.251393904832));
#114 = PCURVE('',#94,#115);
#115 = DEFINITIONAL_REPRESENTATION('',(#116),#120);
#116 = LINE('',#117,#118);
#117 = CARTESIAN_POINT('',(-2.992314112161,-2.678036128806));
#118 = VECTOR('',#119,1.);
#119 = DIRECTION('',(0.290284677254,-0.956940335732));
#120 = ( GEOMETRIC_REPRESENTATION_CONTEXT(2) 
PARAMETRIC_REPRESENTATION_CONTEXT() REPRESENTATION_CONTEXT('2D SPACE',''
  ) );
#121 = ORIENTED_EDGE('',*,*,#122,.T.);
#122 = EDGE_CURVE('',#107,#123,#125,.T.);
#123 = VERTEX_POINT('',#124);
#124 = CARTESIAN_POINT('',(-1.466293922461,2.822228093208,
    22.539695572531));
#125 = SURFACE_CURVE('',#126,(#130),.PCURVE_S1.);
#126 = LINE('',#127,#128);
#127 = CARTESIAN_POINT('',(-1.484775906502,2.753073372946,
    22.571707307916));
#128 = VECTOR('',#129,1.);
#129 = DIRECTION('',(0.235698368413,0.881921264348,-0.408241549352));
#130 = PCURVE('',#94,#131);
#131 = DEFINITIONAL_REPRESENTATION('',(#132),#136);
#132 = LINE('',#133,#134);
#133 = CARTESIAN_POINT('',(-2.969551813005,-2.753073372946));
#134 = VECTOR('',#135,1.);
#135 = DIRECTION('',(0.471396736826,-0.881921264348));
#136 = ( GEOMETRIC_REPRESENTATION_CONTEXT(2) 
PARAMETRIC_REPRESENTATION_CONTEXT() REPRESENTATION_CONTEXT('2D SPACE',''
  ) );
#137 = ORIENTED_EDGE('',*,*,#138,.T.);
#138 = EDGE_CURVE('',#123,#139,#141,.T.);
#139 = VERTEX_POINT('',#140);
#140 = CARTESIAN_POINT('',(-1.441421356237,2.882842712475,
    22.496615024118));
#141 = SURFACE_CURVE('',#142,(#146),.PCURVE_S1.);
#142 = LINE('',#143,#144);
#143 = CARTESIAN_POINT('',(-1.466293922461,2.822228093208,
    22.539695572531));
#144 = VECTOR('',#145,1.);
#145 = DIRECTION('',(0.317196642082,0.773010453363,-0.549400700076));
#146 = PCURVE('',#94,#147);
#147 = DEFINITIONAL_REPRESENTATION('',(#148),#152);
#148 = LINE('',#149,#150);
#149 = CARTESIAN_POINT('',(-2.932587844921,-2.822228093208));
#150 = VECTOR('',#151,1.);
#151 = DIRECTION('',(0.634393284164,-0.773010453363));
#152 = ( GEOMETRIC_REPRESENTATION_CONTEXT(2) 
PARAMETRIC_REPRESENTATION_CONTEXT() REPRESENTATION_CONTEXT('2D SPACE',''
  ) );
#153 = ORIENTED_EDGE('',*,*,#154,.T.);
#154 = EDGE_CURVE('',#139,#155,#157,.T.);
#155 = VERTEX_POINT('',#156);
#156 = CARTESIAN_POINT('',(-1.411114046604,2.932587844921,
    22.444121223992));
#157 = SURFACE_CURVE('',#158,(#162),.PCURVE_S1.);
#158 = LINE('',#159,#160);
#159 = CARTESIAN_POINT('',(-1.441421356237,2.882842712475,
    22.496615024118));
#160 = VECTOR('',#161,1.);
#161 = DIRECTION('',(0.386505226681,0.634393284164,-0.669446690003));
#162 = PCURVE('',#94,#163);
#163 = DEFINITIONAL_REPRESENTATION('',(#164),#168);
#164 = LINE('',#165,#166);
#165 = CARTESIAN_POINT('',(-2.882842712475,-2.882842712475));
#166 = VECTOR('',#167,1.);
#167 = DIRECTION('',(0.773010453363,-0.634393284164));
#168 = ( GEOMETRIC_REPRESENTATION_CONTEXT(2) 
PARAMETRIC_REPRESENTATION_CONTEXT() REPRESENTATION_CONTEXT('2D SPACE',''
  ) );
#169 = ORIENTED_EDGE('',*,*,#170,.T.);
#170 = EDGE_CURVE('',#155,#171,#173,.T.);
#171 = VERTEX_POINT('',#172);
#172 = CARTESIAN_POINT('',(-1.376536686473,2.969551813005,
    22.384231479454));
#173 = SURFACE_CURVE('',#174,(#178),.PCURVE_S1.);
#174 = LINE('',#175,#176);
#175 = CARTESIAN_POINT('',(-1.411114046604,2.932587844921,
    22.444121223992));
#176 = VECTOR('',#177,1.);
#177 = DIRECTION('',(0.440960632174,0.471396736826,-0.763766219063));
#178 = PCURVE('',#94,#179);
#179 = DEFINITIONAL_REPRESENTATION('',(#180),#184);
#180 = LINE('',#181,#182);
#181 = CARTESIAN_POINT('',(-2.822228093208,-2.932587844921));
#182 = VECTOR('',#183,1.);
#183 = DIRECTION('',(0.881921264348,-0.471396736826));
#184 = ( GEOMETRIC_REPRESENTATION_CONTEXT(2) 
PARAMETRIC_REPRESENTATION_CONTEXT() REPRESENTATION_CONTEXT('2D SPACE',''
  ) );
#185 = ORIENTED_EDGE('',*,*,#186,.T.);
#186 = EDGE_CURVE('',#171,#187,#189,.T.);
#187 = VERTEX_POINT('',#188);
#188 = CARTESIAN_POINT('',(-1.339018064403,2.992314112161,
    22.319247319799));
#189 = SURFACE_CURVE('',#190,(#194),.PCURVE_S1.);
#190 = LINE('',#191,#192);
#191 = CARTESIAN_POINT('',(-1.376536686473,2.969551813005,
    22.384231479454));
#192 = VECTOR('',#193,1.);
#193 = DIRECTION('',(0.478470167866,0.290284677254,-0.82873464065));
#194 = PCURVE('',#94,#195);
#195 = DEFINITIONAL_REPRESENTATION('',(#196),#200);
#196 = LINE('',#197,#198);
#197 = CARTESIAN_POINT('',(-2.753073372946,-2.969551813005));
#198 = VECTOR('',#199,1.);
#199 = DIRECTION('',(0.956940335732,-0.290284677254));
#200 = ( GEOMETRIC_REPRESENTATION_CONTEXT(2) 
PARAMETRIC_REPRESENTATION_CONTEXT() REPRESENTATION_CONTEXT('2D SPACE',''
  ) );
#201 = ORIENTED_EDGE('',*,*,#202,.T.);
#202 = EDGE_CURVE('',#187,#203,#205,.T.);
#203 = VERTEX_POINT('',#204);
#204 = CARTESIAN_POINT('',(-1.3,3.,22.25166604984));
#205 = SURFACE_CURVE('',#206,(#210),.PCURVE_S1.);
#206 = LINE('',#207,#208);
#207 = CARTESIAN_POINT('',(-1.339018064403,2.992314112161,
    22.319247319799));
#208 = VECTOR('',#209,1.);
#209 = DIRECTION('',(0.497592363336,9.801714032956E-02,-0.861855254756)
  );
#210 = PCURVE('',#94,#211);
#211 = DEFINITIONAL_REPRESENTATION('',(#212),#216);
#212 = LINE('',#213,#214);
#213 = CARTESIAN_POINT('',(-2.678036128806,-2.992314112161));
#214 = VECTOR('',#215,1.);
#215 = DIRECTION('',(0.995184726672,-9.801714032956E-02));
#216 = ( GEOMETRIC_REPRESENTATION_CONTEXT(2) 
PARAMETRIC_REPRESENTATION_CONTEXT() REPRESENTATION_CONTEXT('2D SPACE',''
  ) );
#217 = ORIENTED_EDGE('',*,*,#218,.T.);
#218 = EDGE_CURVE('',#203,#219,#221,.T.);
#219 = VERTEX_POINT('',#220);
#220 = CARTESIAN_POINT('',(1.3,3.,17.74833395016));
#221 = SURFACE_CURVE('',#222,(#226),.PCURVE_S1.);
#222 = LINE('',#223,#224);
#223 = CARTESIAN_POINT('',(-1.3,3.,22.25166604984));
#224 = VECTOR('',#225,1.);
#225 = DIRECTION('',(0.5,0.,-0.866025403784));
#226 = PCURVE('',#94,#227);
#227 = DEFINITIONAL_REPRESENTATION('',(#228),#232);
#228 = LINE('',#229,#230);
#229 = CARTESIAN_POINT('',(-2.6,-3.));
#230 = VECTOR('',#231,1.);
#231 = DIRECTION('',(1.,0.));
#232 = ( GEOMETRIC_REPRESENTATION_CONTEXT(2) 
PARAMETRIC_REPRESENTATION_CONTEXT() REPRESENTATION_CONTEXT('2D SPACE',''
  ) );
#233 = ORIENTED_EDGE('',*,*,#234,.T.);
#234 = EDGE_CURVE('',#219,#235,#237,.T.);
#235 = VERTEX_POINT('',#236);
#236 = CARTESIAN_POINT('',(1.339018064403,2.992314112161,17.680752680201
    ));
#237 = SURFACE_CURVE('',#238,(#242),.PCURVE_S1.);
#238 = LINE('',#239,#240);
#239 = CARTESIAN_POINT('',(1.3,3.,17.74833395016));
#240 = VECTOR('',#241,1.);
#241 = DIRECTION('',(0.497592363336,-9.801714032956E-02,-0.861855254756)
  );
#242 = PCURVE('',#94,#243);
#243 = DEFINITIONAL_REPRESENTATION('',(#244),#248);
#244 = LINE('',#245,#246);
#245 = CARTESIAN_POINT('',(2.6,-3.));
#246 = VECTOR('',#247,1.);
#247 = DIRECTION('',(0.995184726672,9.801714032956E-02));
#248 = ( GEOMETRIC_REPRESENTATION_CONTEXT(2) 
PARAMETRIC_REPRESENTATION_CONTEXT() REPRESENTATION_CONTEXT('2D SPACE',''
  ) );
#249 = ORIENTED_EDGE('',*,*,#250,.T.);
#250 = EDGE_CURVE('',#235,#251,#253,.T.);
#251 = VERTEX_POINT('',#252);
#252 = CARTESIAN_POINT('',(1.376536686473,2.969551813005,17.615768520546
    ));
#253 = SURFACE_CURVE('',#254,(#258),.PCURVE_S1.);
#254 = LINE('',#255,#256);
#255 = CARTESIAN_POINT('',(1.339018064403,2.992314112161,17.680752680201
    ));
#256 = VECTOR('',#257,1.);
#257 = DIRECTION('',(0.478470167866,-0.290284677254,-0.82873464065));
#258 = PCURVE('',#94,#259);
#259 = DEFINITIONAL_REPRESENTATION('',(#260),#264);
#260 = LINE('',#261,#262);
#261 = CARTESIAN_POINT('',(2.678036128806,-2.992314112161));
#262 = VECTOR('',#263,1.);
#263 = DIRECTION('',(0.956940335732,0.290284677254));
#264 = ( GEOMETRIC_REPRESENTATION_CONTEXT(2) 
PARAMETRIC_REPRESENTATION_CONTEXT() REPRESENTATION_CONTEXT('2D SPACE',''
  ) );
#265 = ORIENTED_EDGE('',*,*,#266,.T.);
#266 = EDGE_CURVE('',#251,#267,#269,.T.);
#267 = VERTEX_POINT('',#268);
#268 = CARTESIAN_POINT('',(1.411114046604,2.932587844921,17.555878776008
    ));
#269 = SURFACE_CURVE('',#270,(#274),.PCURVE_S1.);
#270 = LINE('',#271,#272);
#271 = CARTESIAN_POINT('',(1.376536686473,2.969551813005,17.615768520546
    ));
#272 = VECTOR('',#273,1.);
#273 = DIRECTION('',(0.440960632174,-0.471396736826,-0.763766219063));
#274 = PCURVE('',#94,#275);
#275 = DEFINITIONAL_REPRESENTATION('',(#276),#280);
#276 = LINE('',#277,#278);
#277 = CARTESIAN_POINT('',(2.753073372946,-2.969551813005));
#278 = VECTOR('',#279,1.);
#279 = DIRECTION('',(0.881921264348,0.471396736826));
#280 = ( GEOMETRIC_REPRESENTATION_CONTEXT(2) 
PARAMETRIC_REPRESENTATION_CONTEXT() REPRESENTATION_CONTEXT('2D SPACE',''
  ) );
#281 = ORIENTED_EDGE('',*,*,#282,.T.);
#282 = EDGE_CURVE('',#267,#283,#285,.T.);
#283 = VERTEX_POINT('',#284);
#284 = CARTESIAN_POINT('',(1.441421356237,2.882842712475,17.503384975882
    ));
#285 = SURFACE_CURVE('',#286,(#290),.PCURVE_S1.);
#286 = LINE('',#287,#288);
#287 = CARTESIAN_POINT('',(1.411114046604,2.932587844921,17.555878776008
    ));
#288 = VECTOR('',#289,1.);
#289 = DIRECTION('',(0.386505226681,-0.634393284164,-0.669446690003));
#290 = PCURVE('',#94,#291);
#291 = DEFINITIONAL_REPRESENTATION('',(#292),#296);
#292 = LINE('',#293,#294);
#293 = CARTESIAN_POINT('',(2.822228093208,-2.932587844921));
#294 = VECTOR('',#295,1.);
#295 = DIRECTION('',(0.773010453363,0.634393284164));
#296 = ( GEOMETRIC_REPRESENTATION_CONTEXT(2) 
PARAMETRIC_REPRESENTATION_CONTEXT() REPRESENTATION_CONTEXT('2D SPACE',''
  ) );
#297 = ORIENTED_EDGE('',*,*,#298,.T.);
#298 = EDGE_CURVE('',#283,#299,#301,.T.);
#299 = VERTEX_POINT('',#300);
#300 = CARTESIAN_POINT('',(1.466293922461,2.822228093208,17.460304427469
    ));
#301 = SURFACE_CURVE('',#302,(#306),.PCURVE_S1.);
#302 = LINE('',#303,#304);
#303 = CARTESIAN_POINT('',(1.441421356237,2.882842712475,17.503384975882
    ));
#304 = VECTOR('',#305,1.);
#305 = DIRECTION('',(0.317196642082,-0.773010453363,-0.549400700076));
#306 = PCURVE('',#94,#307);
#307 = DEFINITIONAL_REPRESENTATION('',(#308),#312);
#308 = LINE('',#309,#310);
#309 = CARTESIAN_POINT('',(2.882842712475,-2.882842712475));
#310 = VECTOR('',#311,1.);
#311 = DIRECTION('',(0.634393284164,0.773010453363));
#312 = ( GEOMETRIC_REPRESENTATION_CONTEXT(2) 
PARAMETRIC_REPRESENTATION_CONTEXT() REPRESENTATION_CONTEXT('2D SPACE',''
  ) );
#313 = ORIENTED_EDGE('',*,*,#314,.T.);
#314 = EDGE_CURVE('',#299,#315,#317,.T.);
#315 = VERTEX_POINT('',#316);
#316 = CARTESIAN_POINT('',(1.484775906502,2.753073372946,17.428292692084
    ));
#317 = SURFACE_CURVE('',#318,(#322),.PCURVE_S1.);
#318 = LINE('',#319,#320);
#319 = CARTESIAN_POINT('',(1.466293922461,2.822228093208,17.460304427469
    ));
#320 = VECTOR('',#321,1.);
#321 = DIRECTION('',(0.235698368413,-0.881921264348,-0.408241549352));
#322 = PCURVE('',#94,#323);
#323 = DEFINITIONAL_REPRESENTATION('',(#324),#328);
#324 = LINE('',#325,#326);
#325 = CARTESIAN_POINT('',(2.932587844921,-2.822228093208));
#326 = VECTOR('',#327,1.);
#327 = DIRECTION('',(0.471396736826,0.881921264348));
#328 = ( GEOMETRIC_REPRESENTATION_CONTEXT(2) 
PARAMETRIC_REPRESENTATION_CONTEXT() REPRESENTATION_CONTEXT('2D SPACE',''
  ) );
#329 = ORIENTED_EDGE('',*,*,#330,.T.);
#330 = EDGE_CURVE('',#315,#331,#333,.T.);
#331 = VERTEX_POINT('',#332);
#332 = CARTESIAN_POINT('',(1.496157056081,2.678036128806,17.408579962766
    ));
#333 = SURFACE_CURVE('',#334,(#338),.PCURVE_S1.);
#334 = LINE('',#335,#336);
#335 = CARTESIAN_POINT('',(1.484775906502,2.753073372946,17.428292692084
    ));
#336 = VECTOR('',#337,1.);
#337 = DIRECTION('',(0.145142338627,-0.956940335732,-0.251393904832));
#338 = PCURVE('',#94,#339);
#339 = DEFINITIONAL_REPRESENTATION('',(#340),#344);
#340 = LINE('',#341,#342);
#341 = CARTESIAN_POINT('',(2.969551813005,-2.753073372946));
#342 = VECTOR('',#343,1.);
#343 = DIRECTION('',(0.290284677254,0.956940335732));
#344 = ( GEOMETRIC_REPRESENTATION_CONTEXT(2) 
PARAMETRIC_REPRESENTATION_CONTEXT() REPRESENTATION_CONTEXT('2D SPACE',''
  ) );
#345 = ORIENTED_EDGE('',*,*,#346,.T.);
#346 = EDGE_CURVE('',#331,#347,#349,.T.);
#347 = VERTEX_POINT('',#348);
#348 = CARTESIAN_POINT('',(1.5,2.6,17.401923788647));
#349 = SURFACE_CURVE('',#350,(#354),.PCURVE_S1.);
#350 = LINE('',#351,#352);
#351 = CARTESIAN_POINT('',(1.496157056081,2.678036128806,17.408579962766
    ));
#352 = VECTOR('',#353,1.);
#353 = DIRECTION('',(4.900857016478E-02,-0.995184726672,
    -8.48853335317E-02));
#354 = PCURVE('',#94,#355);
#355 = DEFINITIONAL_REPRESENTATION('',(#356),#360);
#356 = LINE('',#357,#358);
#357 = CARTESIAN_POINT('',(2.992314112161,-2.678036128806));
#358 = VECTOR('',#359,1.);
#359 = DIRECTION('',(9.801714032956E-02,0.995184726672));
#360 = ( GEOMETRIC_REPRESENTATION_CONTEXT(2) 
PARAMETRIC_REPRESENTATION_CONTEXT() REPRESENTATION_CONTEXT('2D SPACE',''
  ) );
#361 = ORIENTED_EDGE('',*,*,#362,.T.);
#362 = EDGE_CURVE('',#347,#363,#365,.T.);
#363 = VERTEX_POINT('',#364);
#364 = CARTESIAN_POINT('',(1.5,-2.6,17.401923788647));
#365 = SURFACE_CURVE('',#366,(#370),.PCURVE_S1.);
#366 = LINE('',#367,#368);
#367 = CARTESIAN_POINT('',(1.5,2.6,17.401923788647));
#368 = VECTOR('',#369,1.);
#369 = DIRECTION('',(0.,-1.,0.));
#370 = PCURVE('',#94,#371);
#371 = DEFINITIONAL_REPRESENTATION('',(#372),#376);
#372 = LINE('',#373,#374);
#373 = CARTESIAN_POINT('',(3.,-2.6));
#374 = VECTOR('',#375,1.);
#375 = DIRECTION('',(0.,1.));
#376 = ( GEOMETRIC_REPRESENTATION_CONTEXT(2) 
PARAMETRIC_REPRESENTATION_CONTEXT() REPRESENTATION_CONTEXT('2D SPACE',''
  ) );
#377 = ORIENTED_EDGE('',*,*,#378,.T.);
#378 = EDGE_CURVE('',#363,#379,#381,.T.);
#379 = VERTEX_POINT('',#380);
#380 = CARTESIAN_POINT('',(1.496157056081,-2.678036128806,
    17.408579962766));
#381 = SURFACE_CURVE('',#382,(#386),.PCURVE_S1.);
#382 = LINE('',#383,#384);
#383 = CARTESIAN_POINT('',(1.5,-2.6,17.401923788647));
#384 = VECTOR('',#385,1.);
#385 = DIRECTION('',(-4.900857016478E-02,-0.995184726672,
    8.48853335317E-02));
#386 = PCURVE('',#94,#387);
#387 = DEFINITIONAL_REPRESENTATION('',(#388),#392);
#388 = LINE('',#389,#390);
#389 = CARTESIAN_POINT('',(3.,2.6));
#390 = VECTOR('',#391,1.);
#391 = DIRECTION('',(-9.801714032956E-02,0.995184726672));
#392 = ( GEOMETRIC_REPRESENTATION_CONTEXT(2) 
PARAMETRIC_REPRESENTATION_CONTEXT() REPRESENTATION_CONTEXT('2D SPACE',''
  ) );
#393 = ORIENTED_EDGE('',*,*,#394,.T.);
#394 = EDGE_CURVE('',#379,#395,#397,.T.);
#395 = VERTEX_POINT('',#396);
#396 = CARTESIAN_POINT('',(1.484775906502,-2.753073372946,
    17.428292692084));
#397 = SURFACE_CURVE('',#398,(#402),.PCURVE_S1.);
#398 = LINE('',#399,#400);
#399 = CARTESIAN_POINT('',(1.496157056081,-2.678036128806,
    17.408579962766));
#400 = VECTOR('',#401,1.);
#401 = DIRECTION('',(-0.145142338627,-0.956940335732,0.251393904832));
#402 = PCURVE('',#94,#403);
#403 = DEFINITIONAL_REPRESENTATION('',(#404),#408);
#404 = LINE('',#405,#406);
#405 = CARTESIAN_POINT('',(2.992314112161,2.678036128806));
#406 = VECTOR('',#407,1.);
#407 = DIRECTION('',(-0.290284677254,0.956940335732));
#408 = ( GEOMETRIC_REPRESENTATION_CONTEXT(2) 
PARAMETRIC_REPRESENTATION_CONTEXT() REPRESENTATION_CONTEXT('2D SPACE',''
  ) );
#409 = ORIENTED_EDGE('',*,*,#410,.T.);
#410 = EDGE_CURVE('',#395,#411,#413,.T.);
#411 = VERTEX_POINT('',#412);
#412 = CARTESIAN_POINT('',(1.466293922461,-2.822228093208,
    17.460304427469));
#413 = SURFACE_CURVE('',#414,(#418),.PCURVE_S1.);
#414 = LINE('',#415,#416);
#415 = CARTESIAN_POINT('',(1.484775906502,-2.753073372946,
    17.428292692084));
#416 = VECTOR('',#417,1.);
#417 = DIRECTION('',(-0.235698368413,-0.881921264348,0.408241549352));
#418 = PCURVE('',#94,#419);
#419 = DEFINITIONAL_REPRESENTATION('',(#420),#424);
#420 = LINE('',#421,#422);
#421 = CARTESIAN_POINT('',(2.969551813005,2.753073372946));
#422 = VECTOR('',#423,1.);
#423 = DIRECTION('',(-0.471396736826,0.881921264348));
#424 = ( GEOMETRIC_REPRESENTATION_CONTEXT(2) 
PARAMETRIC_REPRESENTATION_CONTEXT() REPRESENTATION_CONTEXT('2D SPACE',''
  ) );
#425 = ORIENTED_EDGE('',*,*,#426,.T.);
#426 = EDGE_CURVE('',#411,#427,#429,.T.);
#427 = VERTEX_POINT('',#428);
#428 = CARTESIAN_POINT('',(1.441421356237,-2.882842712475,
    17.503384975882));
#429 = SURFACE_CURVE('',#430,(#434),.PCURVE_S1.);
#430 = LINE('',#431,#432);
#431 = CARTESIAN_POINT('',(1.466293922461,-2.822228093208,
    17.460304427469));
#432 = VECTOR('',#433,1.);
#433 = DIRECTION('',(-0.317196642082,-0.773010453363,0.549400700076));
#434 = PCURVE('',#94,#435);
#435 = DEFINITIONAL_REPRESENTATION('',(#436),#440);
#436 = LINE('',#437,#438);
#437 = CARTESIAN_POINT('',(2.932587844921,2.822228093208));
#438 = VECTOR('',#439,1.);
#439 = DIRECTION('',(-0.634393284164,0.773010453363));
#440 = ( GEOMETRIC_REPRESENTATION_CONTEXT(2) 
PARAMETRIC_REPRESENTATION_CONTEXT() REPRESENTATION_CONTEXT('2D SPACE',''
  ) );
#441 = ORIENTED_EDGE('',*,*,#442,.T.);
#442 = EDGE_CURVE('',#427,#443,#445,.T.);
#443 = VERTEX_POINT('',#444);
#444 = CARTESIAN_POINT('',(1.411114046604,-2.932587844921,
    17.555878776008));
#445 = SURFACE_CURVE('',#446,(#450),.PCURVE_S1.);
#446 = LINE('',#447,#448);
#447 = CARTESIAN_POINT('',(1.441421356237,-2.882842712475,
    17.503384975882));
#448 = VECTOR('',#449,1.);
#449 = DIRECTION('',(-0.386505226681,-0.634393284164,0.669446690003));
#450 = PCURVE('',#94,#451);
#451 = DEFINITIONAL_REPRESENTATION('',(#452),#456);
#452 = LINE('',#453,#454);
#453 = CARTESIAN_POINT('',(2.882842712475,2.882842712475));
#454 = VECTOR('',#455,1.);
#455 = DIRECTION('',(-0.773010453363,0.634393284164));
#456 = ( GEOMETRIC_REPRESENTATION_CONTEXT(2) 
PARAMETRIC_REPRESENTATION_CONTEXT() REPRESENTATION_CONTEXT('2D SPACE',''
  ) );
#457 = ORIENTED_EDGE('',*,*,#458,.T.);
#458 = EDGE_CURVE('',#443,#459,#461,.T.);
#459 = VERTEX_POINT('',#460);
#460 = CARTESIAN_POINT('',(1.376536686473,-2.969551813005,
    17.615768520546));
#461 = SURFACE_CURVE('',#462,(#466),.PCURVE_S1.);
#462 = LINE('',#463,#464);
#463 = CARTESIAN_POINT('',(1.411114046604,-2.932587844921,
    17.555878776008));
#464 = VECTOR('',#465,1.);
#465 = DIRECTION('',(-0.440960632174,-0.471396736826,0.763766219063));
#466 = PCURVE('',#94,#467);
#467 = DEFINITIONAL_REPRESENTATION('',(#468),#472);
#468 = LINE('',#469,#470);
#469 = CARTESIAN_POINT('',(2.822228093208,2.932587844921));
#470 = VECTOR('',#471,1.);
#471 = DIRECTION('',(-0.881921264348,0.471396736826));
#472 = ( GEOMETRIC_REPRESENTATION_CONTEXT(2) 
PARAMETRIC_REPRESENTATION_CONTEXT() REPRESENTATION_CONTEXT('2D SPACE',''
  ) );
#473 = ORIENTED_EDGE('',*,*,#474,.T.);
#474 = EDGE_CURVE('',#459,#475,#477,.T.);
#475 = VERTEX_POINT('',#476);
#476 = CARTESIAN_POINT('',(1.339018064403,-2.992314112161,
    17.680752680201));
#477 = SURFACE_CURVE('',#478,(#482),.PCURVE_S1.);
#478 = LINE('',#479,#480);
#479 = CARTESIAN_POINT('',(1.376536686473,-2.969551813005,
    17.615768520546));
#480 = VECTOR('',#481,1.);
#481 = DIRECTION('',(-0.478470167866,-0.290284677254,0.82873464065));
#482 = PCURVE('',#94,#483);
#483 = DEFINITIONAL_REPRESENTATION('',(#484),#488);
#484 = LINE('',#485,#486);
#485 = CARTESIAN_POINT('',(2.753073372946,2.969551813005));
#486 = VECTOR('',#487,1.);
#487 = DIRECTION('',(-0.956940335732,0.290284677254));
#488 = ( GEOMETRIC_REPRESENTATION_CONTEXT(2) 
PARAMETRIC_REPRESENTATION_CONTEXT() REPRESENTATION_CONTEXT('2D SPACE',''
  ) );
#489 = ORIENTED_EDGE('',*,*,#490,.T.);
#490 = EDGE_CURVE('',#475,#491,#493,.T.);
#491 = VERTEX_POINT('',#492);
#492 = CARTESIAN_POINT('',(1.3,-3.,17.74833395016));
#493 = SURFACE_CURVE('',#494,(#498),.PCURVE_S1.);
#494 = LINE('',#495,#496);
#495 = CARTESIAN_POINT('',(1.339018064403,-2.992314112161,
    17.680752680201));
#496 = VECTOR('',#497,1.);
#497 = DIRECTION('',(-0.497592363336,-9.801714032956E-02,0.861855254756)
  );
#498 = PCURVE('',#94,#499);
#499 = DEFINITIONAL_REPRESENTATION('',(#500),#504);
#500 = LINE('',#501,#502);
#501 = CARTESIAN_POINT('',(2.678036128806,2.992314112161));
#502 = VECTOR('',#503,1.);
#503 = DIRECTION('',(-0.995184726672,9.801714032956E-02));
#504 = ( GEOMETRIC_REPRESENTATION_CONTEXT(2) 
PARAMETRIC_REPRESENTATION_CONTEXT() REPRESENTATION_CONTEXT('2D SPACE',''
  ) );
#505 = ORIENTED_EDGE('',*,*,#506,.T.);
#506 = EDGE_CURVE('',#491,#507,#509,.T.);
#507 = VERTEX_POINT('',#508);
#508 = CARTESIAN_POINT('',(-1.3,-3.,22.25166604984));
#509 = SURFACE_CURVE('',#510,(#514),.PCURVE_S1.);
#510 = LINE('',#511,#512);
#511 = CARTESIAN_POINT('',(1.3,-3.,17.74833395016));
#512 = VECTOR('',#513,1.);
#513 = DIRECTION('',(-0.5,0.,0.866025403784));
#514 = PCURVE('',#94,#515);
#515 = DEFINITIONAL_REPRESENTATION('',(#516),#520);
#516 = LINE('',#517,#518);
#517 = CARTESIAN_POINT('',(2.6,3.));
#518 = VECTOR('',#519,1.);
#519 = DIRECTION('',(-1.,0.));
#520 = ( GEOMETRIC_REPRESENTATION_CONTEXT(2) 
PARAMETRIC_REPRESENTATION_CONTEXT() REPRESENTATION_CONTEXT('2D SPACE',''
  ) );
#521 = ORIENTED_EDGE('',*,*,#522,.T.);
#522 = EDGE_CURVE('',#507,#523,#525,.T.);
#523 = VERTEX_POINT('',#524);
#524 = CARTESIAN_POINT('',(-1.339018064403,-2.992314112161,
    22.319247319799));
#525 = SURFACE_CURVE('',#526,(#530),.PCURVE_S1.);
#526 = LINE('',#527,#528);
#527 = CARTESIAN_POINT('',(-1.3,-3.,22.25166604984));
#528 = VECTOR('',#529,1.);
#529 = DIRECTION('',(-0.497592363336,9.801714032956E-02,0.861855254756)
  );
#530 = PCURVE('',#94,#531);
#531 = DEFINITIONAL_REPRESENTATION('',(#532),#536);
#532 = LINE('',#533,#534);
#533 = CARTESIAN_POINT('',(-2.6,3.));
#534 = VECTOR('',#535,1.);
#535 = DIRECTION('',(-0.995184726672,-9.801714032956E-02));
#536 = ( GEOMETRIC_REPRESENTATION_CONTEXT(2) 
PARAMETRIC_REPRESENTATION_CONTEXT() REPRESENTATION_CONTEXT('2D SPACE',''
  ) );
#537 = ORIENTED_EDGE('',*,*,#538,.T.);
#538 = EDGE_CURVE('',#523,#539,#541,.T.);
#539 = VERTEX_POINT('',#540);
#540 = CARTESIAN_POINT('',(-1.376536686473,-2.969551813005,
    22.384231479454));
#541 = SURFACE_CURVE('',#542,(#546),.PCURVE_S1.);
#542 = LINE('',#543,#544);
#543 = CARTESIAN_POINT('',(-1.339018064403,-2.992314112161,
    22.319247319799));
#544 = VECTOR('',#545,1.);
#545 = DIRECTION('',(-0.478470167866,0.290284677254,0.82873464065));
#546 = PCURVE('',#94,#547);
#547 = DEFINITIONAL_REPRESENTATION('',(#548),#552);
#548 = LINE('',#549,#550);
#549 = CARTESIAN_POINT('',(-2.678036128806,2.992314112161));
#550 = VECTOR('',#551,1.);
#551 = DIRECTION('',(-0.956940335732,-0.290284677254));
#552 = ( GEOMETRIC_REPRESENTATION_CONTEXT(2) 
PARAMETRIC_REPRESENTATION_CONTEXT() REPRESENTATION_CONTEXT('2D SPACE',''
  ) );
#553 = ORIENTED_EDGE('',*,*,#554,.T.);
#554 = EDGE_CURVE('',#539,#555,#557,.T.);
#555 = VERTEX_POINT('',#556);
#556 = CARTESIAN_POINT('',(-1.411114046604,-2.932587844921,
    22.444121223992));
#557 = SURFACE_CURVE('',#558,(#562),.PCURVE_S1.);
#558 = LINE('',#559,#560);
#559 = CARTESIAN_POINT('',(-1.376536686473,-2.969551813005,
    22.384231479454));
#560 = VECTOR('',#561,1.);
#561 = DIRECTION('',(-0.440960632174,0.471396736826,0.763766219063));
#562 = PCURVE('',#94,#563);
#563 = DEFINITIONAL_REPRESENTATION('',(#564),#568);
#564 = LINE('',#565,#566);
#565 = CARTESIAN_POINT('',(-2.753073372946,2.969551813005));
#566 = VECTOR('',#567,1.);
#567 = DIRECTION('',(-0.881921264348,-0.471396736826));
#568 = ( GEOMETRIC_REPRESENTATION_CONTEXT(2) 
PARAMETRIC_REPRESENTATION_CONTEXT() REPRESENTATION_CONTEXT('2D SPACE',''
  ) );
#569 = ORIENTED_EDGE('',*,*,#570,.T.);
#570 = EDGE_CURVE('',#555,#571,#573,.T.);
#571 = VERTEX_POINT('',#572);
#572 = CARTESIAN_POINT('',(-1.441421356237,-2.882842712475,
    22.496615024118));
#573 = SURFACE_CURVE('',#574,(#578),.PCURVE_S1.);
#574 = LINE('',#575,#576);
#575 = CARTESIAN_POINT('',(-1.411114046604,-2.932587844921,
    22.444121223992));
#576 = VECTOR('',#577,1.);
#577 = DIRECTION('',(-0.386505226681,0.634393284164,0.669446690003));
#578 = PCURVE('',#94,#579);
#579 = DEFINITIONAL_REPRESENTATION('',(#580),#584);
#580 = LINE('',#581,#582);
#581 = CARTESIAN_POINT('',(-2.822228093208,2.932587844921));
#582 = VECTOR('',#583,1.);
#583 = DIRECTION('',(-0.773010453363,-0.634393284164));
#584 = ( GEOMETRIC_REPRESENTATION_CONTEXT(2) 
PARAMETRIC_REPRESENTATION_CONTEXT() REPRESENTATION_CONTEXT('2D SPACE',''
  ) );
#585 = ORIENTED_EDGE('',*,*,#586,.T.);
#586 = EDGE_CURVE('',#571,#587,#589,.T.);
#587 = VERTEX_POINT('',#588);
#588 = CARTESIAN_POINT('',(-1.466293922461,-2.822228093208,
    22.539695572531));
#589 = SURFACE_CURVE('',#590,(#594),.PCURVE_S1.);
#590 = LINE('',#591,#592);
#591 = CARTESIAN_POINT('',(-1.441421356237,-2.882842712475,
    22.496615024118));
#592 = VECTOR('',#593,1.);
#593 = DIRECTION('',(-0.317196642082,0.773010453363,0.549400700076));
#594 = PCURVE('',#94,#595);
#595 = DEFINITIONAL_REPRESENTATION('',(#596),#600);
#596 = LINE('',#597,#598);
#597 = CARTESIAN_POINT('',(-2.882842712475,2.882842712475));
#598 = VECTOR('',#599,1.);
#599 = DIRECTION('',(-0.634393284164,-0.773010453363));
#600 = ( GEOMETRIC_REPRESENTATION_CONTEXT(2) 
PARAMETRIC_REPRESENTATION_CONTEXT() REPRESENTATION_CONTEXT('2D SPACE',''
  ) );
#601 = ORIENTED_EDGE('',*,*,#602,.T.);
#602 = EDGE_CURVE('',#587,#603,#605,.T.);
#603 = VERTEX_POINT('',#604);
#604 = CARTESIAN_POINT('',(-1.484775906502,-2.753073372946,
    22.571707307916));
#605 = SURFACE_CURVE('',#606,(#610),.PCURVE_S1.);
#606 = LINE('',#607,#608);
#607 = CARTESIAN_POINT('',(-1.466293922461,-2.822228093208,
    22.539695572531));
#608 = VECTOR('',#609,1.);
#609 = DIRECTION('',(-0.235698368413,0.881921264348,0.408241549352));
#610 = PCURVE('',#94,#611);
#611 = DEFINITIONAL_REPRESENTATION('',(#612),#616);
#612 = LINE('',#613,#614);
#613 = CARTESIAN_POINT('',(-2.932587844921,2.822228093208));
#614 = VECTOR('',#615,1.);
#615 = DIRECTION('',(-0.471396736826,-0.881921264348));
#616 = ( GEOMETRIC_REPRESENTATION_CONTEXT(2) 
PARAMETRIC_REPRESENTATION_CONTEXT() REPRESENTATION_CONTEXT('2D SPACE',''
  ) );
#617 = ORIENTED_EDGE('',*,*,#618,.T.);
#618 = EDGE_CURVE('',#603,#619,#621,.T.);
#619 = VERTEX_POINT('',#620);
#620 = CARTESIAN_POINT('',(-1.496157056081,-2.678036128806,
    22.591420037234));
#621 = SURFACE_CURVE('',#622,(#626),.PCURVE_S1.);
#622 = LINE('',#623,#624);
#623 = CARTESIAN_POINT('',(-1.484775906502,-2.753073372946,
    22.571707307916));
#624 = VECTOR('',#625,1.);
#625 = DIRECTION('',(-0.145142338627,0.956940335732,0.251393904832));
#626 = PCURVE('',#94,#627);
#627 = DEFINITIONAL_REPRESENTATION('',(#628),#632);
#628 = LINE('',#629,#630);
#629 = CARTESIAN_POINT('',(-2.969551813005,2.753073372946));
#630 = VECTOR('',#631,1.);
#631 = DIRECTION('',(-0.290284677254,-0.956940335732));
#632 = ( GEOMETRIC_REPRESENTATION_CONTEXT(2) 
PARAMETRIC_REPRESENTATION_CONTEXT() REPRESENTATION_CONTEXT('2D SPACE',''
  ) );
#633 = ORIENTED_EDGE('',*,*,#634,.T.);
#634 = EDGE_CURVE('',#619,#635,#637,.T.);
#635 = VERTEX_POINT('',#636);
#636 = CARTESIAN_POINT('',(-1.5,-2.6,22.598076211353));
#637 = SURFACE_CURVE('',#638,(#642),.PCURVE_S1.);
#638 = LINE('',#639,#640);
#639 = CARTESIAN_POINT('',(-1.496157056081,-2.678036128806,
    22.591420037234));
#640 = VECTOR('',#641,1.);
#641 = DIRECTION('',(-4.900857016478E-02,0.995184726672,
    8.48853335317E-02));
#642 = PCURVE('',#94,#643);
#643 = DEFINITIONAL_REPRESENTATION('',(#644),#648);
#644 = LINE('',#645,#646);
#645 = CARTESIAN_POINT('',(-2.992314112161,2.678036128806));
#646 = VECTOR('',#647,1.);
#647 = DIRECTION('',(-9.801714032956E-02,-0.995184726672));
#648 = ( GEOMETRIC_REPRESENTATION_CONTEXT(2) 
PARAMETRIC_REPRESENTATION_CONTEXT() REPRESENTATION_CONTEXT('2D SPACE',''
  ) );
#649 = ORIENTED_EDGE('',*,*,#650,.T.);
#650 = EDGE_CURVE('',#635,#84,#651,.T.);
#651 = SURFACE_CURVE('',#652,(#656),.PCURVE_S1.);
#652 = LINE('',#653,#654);
#653 = CARTESIAN_POINT('',(-1.5,-2.6,22.598076211353));
#654 = VECTOR('',#655,1.);
#655 = DIRECTION('',(0.,1.,0.));
#656 = PCURVE('',#94,#657);
#657 = DEFINITIONAL_REPRESENTATION('',(#658),#662);
#658 = LINE('',#659,#660);
#659 = CARTESIAN_POINT('',(-3.,2.6));
#660 = VECTOR('',#661,1.);
#661 = DIRECTION('',(0.,-1.));
#662 = ( GEOMETRIC_REPRESENTATION_CONTEXT(2) 
PARAMETRIC_REPRESENTATION_CONTEXT() REPRESENTATION_CONTEXT('2D SPACE',''
  ) );
#663 = ( GEOMETRIC_REPRESENTATION_CONTEXT(3) 
GLOBAL_UNCERTAINTY_ASSIGNED_CONTEXT((#667)) GLOBAL_UNIT_ASSIGNED_CONTEXT
((#664,#665,#666)) REPRESENTATION_CONTEXT('Context #1',
  '3D Context with UNIT and UNCERTAINTY') );
#664 = ( LENGTH_UNIT() NAMED_UNIT(*) SI_UNIT(.MILLI.,.METRE.) );
#665 = ( NAMED_UNIT(*) PLANE_ANGLE_UNIT() SI_UNIT($,.RADIAN.) );
#666 = ( NAMED_UNIT(*) SI_UNIT($,.STERADIAN.) SOLID_ANGLE_UNIT() );
#667 = UNCERTAINTY_MEASURE_WITH_UNIT(LENGTH_MEASURE(1.E-07),#664,
  'distance_accuracy_value','confusion accuracy');
#668 = CONTEXT_DEPENDENT_SHAPE_REPRESENTATION(#669,#671);
#669 = ( REPRESENTATION_RELATIONSHIP('','',#76,#10) 
REPRESENTATION_RELATIONSHIP_WITH_TRANSFORMATION(#670) 
SHAPE_REPRESENTATION_RELATIONSHIP() );
#670 = ITEM_DEFINED_TRANSFORMATION('','',#11,#15);
#671 = PRODUCT_DEFINITION_SHAPE('Placement','Placement of an item',#672
  );
#672 = NEXT_ASSEMBLY_USAGE_OCCURRENCE('1','','',#5,#71,$);
#673 = PRODUCT_RELATED_PRODUCT_CATEGORY('part',$,(#73));
#674 = SHAPE_DEFINITION_REPRESENTATION(#675,#681);
#675 = PRODUCT_DEFINITION_SHAPE('','',#676);
#676 = PRODUCT_DEFINITION('design','',#677,#680);
#677 = PRODUCT_DEFINITION_FORMATION('','',#678);
#678 = PRODUCT('Open CASCADE STEP translator 7.8 1.2',
  'Open CASCADE STEP translator 7.8 1.2','',(#679));
#679 = PRODUCT_CONTEXT('',#2,'mechanical');
#680 = PRODUCT_DEFINITION_CONTEXT('part definition',#2,'design');
#681 = MANIFOLD_SURFACE_SHAPE_REPRESENTATION('',(#11,#682),#1268);
#682 = SHELL_BASED_SURFACE_MODEL('',(#683));
#683 = OPEN_SHELL('',(#684));
#684 = ADVANCED_FACE('',(#685),#699,.T.);
#685 = FACE_BOUND('',#686,.T.);
#686 = EDGE_LOOP('',(#687,#710,#726,#742,#758,#774,#790,#806,#822,#838,
    #854,#870,#886,#902,#918,#934,#950,#966,#982,#998,#1014,#1030,#1046,
    #1062,#1078,#1094,#1110,#1126,#1142,#1158,#1174,#1190,#1206,#1222,
    #1238,#1254));
#687 = ORIENTED_EDGE('',*,*,#688,.T.);
#688 = EDGE_CURVE('',#689,#691,#693,.T.);
#689 = VERTEX_POINT('',#690);
#690 = CARTESIAN_POINT('',(-1.72920816075,27.43967074319,17.611100496269
    ));
#691 = VERTEX_POINT('',#692);
#692 = CARTESIAN_POINT('',(-1.733227029245,27.517695156016,
    17.604410954419));
#693 = SURFACE_CURVE('',#694,(#698),.PCURVE_S1.);
#694 = LINE('',#695,#696);
#695 = CARTESIAN_POINT('',(-1.72920816075,27.43967074319,17.611100496269
    ));
#696 = VECTOR('',#697,1.);
#697 = DIRECTION('',(-5.125211368369E-02,0.995035314277,
    -8.531086791913E-02));
#698 = PCURVE('',#699,#704);
#699 = PLANE('',#700);
#700 = AXIS2_PLACEMENT_3D('',#701,#702,#703);
#701 = CARTESIAN_POINT('',(-1.905206831525E-16,25.,15.));
#702 = DIRECTION('',(-0.866025403784,-8.682408883347E-02,-0.492403876506
    ));
#703 = DIRECTION('',(0.494270410408,0.,-0.869308208517));
#704 = DEFINITIONAL_REPRESENTATION('',(#705),#709);
#705 = LINE('',#706,#707);
#706 = CARTESIAN_POINT('',(-3.124547521964,-2.448918696688));
#707 = VECTOR('',#708,1.);
#708 = DIRECTION('',(4.882903449309E-02,-0.998807151251));
#709 = ( GEOMETRIC_REPRESENTATION_CONTEXT(2) 
PARAMETRIC_REPRESENTATION_CONTEXT() REPRESENTATION_CONTEXT('2D SPACE',''
  ) );
#710 = ORIENTED_EDGE('',*,*,#711,.T.);
#711 = EDGE_CURVE('',#691,#712,#714,.T.);
#712 = VERTEX_POINT('',#713);
#713 = CARTESIAN_POINT('',(-1.729560088061,27.593476197786,
    17.584599404211));
#714 = SURFACE_CURVE('',#715,(#719),.PCURVE_S1.);
#715 = LINE('',#716,#717);
#716 = CARTESIAN_POINT('',(-1.733227029245,27.517695156016,
    17.604410954419));
#717 = VECTOR('',#718,1.);
#718 = DIRECTION('',(4.676402989012E-02,0.966425891363,-0.252654154946)
  );
#719 = PCURVE('',#699,#720);
#720 = DEFINITIONAL_REPRESENTATION('',(#721),#725);
#721 = LINE('',#722,#723);
#722 = CARTESIAN_POINT('',(-3.120718656104,-2.527238873253));
#723 = VECTOR('',#724,1.);
#724 = DIRECTION('',(0.242748407057,-0.970089279846));
#725 = ( GEOMETRIC_REPRESENTATION_CONTEXT(2) 
PARAMETRIC_REPRESENTATION_CONTEXT() REPRESENTATION_CONTEXT('2D SPACE',''
  ) );
#726 = ORIENTED_EDGE('',*,*,#727,.T.);
#727 = EDGE_CURVE('',#712,#728,#730,.T.);
#728 = VERTEX_POINT('',#729);
#729 = CARTESIAN_POINT('',(-1.718348255691,27.664101645562,
    17.552427192409));
#730 = SURFACE_CURVE('',#731,(#735),.PCURVE_S1.);
#731 = LINE('',#732,#733);
#732 = CARTESIAN_POINT('',(-1.729560088061,27.593476197786,
    17.584599404211));
#733 = VECTOR('',#734,1.);
#734 = DIRECTION('',(0.142983058021,0.900677263422,-0.410288084489));
#735 = PCURVE('',#699,#736);
#736 = DEFINITIONAL_REPRESENTATION('',(#737),#741);
#737 = LINE('',#738,#739);
#738 = CARTESIAN_POINT('',(-3.10168385236,-2.603307174913));
#739 = VECTOR('',#740,1.);
#740 = DIRECTION('',(0.427339094472,-0.904091421448));
#741 = ( GEOMETRIC_REPRESENTATION_CONTEXT(2) 
PARAMETRIC_REPRESENTATION_CONTEXT() REPRESENTATION_CONTEXT('2D SPACE',''
  ) );
#742 = ORIENTED_EDGE('',*,*,#743,.T.);
#743 = EDGE_CURVE('',#728,#744,#746,.T.);
#744 = VERTEX_POINT('',#745);
#745 = CARTESIAN_POINT('',(-1.700022396565,27.726857402995,
    17.509130679069));
#746 = SURFACE_CURVE('',#747,(#751),.PCURVE_S1.);
#747 = LINE('',#748,#749);
#748 = CARTESIAN_POINT('',(-1.718348255691,27.664101645562,
    17.552427192409));
#749 = VECTOR('',#750,1.);
#750 = DIRECTION('',(0.233707327418,0.800316113354,-0.552154873036));
#751 = PCURVE('',#699,#752);
#752 = DEFINITIONAL_REPRESENTATION('',(#753),#757);
#753 = LINE('',#754,#755);
#754 = CARTESIAN_POINT('',(-3.068174607567,-2.674200339494));
#755 = VECTOR('',#756,1.);
#756 = DIRECTION('',(0.595507380141,-0.803349836744));
#757 = ( GEOMETRIC_REPRESENTATION_CONTEXT(2) 
PARAMETRIC_REPRESENTATION_CONTEXT() REPRESENTATION_CONTEXT('2D SPACE',''
  ) );
#758 = ORIENTED_EDGE('',*,*,#759,.T.);
#759 = EDGE_CURVE('',#744,#760,#762,.T.);
#760 = VERTEX_POINT('',#761);
#761 = CARTESIAN_POINT('',(-1.675286763172,27.779331801519,
    17.45637372492));
#762 = SURFACE_CURVE('',#763,(#767),.PCURVE_S1.);
#763 = LINE('',#764,#765);
#764 = CARTESIAN_POINT('',(-1.700022396565,27.726857402995,
    17.509130679069));
#765 = VECTOR('',#766,1.);
#766 = DIRECTION('',(0.315450355286,0.669199263871,-0.672802659466));
#767 = PCURVE('',#699,#768);
#768 = DEFINITIONAL_REPRESENTATION('',(#769),#773);
#769 = LINE('',#770,#771);
#770 = CARTESIAN_POINT('',(-3.02147866321,-2.73719398244));
#771 = VECTOR('',#772,1.);
#772 = DIRECTION('',(0.740790651156,-0.671735968338));
#773 = ( GEOMETRIC_REPRESENTATION_CONTEXT(2) 
PARAMETRIC_REPRESENTATION_CONTEXT() REPRESENTATION_CONTEXT('2D SPACE',''
  ) );
#774 = ORIENTED_EDGE('',*,*,#775,.T.);
#775 = EDGE_CURVE('',#760,#776,#778,.T.);
#776 = VERTEX_POINT('',#777);
#777 = CARTESIAN_POINT('',(-1.645091932032,27.819508279428,
    17.396183750121));
#778 = SURFACE_CURVE('',#779,(#783),.PCURVE_S1.);
#779 = LINE('',#780,#781);
#780 = CARTESIAN_POINT('',(-1.675286763172,27.779331801519,
    17.45637372492));
#781 = VECTOR('',#782,1.);
#782 = DIRECTION('',(0.385070802908,0.51236546197,-0.767595017003));
#783 = PCURVE('',#699,#784);
#784 = DEFINITIONAL_REPRESENTATION('',(#785),#789);
#785 = LINE('',#786,#787);
#786 = CARTESIAN_POINT('',(-2.963390518243,-2.789867293378));
#787 = VECTOR('',#788,1.);
#788 = DIRECTION('',(0.857605752887,-0.514307663383));
#789 = ( GEOMETRIC_REPRESENTATION_CONTEXT(2) 
PARAMETRIC_REPRESENTATION_CONTEXT() REPRESENTATION_CONTEXT('2D SPACE',''
  ) );
#790 = ORIENTED_EDGE('',*,*,#791,.T.);
#791 = EDGE_CURVE('',#776,#792,#794,.T.);
#792 = VERTEX_POINT('',#793);
#793 = CARTESIAN_POINT('',(-1.610598273571,27.845842877206,
    17.330873821651));
#794 = SURFACE_CURVE('',#795,(#799),.PCURVE_S1.);
#795 = LINE('',#796,#797);
#796 = CARTESIAN_POINT('',(-1.645091932032,27.819508279428,
    17.396183750121));
#797 = VECTOR('',#798,1.);
#798 = DIRECTION('',(0.439893195524,0.335841742702,-0.83288912851));
#799 = PCURVE('',#699,#800);
#800 = DEFINITIONAL_REPRESENTATION('',(#801),#805);
#801 = LINE('',#802,#803);
#802 = CARTESIAN_POINT('',(-2.8961424675,-2.83019606651));
#803 = VECTOR('',#804,1.);
#804 = DIRECTION('',(0.941463546486,-0.337114803351));
#805 = ( GEOMETRIC_REPRESENTATION_CONTEXT(2) 
PARAMETRIC_REPRESENTATION_CONTEXT() REPRESENTATION_CONTEXT('2D SPACE',''
  ) );
#806 = ORIENTED_EDGE('',*,*,#807,.T.);
#807 = EDGE_CURVE('',#792,#808,#810,.T.);
#808 = VERTEX_POINT('',#809);
#809 = CARTESIAN_POINT('',(-1.573131359741,27.85732357103,
    17.262953763433));
#810 = SURFACE_CURVE('',#811,(#815),.PCURVE_S1.);
#811 = LINE('',#812,#813);
#812 = CARTESIAN_POINT('',(-1.610598273571,27.845842877206,
    17.330873821651));
#813 = VECTOR('',#814,1.);
#814 = DIRECTION('',(0.477810739331,0.146411813605,-0.866175777898));
#815 = PCURVE('',#699,#816);
#816 = DEFINITIONAL_REPRESENTATION('',(#817),#821);
#817 = LINE('',#818,#819);
#818 = CARTESIAN_POINT('',(-2.822318815859,-2.856630489699));
#819 = VECTOR('',#820,1.);
#820 = DIRECTION('',(0.989141423972,-0.146966810483));
#821 = ( GEOMETRIC_REPRESENTATION_CONTEXT(2) 
PARAMETRIC_REPRESENTATION_CONTEXT() REPRESENTATION_CONTEXT('2D SPACE',''
  ) );
#822 = ORIENTED_EDGE('',*,*,#823,.T.);
#823 = EDGE_CURVE('',#808,#824,#826,.T.);
#824 = VERTEX_POINT('',#825);
#825 = CARTESIAN_POINT('',(0.974596909904,28.112748163242,
    12.737046236567));
#826 = SURFACE_CURVE('',#827,(#831),.PCURVE_S1.);
#827 = LINE('',#828,#829);
#828 = CARTESIAN_POINT('',(-1.573131359741,27.85732357103,
    17.262953763433));
#829 = VECTOR('',#830,1.);
#830 = DIRECTION('',(0.489947744163,4.9120113887E-02,-0.87036683209));
#831 = PCURVE('',#699,#832);
#832 = DEFINITIONAL_REPRESENTATION('',(#833),#837);
#833 = LINE('',#834,#835);
#834 = CARTESIAN_POINT('',(-2.744756564852,-2.868154702889));
#835 = VECTOR('',#836,1.);
#836 = DIRECTION('',(0.998783704142,-4.930631136068E-02));
#837 = ( GEOMETRIC_REPRESENTATION_CONTEXT(2) 
PARAMETRIC_REPRESENTATION_CONTEXT() REPRESENTATION_CONTEXT('2D SPACE',''
  ) );
#838 = ORIENTED_EDGE('',*,*,#839,.T.);
#839 = EDGE_CURVE('',#824,#840,#842,.T.);
#840 = VERTEX_POINT('',#841);
#841 = CARTESIAN_POINT('',(1.013597246618,28.108933756487,
    12.669126178349));
#842 = SURFACE_CURVE('',#843,(#847),.PCURVE_S1.);
#843 = LINE('',#844,#845);
#844 = CARTESIAN_POINT('',(0.974596909904,28.112748163242,
    12.737046236567));
#845 = VECTOR('',#846,1.);
#846 = DIRECTION('',(0.497366284385,-4.864463937987E-02,-0.866175777898)
  );
#847 = PCURVE('',#699,#848);
#848 = DEFINITIONAL_REPRESENTATION('',(#849),#853);
#849 = LINE('',#850,#851);
#850 = CARTESIAN_POINT('',(2.448918696688,-3.124547521964));
#851 = VECTOR('',#852,1.);
#852 = DIRECTION('',(0.998807151251,4.882903449308E-02));
#853 = ( GEOMETRIC_REPRESENTATION_CONTEXT(2) 
PARAMETRIC_REPRESENTATION_CONTEXT() REPRESENTATION_CONTEXT('2D SPACE',''
  ) );
#854 = ORIENTED_EDGE('',*,*,#855,.T.);
#855 = EDGE_CURVE('',#840,#856,#858,.T.);
#856 = VERTEX_POINT('',#857);
#857 = CARTESIAN_POINT('',(1.052632245146,28.089970834664,
    12.603816249879));
#858 = SURFACE_CURVE('',#859,(#863),.PCURVE_S1.);
#859 = LINE('',#860,#861);
#860 = CARTESIAN_POINT('',(1.013597246618,28.108933756487,
    12.669126178349));
#861 = VECTOR('',#862,1.);
#862 = DIRECTION('',(0.497808322056,-0.241831706154,-0.83288912851));
#863 = PCURVE('',#699,#864);
#864 = DEFINITIONAL_REPRESENTATION('',(#865),#869);
#865 = LINE('',#866,#867);
#866 = CARTESIAN_POINT('',(2.527238873253,-3.120718656104));
#867 = VECTOR('',#868,1.);
#868 = DIRECTION('',(0.970089279846,0.242748407057));
#869 = ( GEOMETRIC_REPRESENTATION_CONTEXT(2) 
PARAMETRIC_REPRESENTATION_CONTEXT() REPRESENTATION_CONTEXT('2D SPACE',''
  ) );
#870 = ORIENTED_EDGE('',*,*,#871,.T.);
#871 = EDGE_CURVE('',#856,#872,#874,.T.);
#872 = VERTEX_POINT('',#873);
#873 = CARTESIAN_POINT('',(1.090201812386,28.056588132226,12.54362627508
    ));
#874 = SURFACE_CURVE('',#875,(#879),.PCURVE_S1.);
#875 = LINE('',#876,#877);
#876 = CARTESIAN_POINT('',(1.052632245146,28.089970834664,
    12.603816249879));
#877 = VECTOR('',#878,1.);
#878 = DIRECTION('',(0.479119865085,-0.425725316081,-0.767595017003));
#879 = PCURVE('',#699,#880);
#880 = DEFINITIONAL_REPRESENTATION('',(#881),#885);
#881 = LINE('',#882,#883);
#882 = CARTESIAN_POINT('',(2.603307174913,-3.10168385236));
#883 = VECTOR('',#884,1.);
#884 = DIRECTION('',(0.904091421448,0.427339094472));
#885 = ( GEOMETRIC_REPRESENTATION_CONTEXT(2) 
PARAMETRIC_REPRESENTATION_CONTEXT() REPRESENTATION_CONTEXT('2D SPACE',''
  ) );
#886 = ORIENTED_EDGE('',*,*,#887,.T.);
#887 = EDGE_CURVE('',#872,#888,#890,.T.);
#888 = VERTEX_POINT('',#889);
#889 = CARTESIAN_POINT('',(1.12486217094,28.010068527705,12.490869320931
    ));
#890 = SURFACE_CURVE('',#891,(#895),.PCURVE_S1.);
#891 = LINE('',#892,#893);
#892 = CARTESIAN_POINT('',(1.090201812386,28.056588132226,12.54362627508
    ));
#893 = VECTOR('',#894,1.);
#894 = DIRECTION('',(0.442019100392,-0.593258540861,-0.672802659465));
#895 = PCURVE('',#699,#896);
#896 = DEFINITIONAL_REPRESENTATION('',(#897),#901);
#897 = LINE('',#898,#899);
#898 = CARTESIAN_POINT('',(2.674200339494,-3.068174607567));
#899 = VECTOR('',#900,1.);
#900 = DIRECTION('',(0.803349836744,0.595507380141));
#901 = ( GEOMETRIC_REPRESENTATION_CONTEXT(2) 
PARAMETRIC_REPRESENTATION_CONTEXT() REPRESENTATION_CONTEXT('2D SPACE',''
  ) );
#902 = ORIENTED_EDGE('',*,*,#903,.T.);
#903 = EDGE_CURVE('',#888,#904,#906,.T.);
#904 = VERTEX_POINT('',#905);
#905 = CARTESIAN_POINT('',(1.155281342664,27.952199743414,
    12.447572807591));
#906 = SURFACE_CURVE('',#907,(#911),.PCURVE_S1.);
#907 = LINE('',#908,#909);
#908 = CARTESIAN_POINT('',(1.12486217094,28.010068527705,12.490869320931
    ));
#909 = VECTOR('',#910,1.);
#910 = DIRECTION('',(0.387931789558,-0.737993172619,-0.552154873036));
#911 = PCURVE('',#699,#912);
#912 = DEFINITIONAL_REPRESENTATION('',(#913),#917);
#913 = LINE('',#914,#915);
#914 = CARTESIAN_POINT('',(2.73719398244,-3.02147866321));
#915 = VECTOR('',#916,1.);
#916 = DIRECTION('',(0.671735968338,0.740790651156));
#917 = ( GEOMETRIC_REPRESENTATION_CONTEXT(2) 
PARAMETRIC_REPRESENTATION_CONTEXT() REPRESENTATION_CONTEXT('2D SPACE',''
  ) );
#918 = ORIENTED_EDGE('',*,*,#919,.T.);
#919 = EDGE_CURVE('',#904,#920,#922,.T.);
#920 = VERTEX_POINT('',#921);
#921 = CARTESIAN_POINT('',(1.180290335849,27.885205644282,
    12.415400595789));
#922 = SURFACE_CURVE('',#923,(#927),.PCURVE_S1.);
#923 = LINE('',#924,#925);
#924 = CARTESIAN_POINT('',(1.155281342664,27.952199743414,
    12.447572807591));
#925 = VECTOR('',#926,1.);
#926 = DIRECTION('',(0.318936477606,-0.854367140624,-0.410288084489));
#927 = PCURVE('',#699,#928);
#928 = DEFINITIONAL_REPRESENTATION('',(#929),#933);
#929 = LINE('',#930,#931);
#930 = CARTESIAN_POINT('',(2.789867293378,-2.963390518243));
#931 = VECTOR('',#932,1.);
#932 = DIRECTION('',(0.514307663383,0.857605752887));
#933 = ( GEOMETRIC_REPRESENTATION_CONTEXT(2) 
PARAMETRIC_REPRESENTATION_CONTEXT() REPRESENTATION_CONTEXT('2D SPACE',''
  ) );
#934 = ORIENTED_EDGE('',*,*,#935,.T.);
#935 = EDGE_CURVE('',#920,#936,#938,.T.);
#936 = VERTEX_POINT('',#937);
#937 = CARTESIAN_POINT('',(1.198928068913,27.811660775966,
    12.395589045581));
#938 = SURFACE_CURVE('',#939,(#943),.PCURVE_S1.);
#939 = LINE('',#940,#941);
#940 = CARTESIAN_POINT('',(1.180290335849,27.885205644282,
    12.415400595789));
#941 = VECTOR('',#942,1.);
#942 = DIRECTION('',(0.237684615681,-0.93790825855,-0.252654154946));
#943 = PCURVE('',#699,#944);
#944 = DEFINITIONAL_REPRESENTATION('',(#945),#949);
#945 = LINE('',#946,#947);
#946 = CARTESIAN_POINT('',(2.83019606651,-2.8961424675));
#947 = VECTOR('',#948,1.);
#948 = DIRECTION('',(0.337114803351,0.941463546486));
#949 = ( GEOMETRIC_REPRESENTATION_CONTEXT(2) 
PARAMETRIC_REPRESENTATION_CONTEXT() REPRESENTATION_CONTEXT('2D SPACE',''
  ) );
#950 = ORIENTED_EDGE('',*,*,#951,.T.);
#951 = EDGE_CURVE('',#936,#952,#954,.T.);
#952 = VERTEX_POINT('',#953);
#953 = CARTESIAN_POINT('',(1.210478304225,27.734391426512,
    12.388899503731));
#954 = SURFACE_CURVE('',#955,(#959),.PCURVE_S1.);
#955 = LINE('',#956,#957);
#956 = CARTESIAN_POINT('',(1.198928068913,27.811660775966,
    12.395589045581));
#957 = VECTOR('',#958,1.);
#958 = DIRECTION('',(0.147298667271,-0.985406088085,-8.531086791913E-02)
  );
#959 = PCURVE('',#699,#960);
#960 = DEFINITIONAL_REPRESENTATION('',(#961),#965);
#961 = LINE('',#962,#963);
#962 = CARTESIAN_POINT('',(2.856630489699,-2.822318815859));
#963 = VECTOR('',#964,1.);
#964 = DIRECTION('',(0.146966810482,0.989141423972));
#965 = ( GEOMETRIC_REPRESENTATION_CONTEXT(2) 
PARAMETRIC_REPRESENTATION_CONTEXT() REPRESENTATION_CONTEXT('2D SPACE',''
  ) );
#966 = ORIENTED_EDGE('',*,*,#967,.T.);
#967 = EDGE_CURVE('',#952,#968,#970,.T.);
#968 = VERTEX_POINT('',#969);
#969 = CARTESIAN_POINT('',(1.72920816075,22.56032925681,12.388899503731)
  );
#970 = SURFACE_CURVE('',#971,(#975),.PCURVE_S1.);
#971 = LINE('',#972,#973);
#972 = CARTESIAN_POINT('',(1.210478304225,27.734391426512,
    12.388899503731));
#973 = VECTOR('',#974,1.);
#974 = DIRECTION('',(9.975574163943E-02,-0.995011955712,0.));
#975 = PCURVE('',#699,#976);
#976 = DEFINITIONAL_REPRESENTATION('',(#977),#981);
#977 = LINE('',#978,#979);
#978 = CARTESIAN_POINT('',(2.868154702889,-2.744756564852));
#979 = VECTOR('',#980,1.);
#980 = DIRECTION('',(4.930631136068E-02,0.998783704142));
#981 = ( GEOMETRIC_REPRESENTATION_CONTEXT(2) 
PARAMETRIC_REPRESENTATION_CONTEXT() REPRESENTATION_CONTEXT('2D SPACE',''
  ) );
#982 = ORIENTED_EDGE('',*,*,#983,.T.);
#983 = EDGE_CURVE('',#968,#984,#986,.T.);
#984 = VERTEX_POINT('',#985);
#985 = CARTESIAN_POINT('',(1.733227029245,22.482304843984,
    12.395589045581));
#986 = SURFACE_CURVE('',#987,(#991),.PCURVE_S1.);
#987 = LINE('',#988,#989);
#988 = CARTESIAN_POINT('',(1.72920816075,22.56032925681,12.388899503731)
  );
#989 = VECTOR('',#990,1.);
#990 = DIRECTION('',(5.125211368369E-02,-0.995035314277,
    8.531086791913E-02));
#991 = PCURVE('',#699,#992);
#992 = DEFINITIONAL_REPRESENTATION('',(#993),#997);
#993 = LINE('',#994,#995);
#994 = CARTESIAN_POINT('',(3.124547521964,2.448918696688));
#995 = VECTOR('',#996,1.);
#996 = DIRECTION('',(-4.882903449309E-02,0.998807151251));
#997 = ( GEOMETRIC_REPRESENTATION_CONTEXT(2) 
PARAMETRIC_REPRESENTATION_CONTEXT() REPRESENTATION_CONTEXT('2D SPACE',''
  ) );
#998 = ORIENTED_EDGE('',*,*,#999,.T.);
#999 = EDGE_CURVE('',#984,#1000,#1002,.T.);
#1000 = VERTEX_POINT('',#1001);
#1001 = CARTESIAN_POINT('',(1.729560088061,22.406523802214,
    12.415400595789));
#1002 = SURFACE_CURVE('',#1003,(#1007),.PCURVE_S1.);
#1003 = LINE('',#1004,#1005);
#1004 = CARTESIAN_POINT('',(1.733227029245,22.482304843984,
    12.395589045581));
#1005 = VECTOR('',#1006,1.);
#1006 = DIRECTION('',(-4.676402989012E-02,-0.966425891363,0.252654154946
    ));
#1007 = PCURVE('',#699,#1008);
#1008 = DEFINITIONAL_REPRESENTATION('',(#1009),#1013);
#1009 = LINE('',#1010,#1011);
#1010 = CARTESIAN_POINT('',(3.120718656104,2.527238873253));
#1011 = VECTOR('',#1012,1.);
#1012 = DIRECTION('',(-0.242748407057,0.970089279846));
#1013 = ( GEOMETRIC_REPRESENTATION_CONTEXT(2) 
PARAMETRIC_REPRESENTATION_CONTEXT() REPRESENTATION_CONTEXT('2D SPACE',''
  ) );
#1014 = ORIENTED_EDGE('',*,*,#1015,.T.);
#1015 = EDGE_CURVE('',#1000,#1016,#1018,.T.);
#1016 = VERTEX_POINT('',#1017);
#1017 = CARTESIAN_POINT('',(1.718348255691,22.335898354438,
    12.447572807591));
#1018 = SURFACE_CURVE('',#1019,(#1023),.PCURVE_S1.);
#1019 = LINE('',#1020,#1021);
#1020 = CARTESIAN_POINT('',(1.729560088061,22.406523802214,
    12.415400595789));
#1021 = VECTOR('',#1022,1.);
#1022 = DIRECTION('',(-0.142983058021,-0.900677263422,0.410288084489));
#1023 = PCURVE('',#699,#1024);
#1024 = DEFINITIONAL_REPRESENTATION('',(#1025),#1029);
#1025 = LINE('',#1026,#1027);
#1026 = CARTESIAN_POINT('',(3.10168385236,2.603307174913));
#1027 = VECTOR('',#1028,1.);
#1028 = DIRECTION('',(-0.427339094472,0.904091421448));
#1029 = ( GEOMETRIC_REPRESENTATION_CONTEXT(2) 
PARAMETRIC_REPRESENTATION_CONTEXT() REPRESENTATION_CONTEXT('2D SPACE',''
  ) );
#1030 = ORIENTED_EDGE('',*,*,#1031,.T.);
#1031 = EDGE_CURVE('',#1016,#1032,#1034,.T.);
#1032 = VERTEX_POINT('',#1033);
#1033 = CARTESIAN_POINT('',(1.700022396565,22.273142597005,
    12.490869320931));
#1034 = SURFACE_CURVE('',#1035,(#1039),.PCURVE_S1.);
#1035 = LINE('',#1036,#1037);
#1036 = CARTESIAN_POINT('',(1.718348255691,22.335898354438,
    12.447572807591));
#1037 = VECTOR('',#1038,1.);
#1038 = DIRECTION('',(-0.233707327418,-0.800316113354,0.552154873036));
#1039 = PCURVE('',#699,#1040);
#1040 = DEFINITIONAL_REPRESENTATION('',(#1041),#1045);
#1041 = LINE('',#1042,#1043);
#1042 = CARTESIAN_POINT('',(3.068174607567,2.674200339494));
#1043 = VECTOR('',#1044,1.);
#1044 = DIRECTION('',(-0.595507380141,0.803349836744));
#1045 = ( GEOMETRIC_REPRESENTATION_CONTEXT(2) 
PARAMETRIC_REPRESENTATION_CONTEXT() REPRESENTATION_CONTEXT('2D SPACE',''
  ) );
#1046 = ORIENTED_EDGE('',*,*,#1047,.T.);
#1047 = EDGE_CURVE('',#1032,#1048,#1050,.T.);
#1048 = VERTEX_POINT('',#1049);
#1049 = CARTESIAN_POINT('',(1.675286763172,22.220668198481,
    12.54362627508));
#1050 = SURFACE_CURVE('',#1051,(#1055),.PCURVE_S1.);
#1051 = LINE('',#1052,#1053);
#1052 = CARTESIAN_POINT('',(1.700022396565,22.273142597005,
    12.490869320931));
#1053 = VECTOR('',#1054,1.);
#1054 = DIRECTION('',(-0.315450355286,-0.669199263871,0.672802659466));
#1055 = PCURVE('',#699,#1056);
#1056 = DEFINITIONAL_REPRESENTATION('',(#1057),#1061);
#1057 = LINE('',#1058,#1059);
#1058 = CARTESIAN_POINT('',(3.02147866321,2.73719398244));
#1059 = VECTOR('',#1060,1.);
#1060 = DIRECTION('',(-0.740790651156,0.671735968338));
#1061 = ( GEOMETRIC_REPRESENTATION_CONTEXT(2) 
PARAMETRIC_REPRESENTATION_CONTEXT() REPRESENTATION_CONTEXT('2D SPACE',''
  ) );
#1062 = ORIENTED_EDGE('',*,*,#1063,.T.);
#1063 = EDGE_CURVE('',#1048,#1064,#1066,.T.);
#1064 = VERTEX_POINT('',#1065);
#1065 = CARTESIAN_POINT('',(1.645091932032,22.180491720572,
    12.603816249879));
#1066 = SURFACE_CURVE('',#1067,(#1071),.PCURVE_S1.);
#1067 = LINE('',#1068,#1069);
#1068 = CARTESIAN_POINT('',(1.675286763172,22.220668198481,
    12.54362627508));
#1069 = VECTOR('',#1070,1.);
#1070 = DIRECTION('',(-0.385070802908,-0.51236546197,0.767595017003));
#1071 = PCURVE('',#699,#1072);
#1072 = DEFINITIONAL_REPRESENTATION('',(#1073),#1077);
#1073 = LINE('',#1074,#1075);
#1074 = CARTESIAN_POINT('',(2.963390518243,2.789867293378));
#1075 = VECTOR('',#1076,1.);
#1076 = DIRECTION('',(-0.857605752887,0.514307663383));
#1077 = ( GEOMETRIC_REPRESENTATION_CONTEXT(2) 
PARAMETRIC_REPRESENTATION_CONTEXT() REPRESENTATION_CONTEXT('2D SPACE',''
  ) );
#1078 = ORIENTED_EDGE('',*,*,#1079,.T.);
#1079 = EDGE_CURVE('',#1064,#1080,#1082,.T.);
#1080 = VERTEX_POINT('',#1081);
#1081 = CARTESIAN_POINT('',(1.610598273571,22.154157122794,
    12.669126178349));
#1082 = SURFACE_CURVE('',#1083,(#1087),.PCURVE_S1.);
#1083 = LINE('',#1084,#1085);
#1084 = CARTESIAN_POINT('',(1.645091932032,22.180491720572,
    12.603816249879));
#1085 = VECTOR('',#1086,1.);
#1086 = DIRECTION('',(-0.439893195524,-0.335841742702,0.83288912851));
#1087 = PCURVE('',#699,#1088);
#1088 = DEFINITIONAL_REPRESENTATION('',(#1089),#1093);
#1089 = LINE('',#1090,#1091);
#1090 = CARTESIAN_POINT('',(2.8961424675,2.83019606651));
#1091 = VECTOR('',#1092,1.);
#1092 = DIRECTION('',(-0.941463546486,0.337114803351));
#1093 = ( GEOMETRIC_REPRESENTATION_CONTEXT(2) 
PARAMETRIC_REPRESENTATION_CONTEXT() REPRESENTATION_CONTEXT('2D SPACE',''
  ) );
#1094 = ORIENTED_EDGE('',*,*,#1095,.T.);
#1095 = EDGE_CURVE('',#1080,#1096,#1098,.T.);
#1096 = VERTEX_POINT('',#1097);
#1097 = CARTESIAN_POINT('',(1.573131359741,22.14267642897,
    12.737046236567));
#1098 = SURFACE_CURVE('',#1099,(#1103),.PCURVE_S1.);
#1099 = LINE('',#1100,#1101);
#1100 = CARTESIAN_POINT('',(1.610598273571,22.154157122794,
    12.669126178349));
#1101 = VECTOR('',#1102,1.);
#1102 = DIRECTION('',(-0.477810739331,-0.146411813605,0.866175777898));
#1103 = PCURVE('',#699,#1104);
#1104 = DEFINITIONAL_REPRESENTATION('',(#1105),#1109);
#1105 = LINE('',#1106,#1107);
#1106 = CARTESIAN_POINT('',(2.822318815859,2.856630489699));
#1107 = VECTOR('',#1108,1.);
#1108 = DIRECTION('',(-0.989141423972,0.146966810483));
#1109 = ( GEOMETRIC_REPRESENTATION_CONTEXT(2) 
PARAMETRIC_REPRESENTATION_CONTEXT() REPRESENTATION_CONTEXT('2D SPACE',''
  ) );
#1110 = ORIENTED_EDGE('',*,*,#1111,.T.);
#1111 = EDGE_CURVE('',#1096,#1112,#1114,.T.);
#1112 = VERTEX_POINT('',#1113);
#1113 = CARTESIAN_POINT('',(-0.974596909904,21.887251836758,
    17.262953763433));
#1114 = SURFACE_CURVE('',#1115,(#1119),.PCURVE_S1.);
#1115 = LINE('',#1116,#1117);
#1116 = CARTESIAN_POINT('',(1.573131359741,22.14267642897,
    12.737046236567));
#1117 = VECTOR('',#1118,1.);
#1118 = DIRECTION('',(-0.489947744163,-4.9120113887E-02,0.87036683209));
#1119 = PCURVE('',#699,#1120);
#1120 = DEFINITIONAL_REPRESENTATION('',(#1121),#1125);
#1121 = LINE('',#1122,#1123);
#1122 = CARTESIAN_POINT('',(2.744756564852,2.868154702889));
#1123 = VECTOR('',#1124,1.);
#1124 = DIRECTION('',(-0.998783704142,4.930631136068E-02));
#1125 = ( GEOMETRIC_REPRESENTATION_CONTEXT(2) 
PARAMETRIC_REPRESENTATION_CONTEXT() REPRESENTATION_CONTEXT('2D SPACE',''
  ) );
#1126 = ORIENTED_EDGE('',*,*,#1127,.T.);
#1127 = EDGE_CURVE('',#1112,#1128,#1130,.T.);
#1128 = VERTEX_POINT('',#1129);
#1129 = CARTESIAN_POINT('',(-1.013597246618,21.891066243513,
    17.330873821651));
#1130 = SURFACE_CURVE('',#1131,(#1135),.PCURVE_S1.);
#1131 = LINE('',#1132,#1133);
#1132 = CARTESIAN_POINT('',(-0.974596909904,21.887251836758,
    17.262953763433));
#1133 = VECTOR('',#1134,1.);
#1134 = DIRECTION('',(-0.497366284385,4.864463937988E-02,0.866175777898)
  );
#1135 = PCURVE('',#699,#1136);
#1136 = DEFINITIONAL_REPRESENTATION('',(#1137),#1141);
#1137 = LINE('',#1138,#1139);
#1138 = CARTESIAN_POINT('',(-2.448918696688,3.124547521964));
#1139 = VECTOR('',#1140,1.);
#1140 = DIRECTION('',(-0.998807151251,-4.882903449308E-02));
#1141 = ( GEOMETRIC_REPRESENTATION_CONTEXT(2) 
PARAMETRIC_REPRESENTATION_CONTEXT() REPRESENTATION_CONTEXT('2D SPACE',''
  ) );
#1142 = ORIENTED_EDGE('',*,*,#1143,.T.);
#1143 = EDGE_CURVE('',#1128,#1144,#1146,.T.);
#1144 = VERTEX_POINT('',#1145);
#1145 = CARTESIAN_POINT('',(-1.052632245146,21.910029165336,
    17.396183750121));
#1146 = SURFACE_CURVE('',#1147,(#1151),.PCURVE_S1.);
#1147 = LINE('',#1148,#1149);
#1148 = CARTESIAN_POINT('',(-1.013597246618,21.891066243513,
    17.330873821651));
#1149 = VECTOR('',#1150,1.);
#1150 = DIRECTION('',(-0.497808322056,0.241831706154,0.83288912851));
#1151 = PCURVE('',#699,#1152);
#1152 = DEFINITIONAL_REPRESENTATION('',(#1153),#1157);
#1153 = LINE('',#1154,#1155);
#1154 = CARTESIAN_POINT('',(-2.527238873253,3.120718656104));
#1155 = VECTOR('',#1156,1.);
#1156 = DIRECTION('',(-0.970089279846,-0.242748407057));
#1157 = ( GEOMETRIC_REPRESENTATION_CONTEXT(2) 
PARAMETRIC_REPRESENTATION_CONTEXT() REPRESENTATION_CONTEXT('2D SPACE',''
  ) );
#1158 = ORIENTED_EDGE('',*,*,#1159,.T.);
#1159 = EDGE_CURVE('',#1144,#1160,#1162,.T.);
#1160 = VERTEX_POINT('',#1161);
#1161 = CARTESIAN_POINT('',(-1.090201812386,21.943411867774,
    17.45637372492));
#1162 = SURFACE_CURVE('',#1163,(#1167),.PCURVE_S1.);
#1163 = LINE('',#1164,#1165);
#1164 = CARTESIAN_POINT('',(-1.052632245146,21.910029165336,
    17.396183750121));
#1165 = VECTOR('',#1166,1.);
#1166 = DIRECTION('',(-0.479119865085,0.425725316081,0.767595017003));
#1167 = PCURVE('',#699,#1168);
#1168 = DEFINITIONAL_REPRESENTATION('',(#1169),#1173);
#1169 = LINE('',#1170,#1171);
#1170 = CARTESIAN_POINT('',(-2.603307174913,3.10168385236));
#1171 = VECTOR('',#1172,1.);
#1172 = DIRECTION('',(-0.904091421448,-0.427339094472));
#1173 = ( GEOMETRIC_REPRESENTATION_CONTEXT(2) 
PARAMETRIC_REPRESENTATION_CONTEXT() REPRESENTATION_CONTEXT('2D SPACE',''
  ) );
#1174 = ORIENTED_EDGE('',*,*,#1175,.T.);
#1175 = EDGE_CURVE('',#1160,#1176,#1178,.T.);
#1176 = VERTEX_POINT('',#1177);
#1177 = CARTESIAN_POINT('',(-1.12486217094,21.989931472295,
    17.509130679069));
#1178 = SURFACE_CURVE('',#1179,(#1183),.PCURVE_S1.);
#1179 = LINE('',#1180,#1181);
#1180 = CARTESIAN_POINT('',(-1.090201812386,21.943411867774,
    17.45637372492));
#1181 = VECTOR('',#1182,1.);
#1182 = DIRECTION('',(-0.442019100392,0.593258540861,0.672802659465));
#1183 = PCURVE('',#699,#1184);
#1184 = DEFINITIONAL_REPRESENTATION('',(#1185),#1189);
#1185 = LINE('',#1186,#1187);
#1186 = CARTESIAN_POINT('',(-2.674200339494,3.068174607567));
#1187 = VECTOR('',#1188,1.);
#1188 = DIRECTION('',(-0.803349836744,-0.595507380141));
#1189 = ( GEOMETRIC_REPRESENTATION_CONTEXT(2) 
PARAMETRIC_REPRESENTATION_CONTEXT() REPRESENTATION_CONTEXT('2D SPACE',''
  ) );
#1190 = ORIENTED_EDGE('',*,*,#1191,.T.);
#1191 = EDGE_CURVE('',#1176,#1192,#1194,.T.);
#1192 = VERTEX_POINT('',#1193);
#1193 = CARTESIAN_POINT('',(-1.155281342664,22.047800256586,
    17.552427192409));
#1194 = SURFACE_CURVE('',#1195,(#1199),.PCURVE_S1.);
#1195 = LINE('',#1196,#1197);
#1196 = CARTESIAN_POINT('',(-1.12486217094,21.989931472295,
    17.509130679069));
#1197 = VECTOR('',#1198,1.);
#1198 = DIRECTION('',(-0.387931789558,0.737993172619,0.552154873036));
#1199 = PCURVE('',#699,#1200);
#1200 = DEFINITIONAL_REPRESENTATION('',(#1201),#1205);
#1201 = LINE('',#1202,#1203);
#1202 = CARTESIAN_POINT('',(-2.73719398244,3.02147866321));
#1203 = VECTOR('',#1204,1.);
#1204 = DIRECTION('',(-0.671735968338,-0.740790651156));
#1205 = ( GEOMETRIC_REPRESENTATION_CONTEXT(2) 
PARAMETRIC_REPRESENTATION_CONTEXT() REPRESENTATION_CONTEXT('2D SPACE',''
  ) );
#1206 = ORIENTED_EDGE('',*,*,#1207,.T.);
#1207 = EDGE_CURVE('',#1192,#1208,#1210,.T.);
#1208 = VERTEX_POINT('',#1209);
#1209 = CARTESIAN_POINT('',(-1.180290335849,22.114794355718,
    17.584599404211));
#1210 = SURFACE_CURVE('',#1211,(#1215),.PCURVE_S1.);
#1211 = LINE('',#1212,#1213);
#1212 = CARTESIAN_POINT('',(-1.155281342664,22.047800256586,
    17.552427192409));
#1213 = VECTOR('',#1214,1.);
#1214 = DIRECTION('',(-0.318936477606,0.854367140624,0.410288084489));
#1215 = PCURVE('',#699,#1216);
#1216 = DEFINITIONAL_REPRESENTATION('',(#1217),#1221);
#1217 = LINE('',#1218,#1219);
#1218 = CARTESIAN_POINT('',(-2.789867293378,2.963390518243));
#1219 = VECTOR('',#1220,1.);
#1220 = DIRECTION('',(-0.514307663383,-0.857605752887));
#1221 = ( GEOMETRIC_REPRESENTATION_CONTEXT(2) 
PARAMETRIC_REPRESENTATION_CONTEXT() REPRESENTATION_CONTEXT('2D SPACE',''
  ) );
#1222 = ORIENTED_EDGE('',*,*,#1223,.T.);
#1223 = EDGE_CURVE('',#1208,#1224,#1226,.T.);
#1224 = VERTEX_POINT('',#1225);
#1225 = CARTESIAN_POINT('',(-1.198928068913,22.188339224034,
    17.604410954419));
#1226 = SURFACE_CURVE('',#1227,(#1231),.PCURVE_S1.);
#1227 = LINE('',#1228,#1229);
#1228 = CARTESIAN_POINT('',(-1.180290335849,22.114794355718,
    17.584599404211));
#1229 = VECTOR('',#1230,1.);
#1230 = DIRECTION('',(-0.237684615681,0.93790825855,0.252654154946));
#1231 = PCURVE('',#699,#1232);
#1232 = DEFINITIONAL_REPRESENTATION('',(#1233),#1237);
#1233 = LINE('',#1234,#1235);
#1234 = CARTESIAN_POINT('',(-2.83019606651,2.8961424675));
#1235 = VECTOR('',#1236,1.);
#1236 = DIRECTION('',(-0.337114803351,-0.941463546486));
#1237 = ( GEOMETRIC_REPRESENTATION_CONTEXT(2) 
PARAMETRIC_REPRESENTATION_CONTEXT() REPRESENTATION_CONTEXT('2D SPACE',''
  ) );
#1238 = ORIENTED_EDGE('',*,*,#1239,.T.);
#1239 = EDGE_CURVE('',#1224,#1240,#1242,.T.);
#1240 = VERTEX_POINT('',#1241);
#1241 = CARTESIAN_POINT('',(-1.210478304225,22.265608573488,
    17.611100496269));
#1242 = SURFACE_CURVE('',#1243,(#1247),.PCURVE_S1.);
#1243 = LINE('',#1244,#1245);
#1244 = CARTESIAN_POINT('',(-1.198928068913,22.188339224034,
    17.604410954419));
#1245 = VECTOR('',#1246,1.);
#1246 = DIRECTION('',(-0.147298667271,0.985406088085,8.531086791913E-02)
  );
#1247 = PCURVE('',#699,#1248);
#1248 = DEFINITIONAL_REPRESENTATION('',(#1249),#1253);
#1249 = LINE('',#1250,#1251);
#1250 = CARTESIAN_POINT('',(-2.856630489699,2.822318815859));
#1251 = VECTOR('',#1252,1.);
#1252 = DIRECTION('',(-0.146966810482,-0.989141423972));
#1253 = ( GEOMETRIC_REPRESENTATION_CONTEXT(2) 
PARAMETRIC_REPRESENTATION_CONTEXT() REPRESENTATION_CONTEXT('2D SPACE',''
  ) );
#1254 = ORIENTED_EDGE('',*,*,#1255,.T.);
#1255 = EDGE_CURVE('',#1240,#689,#1256,.T.);
#1256 = SURFACE_CURVE('',#1257,(#1261),.PCURVE_S1.);
#1257 = LINE('',#1258,#1259);
#1258 = CARTESIAN_POINT('',(-1.210478304225,22.265608573488,
    17.611100496269));
#1259 = VECTOR('',#1260,1.);
#1260 = DIRECTION('',(-9.975574163943E-02,0.995011955712,0.));
#1261 = PCURVE('',#699,#1262);
#1262 = DEFINITIONAL_REPRESENTATION('',(#1263),#1267);
#1263 = LINE('',#1264,#1265);
#1264 = CARTESIAN_POINT('',(-2.868154702889,2.744756564852));
#1265 = VECTOR('',#1266,1.);
#1266 = DIRECTION('',(-4.930631136068E-02,-0.998783704142));
#1267 = ( GEOMETRIC_REPRESENTATION_CONTEXT(2) 
PARAMETRIC_REPRESENTATION_CONTEXT() REPRESENTATION_CONTEXT('2D SPACE',''
  ) );
#1268 = ( GEOMETRIC_REPRESENTATION_CONTEXT(3) 
GLOBAL_UNCERTAINTY_ASSIGNED_CONTEXT((#1272)) 
GLOBAL_UNIT_ASSIGNED_CONTEXT((#1269,#1270,#1271)) REPRESENTATION_CONTEXT
('Context #1','3D Context with UNIT and UNCERTAINTY') );
#1269 = ( LENGTH_UNIT() NAMED_UNIT(*) SI_UNIT(.MILLI.,.METRE.) );
#1270 = ( NAMED_UNIT(*) PLANE_ANGLE_UNIT() SI_UNIT($,.RADIAN.) );
#1271 = ( NAMED_UNIT(*) SI_UNIT($,.STERADIAN.) SOLID_ANGLE_UNIT() );
#1272 = UNCERTAINTY_MEASURE_WITH_UNIT(LENGTH_MEASURE(1.E-07),#1269,
  'distance_accuracy_value','confusion accuracy');
#1273 = CONTEXT_DEPENDENT_SHAPE_REPRESENTATION(#1274,#1276);
#1274 = ( REPRESENTATION_RELATIONSHIP('','',#681,#10) 
REPRESENTATION_RELATIONSHIP_WITH_TRANSFORMATION(#1275) 
SHAPE_REPRESENTATION_RELATIONSHIP() );
#1275 = ITEM_DEFINED_TRANSFORMATION('','',#11,#19);
#1276 = PRODUCT_DEFINITION_SHAPE('Placement','Placement of an item',
  #1277);
#1277 = NEXT_ASSEMBLY_USAGE_OCCURRENCE('2','','',#5,#676,$);
#1278 = PRODUCT_RELATED_PRODUCT_CATEGORY('part',$,(#678));
#1279 = SHAPE_DEFINITION_REPRESENTATION(#1280,#1286);
#1280 = PRODUCT_DEFINITION_SHAPE('','',#1281);
#1281 = PRODUCT_DEFINITION('design','',#1282,#1285);
#1282 = PRODUCT_DEFINITION_FORMATION('','',#1283);
#1283 = PRODUCT('Open CASCADE STEP translator 7.8 1.3',
  'Open CASCADE STEP translator 7.8 1.3','',(#1284));
#1284 = PRODUCT_CONTEXT('',#2,'mechanical');
#1285 = PRODUCT_DEFINITION_CONTEXT('part definition',#2,'design');
#1286 = MANIFOLD_SURFACE_SHAPE_REPRESENTATION('',(#11,#1287),#1873);
#1287 = SHELL_BASED_SURFACE_MODEL('',(#1288));
#1288 = OPEN_SHELL('',(#1289));
#1289 = ADVANCED_FACE('',(#1290),#1304,.T.);
#1290 = FACE_BOUND('',#1291,.T.);
#1291 = EDGE_LOOP('',(#1292,#1315,#1331,#1347,#1363,#1379,#1395,#1411,
    #1427,#1443,#1459,#1475,#1491,#1507,#1523,#1539,#1555,#1571,#1587,
    #1603,#1619,#1635,#1651,#1667,#1683,#1699,#1715,#1731,#1747,#1763,
    #1779,#1795,#1811,#1827,#1843,#1859));
#1292 = ORIENTED_EDGE('',*,*,#1293,.T.);
#1293 = EDGE_CURVE('',#1294,#1296,#1298,.T.);
#1294 = VERTEX_POINT('',#1295);
#1295 = CARTESIAN_POINT('',(-1.210478304225,-22.26560857348,
    17.611100496269));
#1296 = VERTEX_POINT('',#1297);
#1297 = CARTESIAN_POINT('',(-1.198928068913,-22.18833922403,
    17.604410954419));
#1298 = SURFACE_CURVE('',#1299,(#1303),.PCURVE_S1.);
#1299 = LINE('',#1300,#1301);
#1300 = CARTESIAN_POINT('',(-1.210478304225,-22.26560857348,
    17.611100496269));
#1301 = VECTOR('',#1302,1.);
#1302 = DIRECTION('',(0.147298667271,0.985406088085,-8.531086791913E-02)
  );
#1303 = PCURVE('',#1304,#1309);
#1304 = PLANE('',#1305);
#1305 = AXIS2_PLACEMENT_3D('',#1306,#1307,#1308);
#1306 = CARTESIAN_POINT('',(9.526034157627E-17,-25.,15.));
#1307 = DIRECTION('',(-0.866025403784,8.682408883347E-02,-0.492403876506
    ));
#1308 = DIRECTION('',(0.494270410408,6.938893903907E-18,-0.869308208517)
  );
#1309 = DEFINITIONAL_REPRESENTATION('',(#1310),#1314);
#1310 = LINE('',#1311,#1312);
#1311 = CARTESIAN_POINT('',(-2.868154702889,-2.744756564852));
#1312 = VECTOR('',#1313,1.);
#1313 = DIRECTION('',(0.146966810482,-0.989141423972));
#1314 = ( GEOMETRIC_REPRESENTATION_CONTEXT(2) 
PARAMETRIC_REPRESENTATION_CONTEXT() REPRESENTATION_CONTEXT('2D SPACE',''
  ) );
#1315 = ORIENTED_EDGE('',*,*,#1316,.T.);
#1316 = EDGE_CURVE('',#1296,#1317,#1319,.T.);
#1317 = VERTEX_POINT('',#1318);
#1318 = CARTESIAN_POINT('',(-1.180290335849,-22.11479435571,
    17.584599404211));
#1319 = SURFACE_CURVE('',#1320,(#1324),.PCURVE_S1.);
#1320 = LINE('',#1321,#1322);
#1321 = CARTESIAN_POINT('',(-1.198928068913,-22.18833922403,
    17.604410954419));
#1322 = VECTOR('',#1323,1.);
#1323 = DIRECTION('',(0.237684615681,0.93790825855,-0.252654154946));
#1324 = PCURVE('',#1304,#1325);
#1325 = DEFINITIONAL_REPRESENTATION('',(#1326),#1330);
#1326 = LINE('',#1327,#1328);
#1327 = CARTESIAN_POINT('',(-2.856630489699,-2.822318815859));
#1328 = VECTOR('',#1329,1.);
#1329 = DIRECTION('',(0.337114803351,-0.941463546486));
#1330 = ( GEOMETRIC_REPRESENTATION_CONTEXT(2) 
PARAMETRIC_REPRESENTATION_CONTEXT() REPRESENTATION_CONTEXT('2D SPACE',''
  ) );
#1331 = ORIENTED_EDGE('',*,*,#1332,.T.);
#1332 = EDGE_CURVE('',#1317,#1333,#1335,.T.);
#1333 = VERTEX_POINT('',#1334);
#1334 = CARTESIAN_POINT('',(-1.155281342664,-22.04780025658,
    17.552427192409));
#1335 = SURFACE_CURVE('',#1336,(#1340),.PCURVE_S1.);
#1336 = LINE('',#1337,#1338);
#1337 = CARTESIAN_POINT('',(-1.180290335849,-22.11479435571,
    17.584599404211));
#1338 = VECTOR('',#1339,1.);
#1339 = DIRECTION('',(0.318936477606,0.854367140624,-0.410288084489));
#1340 = PCURVE('',#1304,#1341);
#1341 = DEFINITIONAL_REPRESENTATION('',(#1342),#1346);
#1342 = LINE('',#1343,#1344);
#1343 = CARTESIAN_POINT('',(-2.83019606651,-2.8961424675));
#1344 = VECTOR('',#1345,1.);
#1345 = DIRECTION('',(0.514307663383,-0.857605752887));
#1346 = ( GEOMETRIC_REPRESENTATION_CONTEXT(2) 
PARAMETRIC_REPRESENTATION_CONTEXT() REPRESENTATION_CONTEXT('2D SPACE',''
  ) );
#1347 = ORIENTED_EDGE('',*,*,#1348,.T.);
#1348 = EDGE_CURVE('',#1333,#1349,#1351,.T.);
#1349 = VERTEX_POINT('',#1350);
#1350 = CARTESIAN_POINT('',(-1.12486217094,-21.98993147229,
    17.509130679069));
#1351 = SURFACE_CURVE('',#1352,(#1356),.PCURVE_S1.);
#1352 = LINE('',#1353,#1354);
#1353 = CARTESIAN_POINT('',(-1.155281342664,-22.04780025658,
    17.552427192409));
#1354 = VECTOR('',#1355,1.);
#1355 = DIRECTION('',(0.387931789558,0.737993172619,-0.552154873036));
#1356 = PCURVE('',#1304,#1357);
#1357 = DEFINITIONAL_REPRESENTATION('',(#1358),#1362);
#1358 = LINE('',#1359,#1360);
#1359 = CARTESIAN_POINT('',(-2.789867293378,-2.963390518243));
#1360 = VECTOR('',#1361,1.);
#1361 = DIRECTION('',(0.671735968338,-0.740790651156));
#1362 = ( GEOMETRIC_REPRESENTATION_CONTEXT(2) 
PARAMETRIC_REPRESENTATION_CONTEXT() REPRESENTATION_CONTEXT('2D SPACE',''
  ) );
#1363 = ORIENTED_EDGE('',*,*,#1364,.T.);
#1364 = EDGE_CURVE('',#1349,#1365,#1367,.T.);
#1365 = VERTEX_POINT('',#1366);
#1366 = CARTESIAN_POINT('',(-1.090201812386,-21.94341186777,
    17.45637372492));
#1367 = SURFACE_CURVE('',#1368,(#1372),.PCURVE_S1.);
#1368 = LINE('',#1369,#1370);
#1369 = CARTESIAN_POINT('',(-1.12486217094,-21.98993147229,
    17.509130679069));
#1370 = VECTOR('',#1371,1.);
#1371 = DIRECTION('',(0.442019100392,0.593258540861,-0.672802659465));
#1372 = PCURVE('',#1304,#1373);
#1373 = DEFINITIONAL_REPRESENTATION('',(#1374),#1378);
#1374 = LINE('',#1375,#1376);
#1375 = CARTESIAN_POINT('',(-2.73719398244,-3.02147866321));
#1376 = VECTOR('',#1377,1.);
#1377 = DIRECTION('',(0.803349836744,-0.595507380141));
#1378 = ( GEOMETRIC_REPRESENTATION_CONTEXT(2) 
PARAMETRIC_REPRESENTATION_CONTEXT() REPRESENTATION_CONTEXT('2D SPACE',''
  ) );
#1379 = ORIENTED_EDGE('',*,*,#1380,.T.);
#1380 = EDGE_CURVE('',#1365,#1381,#1383,.T.);
#1381 = VERTEX_POINT('',#1382);
#1382 = CARTESIAN_POINT('',(-1.052632245146,-21.91002916533,
    17.396183750121));
#1383 = SURFACE_CURVE('',#1384,(#1388),.PCURVE_S1.);
#1384 = LINE('',#1385,#1386);
#1385 = CARTESIAN_POINT('',(-1.090201812386,-21.94341186777,
    17.45637372492));
#1386 = VECTOR('',#1387,1.);
#1387 = DIRECTION('',(0.479119865085,0.425725316081,-0.767595017003));
#1388 = PCURVE('',#1304,#1389);
#1389 = DEFINITIONAL_REPRESENTATION('',(#1390),#1394);
#1390 = LINE('',#1391,#1392);
#1391 = CARTESIAN_POINT('',(-2.674200339494,-3.068174607567));
#1392 = VECTOR('',#1393,1.);
#1393 = DIRECTION('',(0.904091421448,-0.427339094472));
#1394 = ( GEOMETRIC_REPRESENTATION_CONTEXT(2) 
PARAMETRIC_REPRESENTATION_CONTEXT() REPRESENTATION_CONTEXT('2D SPACE',''
  ) );
#1395 = ORIENTED_EDGE('',*,*,#1396,.T.);
#1396 = EDGE_CURVE('',#1381,#1397,#1399,.T.);
#1397 = VERTEX_POINT('',#1398);
#1398 = CARTESIAN_POINT('',(-1.013597246618,-21.89106624351,
    17.330873821651));
#1399 = SURFACE_CURVE('',#1400,(#1404),.PCURVE_S1.);
#1400 = LINE('',#1401,#1402);
#1401 = CARTESIAN_POINT('',(-1.052632245146,-21.91002916533,
    17.396183750121));
#1402 = VECTOR('',#1403,1.);
#1403 = DIRECTION('',(0.497808322056,0.241831706154,-0.83288912851));
#1404 = PCURVE('',#1304,#1405);
#1405 = DEFINITIONAL_REPRESENTATION('',(#1406),#1410);
#1406 = LINE('',#1407,#1408);
#1407 = CARTESIAN_POINT('',(-2.603307174913,-3.10168385236));
#1408 = VECTOR('',#1409,1.);
#1409 = DIRECTION('',(0.970089279846,-0.242748407057));
#1410 = ( GEOMETRIC_REPRESENTATION_CONTEXT(2) 
PARAMETRIC_REPRESENTATION_CONTEXT() REPRESENTATION_CONTEXT('2D SPACE',''
  ) );
#1411 = ORIENTED_EDGE('',*,*,#1412,.T.);
#1412 = EDGE_CURVE('',#1397,#1413,#1415,.T.);
#1413 = VERTEX_POINT('',#1414);
#1414 = CARTESIAN_POINT('',(-0.974596909904,-21.88725183675,
    17.262953763433));
#1415 = SURFACE_CURVE('',#1416,(#1420),.PCURVE_S1.);
#1416 = LINE('',#1417,#1418);
#1417 = CARTESIAN_POINT('',(-1.013597246618,-21.89106624351,
    17.330873821651));
#1418 = VECTOR('',#1419,1.);
#1419 = DIRECTION('',(0.497366284385,4.864463937988E-02,-0.866175777898)
  );
#1420 = PCURVE('',#1304,#1421);
#1421 = DEFINITIONAL_REPRESENTATION('',(#1422),#1426);
#1422 = LINE('',#1423,#1424);
#1423 = CARTESIAN_POINT('',(-2.527238873253,-3.120718656104));
#1424 = VECTOR('',#1425,1.);
#1425 = DIRECTION('',(0.998807151251,-4.882903449308E-02));
#1426 = ( GEOMETRIC_REPRESENTATION_CONTEXT(2) 
PARAMETRIC_REPRESENTATION_CONTEXT() REPRESENTATION_CONTEXT('2D SPACE',''
  ) );
#1427 = ORIENTED_EDGE('',*,*,#1428,.T.);
#1428 = EDGE_CURVE('',#1413,#1429,#1431,.T.);
#1429 = VERTEX_POINT('',#1430);
#1430 = CARTESIAN_POINT('',(1.573131359741,-22.14267642897,
    12.737046236567));
#1431 = SURFACE_CURVE('',#1432,(#1436),.PCURVE_S1.);
#1432 = LINE('',#1433,#1434);
#1433 = CARTESIAN_POINT('',(-0.974596909904,-21.88725183675,
    17.262953763433));
#1434 = VECTOR('',#1435,1.);
#1435 = DIRECTION('',(0.489947744163,-4.9120113887E-02,-0.87036683209));
#1436 = PCURVE('',#1304,#1437);
#1437 = DEFINITIONAL_REPRESENTATION('',(#1438),#1442);
#1438 = LINE('',#1439,#1440);
#1439 = CARTESIAN_POINT('',(-2.448918696688,-3.124547521964));
#1440 = VECTOR('',#1441,1.);
#1441 = DIRECTION('',(0.998783704142,4.930631136068E-02));
#1442 = ( GEOMETRIC_REPRESENTATION_CONTEXT(2) 
PARAMETRIC_REPRESENTATION_CONTEXT() REPRESENTATION_CONTEXT('2D SPACE',''
  ) );
#1443 = ORIENTED_EDGE('',*,*,#1444,.T.);
#1444 = EDGE_CURVE('',#1429,#1445,#1447,.T.);
#1445 = VERTEX_POINT('',#1446);
#1446 = CARTESIAN_POINT('',(1.610598273571,-22.15415712279,
    12.669126178349));
#1447 = SURFACE_CURVE('',#1448,(#1452),.PCURVE_S1.);
#1448 = LINE('',#1449,#1450);
#1449 = CARTESIAN_POINT('',(1.573131359741,-22.14267642897,
    12.737046236567));
#1450 = VECTOR('',#1451,1.);
#1451 = DIRECTION('',(0.477810739331,-0.146411813605,-0.866175777898));
#1452 = PCURVE('',#1304,#1453);
#1453 = DEFINITIONAL_REPRESENTATION('',(#1454),#1458);
#1454 = LINE('',#1455,#1456);
#1455 = CARTESIAN_POINT('',(2.744756564852,-2.868154702889));
#1456 = VECTOR('',#1457,1.);
#1457 = DIRECTION('',(0.989141423972,0.146966810483));
#1458 = ( GEOMETRIC_REPRESENTATION_CONTEXT(2) 
PARAMETRIC_REPRESENTATION_CONTEXT() REPRESENTATION_CONTEXT('2D SPACE',''
  ) );
#1459 = ORIENTED_EDGE('',*,*,#1460,.T.);
#1460 = EDGE_CURVE('',#1445,#1461,#1463,.T.);
#1461 = VERTEX_POINT('',#1462);
#1462 = CARTESIAN_POINT('',(1.645091932032,-22.18049172057,
    12.603816249879));
#1463 = SURFACE_CURVE('',#1464,(#1468),.PCURVE_S1.);
#1464 = LINE('',#1465,#1466);
#1465 = CARTESIAN_POINT('',(1.610598273571,-22.15415712279,
    12.669126178349));
#1466 = VECTOR('',#1467,1.);
#1467 = DIRECTION('',(0.439893195524,-0.335841742702,-0.83288912851));
#1468 = PCURVE('',#1304,#1469);
#1469 = DEFINITIONAL_REPRESENTATION('',(#1470),#1474);
#1470 = LINE('',#1471,#1472);
#1471 = CARTESIAN_POINT('',(2.822318815859,-2.856630489699));
#1472 = VECTOR('',#1473,1.);
#1473 = DIRECTION('',(0.941463546486,0.337114803351));
#1474 = ( GEOMETRIC_REPRESENTATION_CONTEXT(2) 
PARAMETRIC_REPRESENTATION_CONTEXT() REPRESENTATION_CONTEXT('2D SPACE',''
  ) );
#1475 = ORIENTED_EDGE('',*,*,#1476,.T.);
#1476 = EDGE_CURVE('',#1461,#1477,#1479,.T.);
#1477 = VERTEX_POINT('',#1478);
#1478 = CARTESIAN_POINT('',(1.675286763172,-22.22066819848,
    12.54362627508));
#1479 = SURFACE_CURVE('',#1480,(#1484),.PCURVE_S1.);
#1480 = LINE('',#1481,#1482);
#1481 = CARTESIAN_POINT('',(1.645091932032,-22.18049172057,
    12.603816249879));
#1482 = VECTOR('',#1483,1.);
#1483 = DIRECTION('',(0.385070802908,-0.51236546197,-0.767595017003));
#1484 = PCURVE('',#1304,#1485);
#1485 = DEFINITIONAL_REPRESENTATION('',(#1486),#1490);
#1486 = LINE('',#1487,#1488);
#1487 = CARTESIAN_POINT('',(2.8961424675,-2.83019606651));
#1488 = VECTOR('',#1489,1.);
#1489 = DIRECTION('',(0.857605752887,0.514307663383));
#1490 = ( GEOMETRIC_REPRESENTATION_CONTEXT(2) 
PARAMETRIC_REPRESENTATION_CONTEXT() REPRESENTATION_CONTEXT('2D SPACE',''
  ) );
#1491 = ORIENTED_EDGE('',*,*,#1492,.T.);
#1492 = EDGE_CURVE('',#1477,#1493,#1495,.T.);
#1493 = VERTEX_POINT('',#1494);
#1494 = CARTESIAN_POINT('',(1.700022396565,-22.273142597,12.490869320931
    ));
#1495 = SURFACE_CURVE('',#1496,(#1500),.PCURVE_S1.);
#1496 = LINE('',#1497,#1498);
#1497 = CARTESIAN_POINT('',(1.675286763172,-22.22066819848,
    12.54362627508));
#1498 = VECTOR('',#1499,1.);
#1499 = DIRECTION('',(0.315450355286,-0.669199263871,-0.672802659466));
#1500 = PCURVE('',#1304,#1501);
#1501 = DEFINITIONAL_REPRESENTATION('',(#1502),#1506);
#1502 = LINE('',#1503,#1504);
#1503 = CARTESIAN_POINT('',(2.963390518243,-2.789867293378));
#1504 = VECTOR('',#1505,1.);
#1505 = DIRECTION('',(0.740790651156,0.671735968338));
#1506 = ( GEOMETRIC_REPRESENTATION_CONTEXT(2) 
PARAMETRIC_REPRESENTATION_CONTEXT() REPRESENTATION_CONTEXT('2D SPACE',''
  ) );
#1507 = ORIENTED_EDGE('',*,*,#1508,.T.);
#1508 = EDGE_CURVE('',#1493,#1509,#1511,.T.);
#1509 = VERTEX_POINT('',#1510);
#1510 = CARTESIAN_POINT('',(1.718348255691,-22.33589835443,
    12.447572807591));
#1511 = SURFACE_CURVE('',#1512,(#1516),.PCURVE_S1.);
#1512 = LINE('',#1513,#1514);
#1513 = CARTESIAN_POINT('',(1.700022396565,-22.273142597,12.490869320931
    ));
#1514 = VECTOR('',#1515,1.);
#1515 = DIRECTION('',(0.233707327418,-0.800316113354,-0.552154873036));
#1516 = PCURVE('',#1304,#1517);
#1517 = DEFINITIONAL_REPRESENTATION('',(#1518),#1522);
#1518 = LINE('',#1519,#1520);
#1519 = CARTESIAN_POINT('',(3.02147866321,-2.73719398244));
#1520 = VECTOR('',#1521,1.);
#1521 = DIRECTION('',(0.595507380141,0.803349836744));
#1522 = ( GEOMETRIC_REPRESENTATION_CONTEXT(2) 
PARAMETRIC_REPRESENTATION_CONTEXT() REPRESENTATION_CONTEXT('2D SPACE',''
  ) );
#1523 = ORIENTED_EDGE('',*,*,#1524,.T.);
#1524 = EDGE_CURVE('',#1509,#1525,#1527,.T.);
#1525 = VERTEX_POINT('',#1526);
#1526 = CARTESIAN_POINT('',(1.729560088061,-22.40652380221,
    12.415400595789));
#1527 = SURFACE_CURVE('',#1528,(#1532),.PCURVE_S1.);
#1528 = LINE('',#1529,#1530);
#1529 = CARTESIAN_POINT('',(1.718348255691,-22.33589835443,
    12.447572807591));
#1530 = VECTOR('',#1531,1.);
#1531 = DIRECTION('',(0.142983058021,-0.900677263422,-0.410288084489));
#1532 = PCURVE('',#1304,#1533);
#1533 = DEFINITIONAL_REPRESENTATION('',(#1534),#1538);
#1534 = LINE('',#1535,#1536);
#1535 = CARTESIAN_POINT('',(3.068174607567,-2.674200339494));
#1536 = VECTOR('',#1537,1.);
#1537 = DIRECTION('',(0.427339094472,0.904091421448));
#1538 = ( GEOMETRIC_REPRESENTATION_CONTEXT(2) 
PARAMETRIC_REPRESENTATION_CONTEXT() REPRESENTATION_CONTEXT('2D SPACE',''
  ) );
#1539 = ORIENTED_EDGE('',*,*,#1540,.T.);
#1540 = EDGE_CURVE('',#1525,#1541,#1543,.T.);
#1541 = VERTEX_POINT('',#1542);
#1542 = CARTESIAN_POINT('',(1.733227029245,-22.48230484398,
    12.395589045581));
#1543 = SURFACE_CURVE('',#1544,(#1548),.PCURVE_S1.);
#1544 = LINE('',#1545,#1546);
#1545 = CARTESIAN_POINT('',(1.729560088061,-22.40652380221,
    12.415400595789));
#1546 = VECTOR('',#1547,1.);
#1547 = DIRECTION('',(4.676402989012E-02,-0.966425891363,-0.252654154946
    ));
#1548 = PCURVE('',#1304,#1549);
#1549 = DEFINITIONAL_REPRESENTATION('',(#1550),#1554);
#1550 = LINE('',#1551,#1552);
#1551 = CARTESIAN_POINT('',(3.10168385236,-2.603307174913));
#1552 = VECTOR('',#1553,1.);
#1553 = DIRECTION('',(0.242748407057,0.970089279846));
#1554 = ( GEOMETRIC_REPRESENTATION_CONTEXT(2) 
PARAMETRIC_REPRESENTATION_CONTEXT() REPRESENTATION_CONTEXT('2D SPACE',''
  ) );
#1555 = ORIENTED_EDGE('',*,*,#1556,.T.);
#1556 = EDGE_CURVE('',#1541,#1557,#1559,.T.);
#1557 = VERTEX_POINT('',#1558);
#1558 = CARTESIAN_POINT('',(1.72920816075,-22.56032925681,
    12.388899503731));
#1559 = SURFACE_CURVE('',#1560,(#1564),.PCURVE_S1.);
#1560 = LINE('',#1561,#1562);
#1561 = CARTESIAN_POINT('',(1.733227029245,-22.48230484398,
    12.395589045581));
#1562 = VECTOR('',#1563,1.);
#1563 = DIRECTION('',(-5.125211368369E-02,-0.995035314277,
    -8.531086791913E-02));
#1564 = PCURVE('',#1304,#1565);
#1565 = DEFINITIONAL_REPRESENTATION('',(#1566),#1570);
#1566 = LINE('',#1567,#1568);
#1567 = CARTESIAN_POINT('',(3.120718656104,-2.527238873253));
#1568 = VECTOR('',#1569,1.);
#1569 = DIRECTION('',(4.882903449309E-02,0.998807151251));
#1570 = ( GEOMETRIC_REPRESENTATION_CONTEXT(2) 
PARAMETRIC_REPRESENTATION_CONTEXT() REPRESENTATION_CONTEXT('2D SPACE',''
  ) );
#1571 = ORIENTED_EDGE('',*,*,#1572,.T.);
#1572 = EDGE_CURVE('',#1557,#1573,#1575,.T.);
#1573 = VERTEX_POINT('',#1574);
#1574 = CARTESIAN_POINT('',(1.210478304225,-27.73439142651,
    12.388899503731));
#1575 = SURFACE_CURVE('',#1576,(#1580),.PCURVE_S1.);
#1576 = LINE('',#1577,#1578);
#1577 = CARTESIAN_POINT('',(1.72920816075,-22.56032925681,
    12.388899503731));
#1578 = VECTOR('',#1579,1.);
#1579 = DIRECTION('',(-9.975574163943E-02,-0.995011955712,0.));
#1580 = PCURVE('',#1304,#1581);
#1581 = DEFINITIONAL_REPRESENTATION('',(#1582),#1586);
#1582 = LINE('',#1583,#1584);
#1583 = CARTESIAN_POINT('',(3.124547521964,-2.448918696688));
#1584 = VECTOR('',#1585,1.);
#1585 = DIRECTION('',(-4.930631136068E-02,0.998783704142));
#1586 = ( GEOMETRIC_REPRESENTATION_CONTEXT(2) 
PARAMETRIC_REPRESENTATION_CONTEXT() REPRESENTATION_CONTEXT('2D SPACE',''
  ) );
#1587 = ORIENTED_EDGE('',*,*,#1588,.T.);
#1588 = EDGE_CURVE('',#1573,#1589,#1591,.T.);
#1589 = VERTEX_POINT('',#1590);
#1590 = CARTESIAN_POINT('',(1.198928068913,-27.81166077596,
    12.395589045581));
#1591 = SURFACE_CURVE('',#1592,(#1596),.PCURVE_S1.);
#1592 = LINE('',#1593,#1594);
#1593 = CARTESIAN_POINT('',(1.210478304225,-27.73439142651,
    12.388899503731));
#1594 = VECTOR('',#1595,1.);
#1595 = DIRECTION('',(-0.147298667271,-0.985406088085,8.531086791913E-02
    ));
#1596 = PCURVE('',#1304,#1597);
#1597 = DEFINITIONAL_REPRESENTATION('',(#1598),#1602);
#1598 = LINE('',#1599,#1600);
#1599 = CARTESIAN_POINT('',(2.868154702889,2.744756564852));
#1600 = VECTOR('',#1601,1.);
#1601 = DIRECTION('',(-0.146966810482,0.989141423972));
#1602 = ( GEOMETRIC_REPRESENTATION_CONTEXT(2) 
PARAMETRIC_REPRESENTATION_CONTEXT() REPRESENTATION_CONTEXT('2D SPACE',''
  ) );
#1603 = ORIENTED_EDGE('',*,*,#1604,.T.);
#1604 = EDGE_CURVE('',#1589,#1605,#1607,.T.);
#1605 = VERTEX_POINT('',#1606);
#1606 = CARTESIAN_POINT('',(1.180290335849,-27.88520564428,
    12.415400595789));
#1607 = SURFACE_CURVE('',#1608,(#1612),.PCURVE_S1.);
#1608 = LINE('',#1609,#1610);
#1609 = CARTESIAN_POINT('',(1.198928068913,-27.81166077596,
    12.395589045581));
#1610 = VECTOR('',#1611,1.);
#1611 = DIRECTION('',(-0.237684615681,-0.93790825855,0.252654154946));
#1612 = PCURVE('',#1304,#1613);
#1613 = DEFINITIONAL_REPRESENTATION('',(#1614),#1618);
#1614 = LINE('',#1615,#1616);
#1615 = CARTESIAN_POINT('',(2.856630489699,2.822318815859));
#1616 = VECTOR('',#1617,1.);
#1617 = DIRECTION('',(-0.337114803351,0.941463546486));
#1618 = ( GEOMETRIC_REPRESENTATION_CONTEXT(2) 
PARAMETRIC_REPRESENTATION_CONTEXT() REPRESENTATION_CONTEXT('2D SPACE',''
  ) );
#1619 = ORIENTED_EDGE('',*,*,#1620,.T.);
#1620 = EDGE_CURVE('',#1605,#1621,#1623,.T.);
#1621 = VERTEX_POINT('',#1622);
#1622 = CARTESIAN_POINT('',(1.155281342664,-27.95219974341,
    12.447572807591));
#1623 = SURFACE_CURVE('',#1624,(#1628),.PCURVE_S1.);
#1624 = LINE('',#1625,#1626);
#1625 = CARTESIAN_POINT('',(1.180290335849,-27.88520564428,
    12.415400595789));
#1626 = VECTOR('',#1627,1.);
#1627 = DIRECTION('',(-0.318936477606,-0.854367140624,0.410288084489));
#1628 = PCURVE('',#1304,#1629);
#1629 = DEFINITIONAL_REPRESENTATION('',(#1630),#1634);
#1630 = LINE('',#1631,#1632);
#1631 = CARTESIAN_POINT('',(2.83019606651,2.8961424675));
#1632 = VECTOR('',#1633,1.);
#1633 = DIRECTION('',(-0.514307663383,0.857605752887));
#1634 = ( GEOMETRIC_REPRESENTATION_CONTEXT(2) 
PARAMETRIC_REPRESENTATION_CONTEXT() REPRESENTATION_CONTEXT('2D SPACE',''
  ) );
#1635 = ORIENTED_EDGE('',*,*,#1636,.T.);
#1636 = EDGE_CURVE('',#1621,#1637,#1639,.T.);
#1637 = VERTEX_POINT('',#1638);
#1638 = CARTESIAN_POINT('',(1.12486217094,-28.0100685277,12.490869320931
    ));
#1639 = SURFACE_CURVE('',#1640,(#1644),.PCURVE_S1.);
#1640 = LINE('',#1641,#1642);
#1641 = CARTESIAN_POINT('',(1.155281342664,-27.95219974341,
    12.447572807591));
#1642 = VECTOR('',#1643,1.);
#1643 = DIRECTION('',(-0.387931789558,-0.737993172619,0.552154873036));
#1644 = PCURVE('',#1304,#1645);
#1645 = DEFINITIONAL_REPRESENTATION('',(#1646),#1650);
#1646 = LINE('',#1647,#1648);
#1647 = CARTESIAN_POINT('',(2.789867293378,2.963390518242));
#1648 = VECTOR('',#1649,1.);
#1649 = DIRECTION('',(-0.671735968338,0.740790651156));
#1650 = ( GEOMETRIC_REPRESENTATION_CONTEXT(2) 
PARAMETRIC_REPRESENTATION_CONTEXT() REPRESENTATION_CONTEXT('2D SPACE',''
  ) );
#1651 = ORIENTED_EDGE('',*,*,#1652,.T.);
#1652 = EDGE_CURVE('',#1637,#1653,#1655,.T.);
#1653 = VERTEX_POINT('',#1654);
#1654 = CARTESIAN_POINT('',(1.090201812386,-28.05658813222,
    12.54362627508));
#1655 = SURFACE_CURVE('',#1656,(#1660),.PCURVE_S1.);
#1656 = LINE('',#1657,#1658);
#1657 = CARTESIAN_POINT('',(1.12486217094,-28.0100685277,12.490869320931
    ));
#1658 = VECTOR('',#1659,1.);
#1659 = DIRECTION('',(-0.442019100392,-0.593258540861,0.672802659465));
#1660 = PCURVE('',#1304,#1661);
#1661 = DEFINITIONAL_REPRESENTATION('',(#1662),#1666);
#1662 = LINE('',#1663,#1664);
#1663 = CARTESIAN_POINT('',(2.73719398244,3.02147866321));
#1664 = VECTOR('',#1665,1.);
#1665 = DIRECTION('',(-0.803349836744,0.595507380141));
#1666 = ( GEOMETRIC_REPRESENTATION_CONTEXT(2) 
PARAMETRIC_REPRESENTATION_CONTEXT() REPRESENTATION_CONTEXT('2D SPACE',''
  ) );
#1667 = ORIENTED_EDGE('',*,*,#1668,.T.);
#1668 = EDGE_CURVE('',#1653,#1669,#1671,.T.);
#1669 = VERTEX_POINT('',#1670);
#1670 = CARTESIAN_POINT('',(1.052632245146,-28.08997083466,
    12.603816249879));
#1671 = SURFACE_CURVE('',#1672,(#1676),.PCURVE_S1.);
#1672 = LINE('',#1673,#1674);
#1673 = CARTESIAN_POINT('',(1.090201812386,-28.05658813222,
    12.54362627508));
#1674 = VECTOR('',#1675,1.);
#1675 = DIRECTION('',(-0.479119865085,-0.425725316081,0.767595017003));
#1676 = PCURVE('',#1304,#1677);
#1677 = DEFINITIONAL_REPRESENTATION('',(#1678),#1682);
#1678 = LINE('',#1679,#1680);
#1679 = CARTESIAN_POINT('',(2.674200339494,3.068174607567));
#1680 = VECTOR('',#1681,1.);
#1681 = DIRECTION('',(-0.904091421448,0.427339094472));
#1682 = ( GEOMETRIC_REPRESENTATION_CONTEXT(2) 
PARAMETRIC_REPRESENTATION_CONTEXT() REPRESENTATION_CONTEXT('2D SPACE',''
  ) );
#1683 = ORIENTED_EDGE('',*,*,#1684,.T.);
#1684 = EDGE_CURVE('',#1669,#1685,#1687,.T.);
#1685 = VERTEX_POINT('',#1686);
#1686 = CARTESIAN_POINT('',(1.013597246618,-28.10893375648,
    12.669126178349));
#1687 = SURFACE_CURVE('',#1688,(#1692),.PCURVE_S1.);
#1688 = LINE('',#1689,#1690);
#1689 = CARTESIAN_POINT('',(1.052632245146,-28.08997083466,
    12.603816249879));
#1690 = VECTOR('',#1691,1.);
#1691 = DIRECTION('',(-0.497808322056,-0.241831706154,0.83288912851));
#1692 = PCURVE('',#1304,#1693);
#1693 = DEFINITIONAL_REPRESENTATION('',(#1694),#1698);
#1694 = LINE('',#1695,#1696);
#1695 = CARTESIAN_POINT('',(2.603307174913,3.10168385236));
#1696 = VECTOR('',#1697,1.);
#1697 = DIRECTION('',(-0.970089279846,0.242748407057));
#1698 = ( GEOMETRIC_REPRESENTATION_CONTEXT(2) 
PARAMETRIC_REPRESENTATION_CONTEXT() REPRESENTATION_CONTEXT('2D SPACE',''
  ) );
#1699 = ORIENTED_EDGE('',*,*,#1700,.T.);
#1700 = EDGE_CURVE('',#1685,#1701,#1703,.T.);
#1701 = VERTEX_POINT('',#1702);
#1702 = CARTESIAN_POINT('',(0.974596909904,-28.11274816324,
    12.737046236567));
#1703 = SURFACE_CURVE('',#1704,(#1708),.PCURVE_S1.);
#1704 = LINE('',#1705,#1706);
#1705 = CARTESIAN_POINT('',(1.013597246618,-28.10893375648,
    12.669126178349));
#1706 = VECTOR('',#1707,1.);
#1707 = DIRECTION('',(-0.497366284385,-4.864463937987E-02,0.866175777898
    ));
#1708 = PCURVE('',#1304,#1709);
#1709 = DEFINITIONAL_REPRESENTATION('',(#1710),#1714);
#1710 = LINE('',#1711,#1712);
#1711 = CARTESIAN_POINT('',(2.527238873253,3.120718656103));
#1712 = VECTOR('',#1713,1.);
#1713 = DIRECTION('',(-0.998807151251,4.882903449308E-02));
#1714 = ( GEOMETRIC_REPRESENTATION_CONTEXT(2) 
PARAMETRIC_REPRESENTATION_CONTEXT() REPRESENTATION_CONTEXT('2D SPACE',''
  ) );
#1715 = ORIENTED_EDGE('',*,*,#1716,.T.);
#1716 = EDGE_CURVE('',#1701,#1717,#1719,.T.);
#1717 = VERTEX_POINT('',#1718);
#1718 = CARTESIAN_POINT('',(-1.573131359741,-27.85732357103,
    17.262953763433));
#1719 = SURFACE_CURVE('',#1720,(#1724),.PCURVE_S1.);
#1720 = LINE('',#1721,#1722);
#1721 = CARTESIAN_POINT('',(0.974596909904,-28.11274816324,
    12.737046236567));
#1722 = VECTOR('',#1723,1.);
#1723 = DIRECTION('',(-0.489947744163,4.9120113887E-02,0.87036683209));
#1724 = PCURVE('',#1304,#1725);
#1725 = DEFINITIONAL_REPRESENTATION('',(#1726),#1730);
#1726 = LINE('',#1727,#1728);
#1727 = CARTESIAN_POINT('',(2.448918696688,3.124547521964));
#1728 = VECTOR('',#1729,1.);
#1729 = DIRECTION('',(-0.998783704142,-4.930631136068E-02));
#1730 = ( GEOMETRIC_REPRESENTATION_CONTEXT(2) 
PARAMETRIC_REPRESENTATION_CONTEXT() REPRESENTATION_CONTEXT('2D SPACE',''
  ) );
#1731 = ORIENTED_EDGE('',*,*,#1732,.T.);
#1732 = EDGE_CURVE('',#1717,#1733,#1735,.T.);
#1733 = VERTEX_POINT('',#1734);
#1734 = CARTESIAN_POINT('',(-1.610598273571,-27.8458428772,
    17.330873821651));
#1735 = SURFACE_CURVE('',#1736,(#1740),.PCURVE_S1.);
#1736 = LINE('',#1737,#1738);
#1737 = CARTESIAN_POINT('',(-1.573131359741,-27.85732357103,
    17.262953763433));
#1738 = VECTOR('',#1739,1.);
#1739 = DIRECTION('',(-0.477810739331,0.146411813605,0.866175777898));
#1740 = PCURVE('',#1304,#1741);
#1741 = DEFINITIONAL_REPRESENTATION('',(#1742),#1746);
#1742 = LINE('',#1743,#1744);
#1743 = CARTESIAN_POINT('',(-2.744756564852,2.868154702889));
#1744 = VECTOR('',#1745,1.);
#1745 = DIRECTION('',(-0.989141423972,-0.146966810483));
#1746 = ( GEOMETRIC_REPRESENTATION_CONTEXT(2) 
PARAMETRIC_REPRESENTATION_CONTEXT() REPRESENTATION_CONTEXT('2D SPACE',''
  ) );
#1747 = ORIENTED_EDGE('',*,*,#1748,.T.);
#1748 = EDGE_CURVE('',#1733,#1749,#1751,.T.);
#1749 = VERTEX_POINT('',#1750);
#1750 = CARTESIAN_POINT('',(-1.645091932032,-27.81950827942,
    17.396183750121));
#1751 = SURFACE_CURVE('',#1752,(#1756),.PCURVE_S1.);
#1752 = LINE('',#1753,#1754);
#1753 = CARTESIAN_POINT('',(-1.610598273571,-27.8458428772,
    17.330873821651));
#1754 = VECTOR('',#1755,1.);
#1755 = DIRECTION('',(-0.439893195524,0.335841742702,0.83288912851));
#1756 = PCURVE('',#1304,#1757);
#1757 = DEFINITIONAL_REPRESENTATION('',(#1758),#1762);
#1758 = LINE('',#1759,#1760);
#1759 = CARTESIAN_POINT('',(-2.822318815859,2.856630489699));
#1760 = VECTOR('',#1761,1.);
#1761 = DIRECTION('',(-0.941463546486,-0.337114803351));
#1762 = ( GEOMETRIC_REPRESENTATION_CONTEXT(2) 
PARAMETRIC_REPRESENTATION_CONTEXT() REPRESENTATION_CONTEXT('2D SPACE',''
  ) );
#1763 = ORIENTED_EDGE('',*,*,#1764,.T.);
#1764 = EDGE_CURVE('',#1749,#1765,#1767,.T.);
#1765 = VERTEX_POINT('',#1766);
#1766 = CARTESIAN_POINT('',(-1.675286763172,-27.77933180151,
    17.45637372492));
#1767 = SURFACE_CURVE('',#1768,(#1772),.PCURVE_S1.);
#1768 = LINE('',#1769,#1770);
#1769 = CARTESIAN_POINT('',(-1.645091932032,-27.81950827942,
    17.396183750121));
#1770 = VECTOR('',#1771,1.);
#1771 = DIRECTION('',(-0.385070802908,0.51236546197,0.767595017003));
#1772 = PCURVE('',#1304,#1773);
#1773 = DEFINITIONAL_REPRESENTATION('',(#1774),#1778);
#1774 = LINE('',#1775,#1776);
#1775 = CARTESIAN_POINT('',(-2.8961424675,2.83019606651));
#1776 = VECTOR('',#1777,1.);
#1777 = DIRECTION('',(-0.857605752887,-0.514307663383));
#1778 = ( GEOMETRIC_REPRESENTATION_CONTEXT(2) 
PARAMETRIC_REPRESENTATION_CONTEXT() REPRESENTATION_CONTEXT('2D SPACE',''
  ) );
#1779 = ORIENTED_EDGE('',*,*,#1780,.T.);
#1780 = EDGE_CURVE('',#1765,#1781,#1783,.T.);
#1781 = VERTEX_POINT('',#1782);
#1782 = CARTESIAN_POINT('',(-1.700022396565,-27.72685740299,
    17.509130679069));
#1783 = SURFACE_CURVE('',#1784,(#1788),.PCURVE_S1.);
#1784 = LINE('',#1785,#1786);
#1785 = CARTESIAN_POINT('',(-1.675286763172,-27.77933180151,
    17.45637372492));
#1786 = VECTOR('',#1787,1.);
#1787 = DIRECTION('',(-0.315450355286,0.669199263871,0.672802659466));
#1788 = PCURVE('',#1304,#1789);
#1789 = DEFINITIONAL_REPRESENTATION('',(#1790),#1794);
#1790 = LINE('',#1791,#1792);
#1791 = CARTESIAN_POINT('',(-2.963390518243,2.789867293378));
#1792 = VECTOR('',#1793,1.);
#1793 = DIRECTION('',(-0.740790651156,-0.671735968338));
#1794 = ( GEOMETRIC_REPRESENTATION_CONTEXT(2) 
PARAMETRIC_REPRESENTATION_CONTEXT() REPRESENTATION_CONTEXT('2D SPACE',''
  ) );
#1795 = ORIENTED_EDGE('',*,*,#1796,.T.);
#1796 = EDGE_CURVE('',#1781,#1797,#1799,.T.);
#1797 = VERTEX_POINT('',#1798);
#1798 = CARTESIAN_POINT('',(-1.718348255691,-27.66410164556,
    17.552427192409));
#1799 = SURFACE_CURVE('',#1800,(#1804),.PCURVE_S1.);
#1800 = LINE('',#1801,#1802);
#1801 = CARTESIAN_POINT('',(-1.700022396565,-27.72685740299,
    17.509130679069));
#1802 = VECTOR('',#1803,1.);
#1803 = DIRECTION('',(-0.233707327418,0.800316113354,0.552154873036));
#1804 = PCURVE('',#1304,#1805);
#1805 = DEFINITIONAL_REPRESENTATION('',(#1806),#1810);
#1806 = LINE('',#1807,#1808);
#1807 = CARTESIAN_POINT('',(-3.02147866321,2.73719398244));
#1808 = VECTOR('',#1809,1.);
#1809 = DIRECTION('',(-0.595507380141,-0.803349836744));
#1810 = ( GEOMETRIC_REPRESENTATION_CONTEXT(2) 
PARAMETRIC_REPRESENTATION_CONTEXT() REPRESENTATION_CONTEXT('2D SPACE',''
  ) );
#1811 = ORIENTED_EDGE('',*,*,#1812,.T.);
#1812 = EDGE_CURVE('',#1797,#1813,#1815,.T.);
#1813 = VERTEX_POINT('',#1814);
#1814 = CARTESIAN_POINT('',(-1.729560088061,-27.59347619778,
    17.584599404211));
#1815 = SURFACE_CURVE('',#1816,(#1820),.PCURVE_S1.);
#1816 = LINE('',#1817,#1818);
#1817 = CARTESIAN_POINT('',(-1.718348255691,-27.66410164556,
    17.552427192409));
#1818 = VECTOR('',#1819,1.);
#1819 = DIRECTION('',(-0.142983058021,0.900677263422,0.410288084489));
#1820 = PCURVE('',#1304,#1821);
#1821 = DEFINITIONAL_REPRESENTATION('',(#1822),#1826);
#1822 = LINE('',#1823,#1824);
#1823 = CARTESIAN_POINT('',(-3.068174607567,2.674200339494));
#1824 = VECTOR('',#1825,1.);
#1825 = DIRECTION('',(-0.427339094472,-0.904091421448));
#1826 = ( GEOMETRIC_REPRESENTATION_CONTEXT(2) 
PARAMETRIC_REPRESENTATION_CONTEXT() REPRESENTATION_CONTEXT('2D SPACE',''
  ) );
#1827 = ORIENTED_EDGE('',*,*,#1828,.T.);
#1828 = EDGE_CURVE('',#1813,#1829,#1831,.T.);
#1829 = VERTEX_POINT('',#1830);
#1830 = CARTESIAN_POINT('',(-1.733227029245,-27.51769515601,
    17.604410954419));
#1831 = SURFACE_CURVE('',#1832,(#1836),.PCURVE_S1.);
#1832 = LINE('',#1833,#1834);
#1833 = CARTESIAN_POINT('',(-1.729560088061,-27.59347619778,
    17.584599404211));
#1834 = VECTOR('',#1835,1.);
#1835 = DIRECTION('',(-4.676402989012E-02,0.966425891363,0.252654154946)
  );
#1836 = PCURVE('',#1304,#1837);
#1837 = DEFINITIONAL_REPRESENTATION('',(#1838),#1842);
#1838 = LINE('',#1839,#1840);
#1839 = CARTESIAN_POINT('',(-3.10168385236,2.603307174913));
#1840 = VECTOR('',#1841,1.);
#1841 = DIRECTION('',(-0.242748407057,-0.970089279846));
#1842 = ( GEOMETRIC_REPRESENTATION_CONTEXT(2) 
PARAMETRIC_REPRESENTATION_CONTEXT() REPRESENTATION_CONTEXT('2D SPACE',''
  ) );
#1843 = ORIENTED_EDGE('',*,*,#1844,.T.);
#1844 = EDGE_CURVE('',#1829,#1845,#1847,.T.);
#1845 = VERTEX_POINT('',#1846);
#1846 = CARTESIAN_POINT('',(-1.72920816075,-27.43967074319,
    17.611100496269));
#1847 = SURFACE_CURVE('',#1848,(#1852),.PCURVE_S1.);
#1848 = LINE('',#1849,#1850);
#1849 = CARTESIAN_POINT('',(-1.733227029245,-27.51769515601,
    17.604410954419));
#1850 = VECTOR('',#1851,1.);
#1851 = DIRECTION('',(5.125211368369E-02,0.995035314277,
    8.531086791913E-02));
#1852 = PCURVE('',#1304,#1853);
#1853 = DEFINITIONAL_REPRESENTATION('',(#1854),#1858);
#1854 = LINE('',#1855,#1856);
#1855 = CARTESIAN_POINT('',(-3.120718656103,2.527238873253));
#1856 = VECTOR('',#1857,1.);
#1857 = DIRECTION('',(-4.882903449309E-02,-0.998807151251));
#1858 = ( GEOMETRIC_REPRESENTATION_CONTEXT(2) 
PARAMETRIC_REPRESENTATION_CONTEXT() REPRESENTATION_CONTEXT('2D SPACE',''
  ) );
#1859 = ORIENTED_EDGE('',*,*,#1860,.T.);
#1860 = EDGE_CURVE('',#1845,#1294,#1861,.T.);
#1861 = SURFACE_CURVE('',#1862,(#1866),.PCURVE_S1.);
#1862 = LINE('',#1863,#1864);
#1863 = CARTESIAN_POINT('',(-1.72920816075,-27.43967074319,
    17.611100496269));
#1864 = VECTOR('',#1865,1.);
#1865 = DIRECTION('',(9.975574163943E-02,0.995011955712,0.));
#1866 = PCURVE('',#1304,#1867);
#1867 = DEFINITIONAL_REPRESENTATION('',(#1868),#1872);
#1868 = LINE('',#1869,#1870);
#1869 = CARTESIAN_POINT('',(-3.124547521964,2.448918696688));
#1870 = VECTOR('',#1871,1.);
#1871 = DIRECTION('',(4.930631136068E-02,-0.998783704142));
#1872 = ( GEOMETRIC_REPRESENTATION_CONTEXT(2) 
PARAMETRIC_REPRESENTATION_CONTEXT() REPRESENTATION_CONTEXT('2D SPACE',''
  ) );
#1873 = ( GEOMETRIC_REPRESENTATION_CONTEXT(3) 
GLOBAL_UNCERTAINTY_ASSIGNED_CONTEXT((#1877)) 
GLOBAL_UNIT_ASSIGNED_CONTEXT((#1874,#1875,#1876)) REPRESENTATION_CONTEXT
('Context #1','3D Context with UNIT and UNCERTAINTY') );
#1874 = ( LENGTH_UNIT() NAMED_UNIT(*) SI_UNIT(.MILLI.,.METRE.) );
#1875 = ( NAMED_UNIT(*) PLANE_ANGLE_UNIT() SI_UNIT($,.RADIAN.) );
#1876 = ( NAMED_UNIT(*) SI_UNIT($,.STERADIAN.) SOLID_ANGLE_UNIT() );
#1877 = UNCERTAINTY_MEASURE_WITH_UNIT(LENGTH_MEASURE(1.E-07),#1874,
  'distance_accuracy_value','confusion accuracy');
#1878 = CONTEXT_DEPENDENT_SHAPE_REPRESENTATION(#1879,#1881);
#1879 = ( REPRESENTATION_RELATIONSHIP('','',#1286,#10) 
REPRESENTATION_RELATIONSHIP_WITH_TRANSFORMATION(#1880) 
SHAPE_REPRESENTATION_RELATIONSHIP() );
#1880 = ITEM_DEFINED_TRANSFORMATION('','',#11,#23);
#1881 = PRODUCT_DEFINITION_SHAPE('Placement','Placement of an item',
  #1882);
#1882 = NEXT_ASSEMBLY_USAGE_OCCURRENCE('3','','',#5,#1281,$);
#1883 = PRODUCT_RELATED_PRODUCT_CATEGORY('part',$,(#1283));
#1884 = SHAPE_DEFINITION_REPRESENTATION(#1885,#1891);
#1885 = PRODUCT_DEFINITION_SHAPE('','',#1886);
#1886 = PRODUCT_DEFINITION('design','',#1887,#1890);
#1887 = PRODUCT_DEFINITION_FORMATION('','',#1888);
#1888 = PRODUCT('Open CASCADE STEP translator 7.8 1.4',
  'Open CASCADE STEP translator 7.8 1.4','',(#1889));
#1889 = PRODUCT_CONTEXT('',#2,'mechanical');
#1890 = PRODUCT_DEFINITION_CONTEXT('part definition',#2,'design');
#1891 = MANIFOLD_SURFACE_SHAPE_REPRESENTATION('',(#11,#1892),#2478);
#1892 = SHELL_BASED_SURFACE_MODEL('',(#1893));
#1893 = OPEN_SHELL('',(#1894));
#1894 = ADVANCED_FACE('',(#1895),#1909,.T.);
#1895 = FACE_BOUND('',#1896,.T.);
#1896 = EDGE_LOOP('',(#1897,#1920,#1936,#1952,#1968,#1984,#2000,#2016,
    #2032,#2048,#2064,#2080,#2096,#2112,#2128,#2144,#2160,#2176,#2192,
    #2208,#2224,#2240,#2256,#2272,#2288,#2304,#2320,#2336,#2352,#2368,
    #2384,#2400,#2416,#2432,#2448,#2464));
#1897 = ORIENTED_EDGE('',*,*,#1898,.T.);
#1898 = EDGE_CURVE('',#1899,#1901,#1903,.T.);
#1899 = VERTEX_POINT('',#1900);
#1900 = CARTESIAN_POINT('',(-2.069872515049,46.98484508859,
    12.745180822049));
#1901 = VERTEX_POINT('',#1902);
#1902 = CARTESIAN_POINT('',(-2.095261089401,47.05870080443,
    12.738147771417));
#1903 = SURFACE_CURVE('',#1904,(#1908),.PCURVE_S1.);
#1904 = LINE('',#1905,#1906);
#1905 = CARTESIAN_POINT('',(-2.069872515049,46.98484508859,
    12.745180822049));
#1906 = VECTOR('',#1907,1.);
#1907 = DIRECTION('',(-0.323777227463,0.941872457092,-8.969159128825E-02
    ));
#1908 = PCURVE('',#1909,#1914);
#1909 = PLANE('',#1910);
#1910 = AXIS2_PLACEMENT_3D('',#1911,#1912,#1913);
#1911 = CARTESIAN_POINT('',(-3.810413663051E-17,45.,10.));
#1912 = DIRECTION('',(-0.852868531952,-0.331587955583,-0.403317114585));
#1913 = DIRECTION('',(0.427503415519,1.387778780781E-17,-0.904013733148)
  );
#1914 = DEFINITIONAL_REPRESENTATION('',(#1915),#1919);
#1915 = LINE('',#1916,#1917);
#1916 = CARTESIAN_POINT('',(-3.366558732978,-2.103873165713));
#1917 = VECTOR('',#1918,1.);
#1918 = DIRECTION('',(-5.733344033551E-02,-0.998355085438));
#1919 = ( GEOMETRIC_REPRESENTATION_CONTEXT(2) 
PARAMETRIC_REPRESENTATION_CONTEXT() REPRESENTATION_CONTEXT('2D SPACE',''
  ) );
#1920 = ORIENTED_EDGE('',*,*,#1921,.T.);
#1921 = EDGE_CURVE('',#1901,#1922,#1924,.T.);
#1922 = VERTEX_POINT('',#1923);
#1923 = CARTESIAN_POINT('',(-2.113895655259,47.13196485539,
    12.717318895713));
#1924 = SURFACE_CURVE('',#1925,(#1929),.PCURVE_S1.);
#1925 = LINE('',#1926,#1927);
#1926 = CARTESIAN_POINT('',(-2.095261089401,47.05870080443,
    12.738147771417));
#1927 = VECTOR('',#1928,1.);
#1928 = DIRECTION('',(-0.237644224717,0.934327030894,-0.265627976311));
#1929 = PCURVE('',#1909,#1930);
#1930 = DEFINITIONAL_REPRESENTATION('',(#1931),#1935);
#1931 = LINE('',#1932,#1933);
#1932 = CARTESIAN_POINT('',(-3.371054460872,-2.18215789412));
#1933 = VECTOR('',#1934,1.);
#1934 = DIRECTION('',(0.138537620749,-0.99035717175));
#1935 = ( GEOMETRIC_REPRESENTATION_CONTEXT(2) 
PARAMETRIC_REPRESENTATION_CONTEXT() REPRESENTATION_CONTEXT('2D SPACE',''
  ) );
#1936 = ORIENTED_EDGE('',*,*,#1937,.T.);
#1937 = EDGE_CURVE('',#1922,#1938,#1940,.T.);
#1938 = VERTEX_POINT('',#1939);
#1939 = CARTESIAN_POINT('',(-2.125060096708,47.201821745081,
    12.68349463695));
#1940 = SURFACE_CURVE('',#1941,(#1945),.PCURVE_S1.);
#1941 = LINE('',#1942,#1943);
#1942 = CARTESIAN_POINT('',(-2.113895655259,47.13196485539,
    12.717318895713));
#1943 = VECTOR('',#1944,1.);
#1944 = DIRECTION('',(-0.142378687687,0.890875940876,-0.43135642717));
#1945 = PCURVE('',#1909,#1946);
#1946 = DEFINITIONAL_REPRESENTATION('',(#1947),#1951);
#1947 = LINE('',#1948,#1949);
#1948 = CARTESIAN_POINT('',(-3.360191211741,-2.259815476424));
#1949 = VECTOR('',#1950,1.);
#1950 = DIRECTION('',(0.32908475876,-0.944300387351));
#1951 = ( GEOMETRIC_REPRESENTATION_CONTEXT(2) 
PARAMETRIC_REPRESENTATION_CONTEXT() REPRESENTATION_CONTEXT('2D SPACE',''
  ) );
#1952 = ORIENTED_EDGE('',*,*,#1953,.T.);
#1953 = EDGE_CURVE('',#1938,#1954,#1956,.T.);
#1954 = VERTEX_POINT('',#1955);
#1955 = CARTESIAN_POINT('',(-2.128325370523,47.265586912406,
    12.637974842423));
#1956 = SURFACE_CURVE('',#1957,(#1961),.PCURVE_S1.);
#1957 = LINE('',#1958,#1959);
#1958 = CARTESIAN_POINT('',(-2.125060096708,47.201821745081,
    12.68349463695));
#1959 = VECTOR('',#1960,1.);
#1960 = DIRECTION('',(-4.164161753654E-02,0.813188988059,-0.580508092441
    ));
#1961 = PCURVE('',#1909,#1962);
#1962 = DEFINITIONAL_REPRESENTATION('',(#1963),#1967);
#1963 = LINE('',#1964,#1965);
#1964 = CARTESIAN_POINT('',(-3.334386454157,-2.333861575288));
#1965 = VECTOR('',#1966,1.);
#1966 = DIRECTION('',(0.506985354045,-0.861954668636));
#1967 = ( GEOMETRIC_REPRESENTATION_CONTEXT(2) 
PARAMETRIC_REPRESENTATION_CONTEXT() REPRESENTATION_CONTEXT('2D SPACE',''
  ) );
#1968 = ORIENTED_EDGE('',*,*,#1969,.T.);
#1969 = EDGE_CURVE('',#1954,#1970,#1972,.T.);
#1970 = VERTEX_POINT('',#1971);
#1971 = CARTESIAN_POINT('',(-2.123565994065,47.320809897747,
    12.582508812307));
#1972 = SURFACE_CURVE('',#1973,(#1977),.PCURVE_S1.);
#1973 = LINE('',#1974,#1975);
#1974 = CARTESIAN_POINT('',(-2.128325370523,47.265586912406,
    12.637974842423));
#1975 = VECTOR('',#1976,1.);
#1976 = DIRECTION('',(6.069571662322E-02,0.704251638472,-0.707351157271)
  );
#1977 = PCURVE('',#1909,#1978);
#1978 = DEFINITIONAL_REPRESENTATION('',(#1979),#1983);
#1979 = LINE('',#1980,#1981);
#1980 = CARTESIAN_POINT('',(-3.294631850483,-2.401450640659));
#1981 = VECTOR('',#1982,1.);
#1982 = DIRECTION('',(0.665402786495,-0.746484515395));
#1983 = ( GEOMETRIC_REPRESENTATION_CONTEXT(2) 
PARAMETRIC_REPRESENTATION_CONTEXT() REPRESENTATION_CONTEXT('2D SPACE',''
  ) );
#1984 = ORIENTED_EDGE('',*,*,#1985,.T.);
#1985 = EDGE_CURVE('',#1970,#1986,#1988,.T.);
#1986 = VERTEX_POINT('',#1987);
#1987 = CARTESIAN_POINT('',(-2.110964867499,47.365368512745,
    12.519228075035));
#1988 = SURFACE_CURVE('',#1989,(#1993),.PCURVE_S1.);
#1989 = LINE('',#1990,#1991);
#1990 = CARTESIAN_POINT('',(-2.123565994065,47.320809897747,
    12.582508812307));
#1991 = VECTOR('',#1992,1.);
#1992 = DIRECTION('',(0.160700548432,0.568250293368,-0.807011113815));
#1993 = PCURVE('',#1909,#1994);
#1994 = DEFINITIONAL_REPRESENTATION('',(#1995),#1999);
#1995 = LINE('',#1996,#1997);
#1996 = CARTESIAN_POINT('',(-3.242455147843,-2.459985262658));
#1997 = VECTOR('',#1998,1.);
#1998 = DIRECTION('',(0.798249163022,-0.602327380861));
#1999 = ( GEOMETRIC_REPRESENTATION_CONTEXT(2) 
PARAMETRIC_REPRESENTATION_CONTEXT() REPRESENTATION_CONTEXT('2D SPACE',''
  ) );
#2000 = ORIENTED_EDGE('',*,*,#2001,.T.);
#2001 = EDGE_CURVE('',#1986,#2002,#2004,.T.);
#2002 = VERTEX_POINT('',#2003);
#2003 = CARTESIAN_POINT('',(-2.091006245055,47.397550394814,
    12.450564473851));
#2004 = SURFACE_CURVE('',#2005,(#2009),.PCURVE_S1.);
#2005 = LINE('',#2006,#2007);
#2006 = CARTESIAN_POINT('',(-2.110964867499,47.365368512745,
    12.519228075035));
#2007 = VECTOR('',#2008,1.);
#2008 = DIRECTION('',(0.254529748286,0.410411408168,-0.875658085832));
#2009 = PCURVE('',#1909,#2010);
#2010 = DEFINITIONAL_REPRESENTATION('',(#2011),#2015);
#2011 = LINE('',#2012,#2013);
#2012 = CARTESIAN_POINT('',(-3.179861467659,-2.507215988589));
#2013 = VECTOR('',#2014,1.);
#2014 = DIRECTION('',(0.900419271878,-0.435023142869));
#2015 = ( GEOMETRIC_REPRESENTATION_CONTEXT(2) 
PARAMETRIC_REPRESENTATION_CONTEXT() REPRESENTATION_CONTEXT('2D SPACE',''
  ) );
#2016 = ORIENTED_EDGE('',*,*,#2017,.T.);
#2017 = EDGE_CURVE('',#2002,#2018,#2020,.T.);
#2018 = VERTEX_POINT('',#2019);
#2019 = CARTESIAN_POINT('',(-2.064457125398,47.416118812276,
    12.379156712442));
#2020 = SURFACE_CURVE('',#2021,(#2025),.PCURVE_S1.);
#2021 = LINE('',#2022,#2023);
#2022 = CARTESIAN_POINT('',(-2.091006245055,47.397550394814,
    12.450564473851));
#2023 = VECTOR('',#2024,1.);
#2024 = DIRECTION('',(0.338577512655,0.236800642713,-0.910654008685));
#2025 = PCURVE('',#1909,#2026);
#2026 = DEFINITIONAL_REPRESENTATION('',(#2027),#2031);
#2027 = LINE('',#2028,#2029);
#2028 = CARTESIAN_POINT('',(-3.109256249958,-2.541327768142));
#2029 = VECTOR('',#2030,1.);
#2030 = DIRECTION('',(0.967986773076,-0.25100120946));
#2031 = ( GEOMETRIC_REPRESENTATION_CONTEXT(2) 
PARAMETRIC_REPRESENTATION_CONTEXT() REPRESENTATION_CONTEXT('2D SPACE',''
  ) );
#2032 = ORIENTED_EDGE('',*,*,#2033,.T.);
#2033 = EDGE_CURVE('',#2018,#2034,#2036,.T.);
#2034 = VERTEX_POINT('',#2035);
#2035 = CARTESIAN_POINT('',(-0.109746902461,48.176093347974,
    7.620843287558));
#2036 = SURFACE_CURVE('',#2037,(#2041),.PCURVE_S1.);
#2037 = LINE('',#2038,#2039);
#2038 = CARTESIAN_POINT('',(-2.064457125398,47.416118812276,
    12.379156712442));
#2039 = VECTOR('',#2040,1.);
#2040 = DIRECTION('',(0.375905812103,0.146148949173,-0.915060274016));
#2041 = PCURVE('',#1909,#2042);
#2042 = DEFINITIONAL_REPRESENTATION('',(#2043),#2047);
#2043 = LINE('',#2044,#2045);
#2044 = CARTESIAN_POINT('',(-3.033352813659,-2.561009704759));
#2045 = VECTOR('',#2046,1.);
#2046 = DIRECTION('',(0.987928072956,-0.154913274658));
#2047 = ( GEOMETRIC_REPRESENTATION_CONTEXT(2) 
PARAMETRIC_REPRESENTATION_CONTEXT() REPRESENTATION_CONTEXT('2D SPACE',''
  ) );
#2048 = ORIENTED_EDGE('',*,*,#2049,.T.);
#2049 = EDGE_CURVE('',#2034,#2050,#2052,.T.);
#2050 = VERTEX_POINT('',#2051);
#2051 = CARTESIAN_POINT('',(-7.762755337201E-02,48.180334726957,
    7.549435526149));
#2052 = SURFACE_CURVE('',#2053,(#2057),.PCURVE_S1.);
#2053 = LINE('',#2054,#2055);
#2054 = CARTESIAN_POINT('',(-0.109746902461,48.176093347974,
    7.620843287558));
#2055 = VECTOR('',#2056,1.);
#2056 = DIRECTION('',(0.40961393309,5.408976135846E-02,-0.910654008685)
  );
#2057 = PCURVE('',#1909,#2058);
#2058 = DEFINITIONAL_REPRESENTATION('',(#2059),#2063);
#2059 = LINE('',#2060,#2061);
#2060 = CARTESIAN_POINT('',(2.103873165713,-3.366558732978));
#2061 = VECTOR('',#2062,1.);
#2062 = DIRECTION('',(0.998355085438,-5.733344033551E-02));
#2063 = ( GEOMETRIC_REPRESENTATION_CONTEXT(2) 
PARAMETRIC_REPRESENTATION_CONTEXT() REPRESENTATION_CONTEXT('2D SPACE',''
  ) );
#2064 = ORIENTED_EDGE('',*,*,#2065,.T.);
#2065 = EDGE_CURVE('',#2050,#2066,#2068,.T.);
#2066 = VERTEX_POINT('',#2067);
#2067 = CARTESIAN_POINT('',(-4.117230342405E-02,48.170086073647,
    7.480771924965));
#2068 = SURFACE_CURVE('',#2069,(#2073),.PCURVE_S1.);
#2069 = LINE('',#2070,#2071);
#2070 = CARTESIAN_POINT('',(-7.762755337201E-02,48.180334726957,
    7.549435526149));
#2071 = VECTOR('',#2072,1.);
#2072 = DIRECTION('',(0.46490911979,-0.130699759191,-0.875658085832));
#2073 = PCURVE('',#1909,#2074);
#2074 = DEFINITIONAL_REPRESENTATION('',(#2075),#2079);
#2075 = LINE('',#2076,#2077);
#2076 = CARTESIAN_POINT('',(2.18215789412,-3.371054460872));
#2077 = VECTOR('',#2078,1.);
#2078 = DIRECTION('',(0.99035717175,0.138537620749));
#2079 = ( GEOMETRIC_REPRESENTATION_CONTEXT(2) 
PARAMETRIC_REPRESENTATION_CONTEXT() REPRESENTATION_CONTEXT('2D SPACE',''
  ) );
#2080 = ORIENTED_EDGE('',*,*,#2081,.T.);
#2081 = EDGE_CURVE('',#2066,#2082,#2084,.T.);
#2082 = VERTEX_POINT('',#2083);
#2083 = CARTESIAN_POINT('',(-1.782107427787E-03,48.145741238042,
    7.417491187693));
#2084 = SURFACE_CURVE('',#2085,(#2089),.PCURVE_S1.);
#2085 = LINE('',#2086,#2087);
#2086 = CARTESIAN_POINT('',(-4.117230342405E-02,48.170086073647,
    7.480771924965));
#2087 = VECTOR('',#2088,1.);
#2088 = DIRECTION('',(0.502338109741,-0.310466561293,-0.807011113815));
#2089 = PCURVE('',#1909,#2090);
#2090 = DEFINITIONAL_REPRESENTATION('',(#2091),#2095);
#2091 = LINE('',#2092,#2093);
#2092 = CARTESIAN_POINT('',(2.259815476424,-3.360191211741));
#2093 = VECTOR('',#2094,1.);
#2094 = DIRECTION('',(0.944300387351,0.32908475876));
#2095 = ( GEOMETRIC_REPRESENTATION_CONTEXT(2) 
PARAMETRIC_REPRESENTATION_CONTEXT() REPRESENTATION_CONTEXT('2D SPACE',''
  ) );
#2096 = ORIENTED_EDGE('',*,*,#2097,.T.);
#2097 = EDGE_CURVE('',#2082,#2098,#2100,.T.);
#2098 = VERTEX_POINT('',#2099);
#2099 = CARTESIAN_POINT('',(3.902929147492E-02,48.108235778523,
    7.362025157577));
#2100 = SURFACE_CURVE('',#2101,(#2105),.PCURVE_S1.);
#2101 = LINE('',#2102,#2103);
#2102 = CARTESIAN_POINT('',(-1.782107427787E-03,48.145741238042,
    7.417491187693));
#2103 = VECTOR('',#2104,1.);
#2104 = DIRECTION('',(0.520462527848,-0.478302307555,-0.707351157271));
#2105 = PCURVE('',#1909,#2106);
#2106 = DEFINITIONAL_REPRESENTATION('',(#2107),#2111);
#2107 = LINE('',#2108,#2109);
#2108 = CARTESIAN_POINT('',(2.333861575288,-3.334386454157));
#2109 = VECTOR('',#2110,1.);
#2110 = DIRECTION('',(0.861954668636,0.506985354045));
#2111 = ( GEOMETRIC_REPRESENTATION_CONTEXT(2) 
PARAMETRIC_REPRESENTATION_CONTEXT() REPRESENTATION_CONTEXT('2D SPACE',''
  ) );
#2112 = ORIENTED_EDGE('',*,*,#2113,.T.);
#2113 = EDGE_CURVE('',#2098,#2114,#2116,.T.);
#2114 = VERTEX_POINT('',#2115);
#2115 = CARTESIAN_POINT('',(7.969353411154E-02,48.059011008864,
    7.31650536305));
#2116 = SURFACE_CURVE('',#2117,(#2121),.PCURVE_S1.);
#2117 = LINE('',#2118,#2119);
#2118 = CARTESIAN_POINT('',(3.902929147492E-02,48.108235778523,
    7.362025157577));
#2119 = VECTOR('',#2120,1.);
#2120 = DIRECTION('',(0.51858586289,-0.627757164373,-0.580508092441));
#2121 = PCURVE('',#1909,#2122);
#2122 = DEFINITIONAL_REPRESENTATION('',(#2123),#2127);
#2123 = LINE('',#2124,#2125);
#2124 = CARTESIAN_POINT('',(2.401450640659,-3.294631850483));
#2125 = VECTOR('',#2126,1.);
#2126 = DIRECTION('',(0.746484515395,0.665402786495));
#2127 = ( GEOMETRIC_REPRESENTATION_CONTEXT(2) 
PARAMETRIC_REPRESENTATION_CONTEXT() REPRESENTATION_CONTEXT('2D SPACE',''
  ) );
#2128 = ORIENTED_EDGE('',*,*,#2129,.T.);
#2129 = EDGE_CURVE('',#2114,#2130,#2132,.T.);
#2130 = VERTEX_POINT('',#2131);
#2131 = CARTESIAN_POINT('',(0.118647916442,47.999958609359,
    7.282681104287));
#2132 = SURFACE_CURVE('',#2133,(#2137),.PCURVE_S1.);
#2133 = LINE('',#2134,#2135);
#2134 = CARTESIAN_POINT('',(7.969353411154E-02,48.059011008864,
    7.31650536305));
#2135 = VECTOR('',#2136,1.);
#2136 = DIRECTION('',(0.496780234046,-0.753087665415,-0.43135642717));
#2137 = PCURVE('',#1909,#2138);
#2138 = DEFINITIONAL_REPRESENTATION('',(#2139),#2143);
#2139 = LINE('',#2140,#2141);
#2140 = CARTESIAN_POINT('',(2.459985262658,-3.242455147843));
#2141 = VECTOR('',#2142,1.);
#2142 = DIRECTION('',(0.602327380861,0.798249163022));
#2143 = ( GEOMETRIC_REPRESENTATION_CONTEXT(2) 
PARAMETRIC_REPRESENTATION_CONTEXT() REPRESENTATION_CONTEXT('2D SPACE',''
  ) );
#2144 = ORIENTED_EDGE('',*,*,#2145,.T.);
#2145 = EDGE_CURVE('',#2130,#2146,#2148,.T.);
#2146 = VERTEX_POINT('',#2147);
#2147 = CARTESIAN_POINT('',(0.1543954434,47.933347930603,7.261852228583)
  );
#2148 = SURFACE_CURVE('',#2149,(#2153),.PCURVE_S1.);
#2149 = LINE('',#2150,#2151);
#2150 = CARTESIAN_POINT('',(0.118647916442,47.999958609359,
    7.282681104287));
#2151 = VECTOR('',#2152,1.);
#2152 = DIRECTION('',(0.455883619406,-0.849477429811,-0.265627976311));
#2153 = PCURVE('',#1909,#2154);
#2154 = DEFINITIONAL_REPRESENTATION('',(#2155),#2159);
#2155 = LINE('',#2156,#2157);
#2156 = CARTESIAN_POINT('',(2.507215988589,-3.179861467659));
#2157 = VECTOR('',#2158,1.);
#2158 = DIRECTION('',(0.435023142869,0.900419271878));
#2159 = ( GEOMETRIC_REPRESENTATION_CONTEXT(2) 
PARAMETRIC_REPRESENTATION_CONTEXT() REPRESENTATION_CONTEXT('2D SPACE',''
  ) );
#2160 = ORIENTED_EDGE('',*,*,#2161,.T.);
#2161 = EDGE_CURVE('',#2146,#2162,#2164,.T.);
#2162 = VERTEX_POINT('',#2163);
#2163 = CARTESIAN_POINT('',(0.185562357571,47.861738783626,
    7.254819177951));
#2164 = SURFACE_CURVE('',#2165,(#2169),.PCURVE_S1.);
#2165 = LINE('',#2166,#2167);
#2166 = CARTESIAN_POINT('',(0.1543954434,47.933347930603,7.261852228583)
  );
#2167 = VECTOR('',#2168,1.);
#2168 = DIRECTION('',(0.397467652935,-0.913222252972,-8.969159128825E-02
    ));
#2169 = PCURVE('',#1909,#2170);
#2170 = DEFINITIONAL_REPRESENTATION('',(#2171),#2175);
#2171 = LINE('',#2172,#2173);
#2172 = CARTESIAN_POINT('',(2.541327768142,-3.109256249958));
#2173 = VECTOR('',#2174,1.);
#2174 = DIRECTION('',(0.25100120946,0.967986773076));
#2175 = ( GEOMETRIC_REPRESENTATION_CONTEXT(2) 
PARAMETRIC_REPRESENTATION_CONTEXT() REPRESENTATION_CONTEXT('2D SPACE',''
  ) );
#2176 = ORIENTED_EDGE('',*,*,#2177,.T.);
#2177 = EDGE_CURVE('',#2162,#2178,#2180,.T.);
#2178 = VERTEX_POINT('',#2179);
#2179 = CARTESIAN_POINT('',(2.069872515049,43.01515491141,7.254819177951
    ));
#2180 = SURFACE_CURVE('',#2181,(#2185),.PCURVE_S1.);
#2181 = LINE('',#2182,#2183);
#2182 = CARTESIAN_POINT('',(0.185562357571,47.861738783626,
    7.254819177951));
#2183 = VECTOR('',#2184,1.);
#2184 = DIRECTION('',(0.362367337976,-0.932035360042,0.));
#2185 = PCURVE('',#1909,#2186);
#2186 = DEFINITIONAL_REPRESENTATION('',(#2187),#2191);
#2187 = LINE('',#2188,#2189);
#2188 = CARTESIAN_POINT('',(2.561009704759,-3.033352813659));
#2189 = VECTOR('',#2190,1.);
#2190 = DIRECTION('',(0.154913274658,0.987928072956));
#2191 = ( GEOMETRIC_REPRESENTATION_CONTEXT(2) 
PARAMETRIC_REPRESENTATION_CONTEXT() REPRESENTATION_CONTEXT('2D SPACE',''
  ) );
#2192 = ORIENTED_EDGE('',*,*,#2193,.T.);
#2193 = EDGE_CURVE('',#2178,#2194,#2196,.T.);
#2194 = VERTEX_POINT('',#2195);
#2195 = CARTESIAN_POINT('',(2.095261089401,42.94129919557,7.261852228583
    ));
#2196 = SURFACE_CURVE('',#2197,(#2201),.PCURVE_S1.);
#2197 = LINE('',#2198,#2199);
#2198 = CARTESIAN_POINT('',(2.069872515049,43.01515491141,7.254819177951
    ));
#2199 = VECTOR('',#2200,1.);
#2200 = DIRECTION('',(0.323777227463,-0.941872457092,8.969159128825E-02)
  );
#2201 = PCURVE('',#1909,#2202);
#2202 = DEFINITIONAL_REPRESENTATION('',(#2203),#2207);
#2203 = LINE('',#2204,#2205);
#2204 = CARTESIAN_POINT('',(3.366558732978,2.103873165713));
#2205 = VECTOR('',#2206,1.);
#2206 = DIRECTION('',(5.733344033551E-02,0.998355085438));
#2207 = ( GEOMETRIC_REPRESENTATION_CONTEXT(2) 
PARAMETRIC_REPRESENTATION_CONTEXT() REPRESENTATION_CONTEXT('2D SPACE',''
  ) );
#2208 = ORIENTED_EDGE('',*,*,#2209,.T.);
#2209 = EDGE_CURVE('',#2194,#2210,#2212,.T.);
#2210 = VERTEX_POINT('',#2211);
#2211 = CARTESIAN_POINT('',(2.113895655259,42.86803514461,7.282681104287
    ));
#2212 = SURFACE_CURVE('',#2213,(#2217),.PCURVE_S1.);
#2213 = LINE('',#2214,#2215);
#2214 = CARTESIAN_POINT('',(2.095261089401,42.94129919557,7.261852228583
    ));
#2215 = VECTOR('',#2216,1.);
#2216 = DIRECTION('',(0.237644224717,-0.934327030894,0.265627976311));
#2217 = PCURVE('',#1909,#2218);
#2218 = DEFINITIONAL_REPRESENTATION('',(#2219),#2223);
#2219 = LINE('',#2220,#2221);
#2220 = CARTESIAN_POINT('',(3.371054460872,2.18215789412));
#2221 = VECTOR('',#2222,1.);
#2222 = DIRECTION('',(-0.138537620749,0.99035717175));
#2223 = ( GEOMETRIC_REPRESENTATION_CONTEXT(2) 
PARAMETRIC_REPRESENTATION_CONTEXT() REPRESENTATION_CONTEXT('2D SPACE',''
  ) );
#2224 = ORIENTED_EDGE('',*,*,#2225,.T.);
#2225 = EDGE_CURVE('',#2210,#2226,#2228,.T.);
#2226 = VERTEX_POINT('',#2227);
#2227 = CARTESIAN_POINT('',(2.125060096708,42.798178254919,7.31650536305
    ));
#2228 = SURFACE_CURVE('',#2229,(#2233),.PCURVE_S1.);
#2229 = LINE('',#2230,#2231);
#2230 = CARTESIAN_POINT('',(2.113895655259,42.86803514461,7.282681104287
    ));
#2231 = VECTOR('',#2232,1.);
#2232 = DIRECTION('',(0.142378687687,-0.890875940876,0.43135642717));
#2233 = PCURVE('',#1909,#2234);
#2234 = DEFINITIONAL_REPRESENTATION('',(#2235),#2239);
#2235 = LINE('',#2236,#2237);
#2236 = CARTESIAN_POINT('',(3.360191211741,2.259815476424));
#2237 = VECTOR('',#2238,1.);
#2238 = DIRECTION('',(-0.32908475876,0.944300387351));
#2239 = ( GEOMETRIC_REPRESENTATION_CONTEXT(2) 
PARAMETRIC_REPRESENTATION_CONTEXT() REPRESENTATION_CONTEXT('2D SPACE',''
  ) );
#2240 = ORIENTED_EDGE('',*,*,#2241,.T.);
#2241 = EDGE_CURVE('',#2226,#2242,#2244,.T.);
#2242 = VERTEX_POINT('',#2243);
#2243 = CARTESIAN_POINT('',(2.128325370523,42.734413087594,
    7.362025157577));
#2244 = SURFACE_CURVE('',#2245,(#2249),.PCURVE_S1.);
#2245 = LINE('',#2246,#2247);
#2246 = CARTESIAN_POINT('',(2.125060096708,42.798178254919,7.31650536305
    ));
#2247 = VECTOR('',#2248,1.);
#2248 = DIRECTION('',(4.164161753654E-02,-0.813188988059,0.580508092441)
  );
#2249 = PCURVE('',#1909,#2250);
#2250 = DEFINITIONAL_REPRESENTATION('',(#2251),#2255);
#2251 = LINE('',#2252,#2253);
#2252 = CARTESIAN_POINT('',(3.334386454157,2.333861575288));
#2253 = VECTOR('',#2254,1.);
#2254 = DIRECTION('',(-0.506985354045,0.861954668636));
#2255 = ( GEOMETRIC_REPRESENTATION_CONTEXT(2) 
PARAMETRIC_REPRESENTATION_CONTEXT() REPRESENTATION_CONTEXT('2D SPACE',''
  ) );
#2256 = ORIENTED_EDGE('',*,*,#2257,.T.);
#2257 = EDGE_CURVE('',#2242,#2258,#2260,.T.);
#2258 = VERTEX_POINT('',#2259);
#2259 = CARTESIAN_POINT('',(2.123565994065,42.679190102253,
    7.417491187693));
#2260 = SURFACE_CURVE('',#2261,(#2265),.PCURVE_S1.);
#2261 = LINE('',#2262,#2263);
#2262 = CARTESIAN_POINT('',(2.128325370523,42.734413087594,
    7.362025157577));
#2263 = VECTOR('',#2264,1.);
#2264 = DIRECTION('',(-6.069571662322E-02,-0.704251638472,0.707351157271
    ));
#2265 = PCURVE('',#1909,#2266);
#2266 = DEFINITIONAL_REPRESENTATION('',(#2267),#2271);
#2267 = LINE('',#2268,#2269);
#2268 = CARTESIAN_POINT('',(3.294631850483,2.401450640659));
#2269 = VECTOR('',#2270,1.);
#2270 = DIRECTION('',(-0.665402786495,0.746484515395));
#2271 = ( GEOMETRIC_REPRESENTATION_CONTEXT(2) 
PARAMETRIC_REPRESENTATION_CONTEXT() REPRESENTATION_CONTEXT('2D SPACE',''
  ) );
#2272 = ORIENTED_EDGE('',*,*,#2273,.T.);
#2273 = EDGE_CURVE('',#2258,#2274,#2276,.T.);
#2274 = VERTEX_POINT('',#2275);
#2275 = CARTESIAN_POINT('',(2.110964867499,42.634631487255,
    7.480771924965));
#2276 = SURFACE_CURVE('',#2277,(#2281),.PCURVE_S1.);
#2277 = LINE('',#2278,#2279);
#2278 = CARTESIAN_POINT('',(2.123565994065,42.679190102253,
    7.417491187693));
#2279 = VECTOR('',#2280,1.);
#2280 = DIRECTION('',(-0.160700548432,-0.568250293368,0.807011113815));
#2281 = PCURVE('',#1909,#2282);
#2282 = DEFINITIONAL_REPRESENTATION('',(#2283),#2287);
#2283 = LINE('',#2284,#2285);
#2284 = CARTESIAN_POINT('',(3.242455147843,2.459985262658));
#2285 = VECTOR('',#2286,1.);
#2286 = DIRECTION('',(-0.798249163022,0.602327380861));
#2287 = ( GEOMETRIC_REPRESENTATION_CONTEXT(2) 
PARAMETRIC_REPRESENTATION_CONTEXT() REPRESENTATION_CONTEXT('2D SPACE',''
  ) );
#2288 = ORIENTED_EDGE('',*,*,#2289,.T.);
#2289 = EDGE_CURVE('',#2274,#2290,#2292,.T.);
#2290 = VERTEX_POINT('',#2291);
#2291 = CARTESIAN_POINT('',(2.091006245055,42.602449605186,
    7.549435526149));
#2292 = SURFACE_CURVE('',#2293,(#2297),.PCURVE_S1.);
#2293 = LINE('',#2294,#2295);
#2294 = CARTESIAN_POINT('',(2.110964867499,42.634631487255,
    7.480771924965));
#2295 = VECTOR('',#2296,1.);
#2296 = DIRECTION('',(-0.254529748286,-0.410411408168,0.875658085832));
#2297 = PCURVE('',#1909,#2298);
#2298 = DEFINITIONAL_REPRESENTATION('',(#2299),#2303);
#2299 = LINE('',#2300,#2301);
#2300 = CARTESIAN_POINT('',(3.179861467659,2.507215988589));
#2301 = VECTOR('',#2302,1.);
#2302 = DIRECTION('',(-0.900419271878,0.435023142869));
#2303 = ( GEOMETRIC_REPRESENTATION_CONTEXT(2) 
PARAMETRIC_REPRESENTATION_CONTEXT() REPRESENTATION_CONTEXT('2D SPACE',''
  ) );
#2304 = ORIENTED_EDGE('',*,*,#2305,.T.);
#2305 = EDGE_CURVE('',#2290,#2306,#2308,.T.);
#2306 = VERTEX_POINT('',#2307);
#2307 = CARTESIAN_POINT('',(2.064457125398,42.583881187724,
    7.620843287558));
#2308 = SURFACE_CURVE('',#2309,(#2313),.PCURVE_S1.);
#2309 = LINE('',#2310,#2311);
#2310 = CARTESIAN_POINT('',(2.091006245055,42.602449605186,
    7.549435526149));
#2311 = VECTOR('',#2312,1.);
#2312 = DIRECTION('',(-0.338577512655,-0.236800642713,0.910654008685));
#2313 = PCURVE('',#1909,#2314);
#2314 = DEFINITIONAL_REPRESENTATION('',(#2315),#2319);
#2315 = LINE('',#2316,#2317);
#2316 = CARTESIAN_POINT('',(3.109256249958,2.541327768142));
#2317 = VECTOR('',#2318,1.);
#2318 = DIRECTION('',(-0.967986773076,0.25100120946));
#2319 = ( GEOMETRIC_REPRESENTATION_CONTEXT(2) 
PARAMETRIC_REPRESENTATION_CONTEXT() REPRESENTATION_CONTEXT('2D SPACE',''
  ) );
#2320 = ORIENTED_EDGE('',*,*,#2321,.T.);
#2321 = EDGE_CURVE('',#2306,#2322,#2324,.T.);
#2322 = VERTEX_POINT('',#2323);
#2323 = CARTESIAN_POINT('',(0.109746902461,41.823906652026,
    12.379156712442));
#2324 = SURFACE_CURVE('',#2325,(#2329),.PCURVE_S1.);
#2325 = LINE('',#2326,#2327);
#2326 = CARTESIAN_POINT('',(2.064457125398,42.583881187724,
    7.620843287558));
#2327 = VECTOR('',#2328,1.);
#2328 = DIRECTION('',(-0.375905812103,-0.146148949173,0.915060274016));
#2329 = PCURVE('',#1909,#2330);
#2330 = DEFINITIONAL_REPRESENTATION('',(#2331),#2335);
#2331 = LINE('',#2332,#2333);
#2332 = CARTESIAN_POINT('',(3.033352813659,2.561009704759));
#2333 = VECTOR('',#2334,1.);
#2334 = DIRECTION('',(-0.987928072956,0.154913274658));
#2335 = ( GEOMETRIC_REPRESENTATION_CONTEXT(2) 
PARAMETRIC_REPRESENTATION_CONTEXT() REPRESENTATION_CONTEXT('2D SPACE',''
  ) );
#2336 = ORIENTED_EDGE('',*,*,#2337,.T.);
#2337 = EDGE_CURVE('',#2322,#2338,#2340,.T.);
#2338 = VERTEX_POINT('',#2339);
#2339 = CARTESIAN_POINT('',(7.762755337201E-02,41.819665273043,
    12.450564473851));
#2340 = SURFACE_CURVE('',#2341,(#2345),.PCURVE_S1.);
#2341 = LINE('',#2342,#2343);
#2342 = CARTESIAN_POINT('',(0.109746902461,41.823906652026,
    12.379156712442));
#2343 = VECTOR('',#2344,1.);
#2344 = DIRECTION('',(-0.40961393309,-5.408976135846E-02,0.910654008685)
  );
#2345 = PCURVE('',#1909,#2346);
#2346 = DEFINITIONAL_REPRESENTATION('',(#2347),#2351);
#2347 = LINE('',#2348,#2349);
#2348 = CARTESIAN_POINT('',(-2.103873165713,3.366558732978));
#2349 = VECTOR('',#2350,1.);
#2350 = DIRECTION('',(-0.998355085438,5.733344033551E-02));
#2351 = ( GEOMETRIC_REPRESENTATION_CONTEXT(2) 
PARAMETRIC_REPRESENTATION_CONTEXT() REPRESENTATION_CONTEXT('2D SPACE',''
  ) );
#2352 = ORIENTED_EDGE('',*,*,#2353,.T.);
#2353 = EDGE_CURVE('',#2338,#2354,#2356,.T.);
#2354 = VERTEX_POINT('',#2355);
#2355 = CARTESIAN_POINT('',(4.117230342405E-02,41.829913926353,
    12.519228075035));
#2356 = SURFACE_CURVE('',#2357,(#2361),.PCURVE_S1.);
#2357 = LINE('',#2358,#2359);
#2358 = CARTESIAN_POINT('',(7.762755337201E-02,41.819665273043,
    12.450564473851));
#2359 = VECTOR('',#2360,1.);
#2360 = DIRECTION('',(-0.46490911979,0.130699759191,0.875658085832));
#2361 = PCURVE('',#1909,#2362);
#2362 = DEFINITIONAL_REPRESENTATION('',(#2363),#2367);
#2363 = LINE('',#2364,#2365);
#2364 = CARTESIAN_POINT('',(-2.18215789412,3.371054460872));
#2365 = VECTOR('',#2366,1.);
#2366 = DIRECTION('',(-0.99035717175,-0.138537620749));
#2367 = ( GEOMETRIC_REPRESENTATION_CONTEXT(2) 
PARAMETRIC_REPRESENTATION_CONTEXT() REPRESENTATION_CONTEXT('2D SPACE',''
  ) );
#2368 = ORIENTED_EDGE('',*,*,#2369,.T.);
#2369 = EDGE_CURVE('',#2354,#2370,#2372,.T.);
#2370 = VERTEX_POINT('',#2371);
#2371 = CARTESIAN_POINT('',(1.782107427787E-03,41.854258761958,
    12.582508812307));
#2372 = SURFACE_CURVE('',#2373,(#2377),.PCURVE_S1.);
#2373 = LINE('',#2374,#2375);
#2374 = CARTESIAN_POINT('',(4.117230342405E-02,41.829913926353,
    12.519228075035));
#2375 = VECTOR('',#2376,1.);
#2376 = DIRECTION('',(-0.502338109741,0.310466561293,0.807011113815));
#2377 = PCURVE('',#1909,#2378);
#2378 = DEFINITIONAL_REPRESENTATION('',(#2379),#2383);
#2379 = LINE('',#2380,#2381);
#2380 = CARTESIAN_POINT('',(-2.259815476424,3.360191211741));
#2381 = VECTOR('',#2382,1.);
#2382 = DIRECTION('',(-0.944300387351,-0.32908475876));
#2383 = ( GEOMETRIC_REPRESENTATION_CONTEXT(2) 
PARAMETRIC_REPRESENTATION_CONTEXT() REPRESENTATION_CONTEXT('2D SPACE',''
  ) );
#2384 = ORIENTED_EDGE('',*,*,#2385,.T.);
#2385 = EDGE_CURVE('',#2370,#2386,#2388,.T.);
#2386 = VERTEX_POINT('',#2387);
#2387 = CARTESIAN_POINT('',(-3.902929147492E-02,41.891764221477,
    12.637974842423));
#2388 = SURFACE_CURVE('',#2389,(#2393),.PCURVE_S1.);
#2389 = LINE('',#2390,#2391);
#2390 = CARTESIAN_POINT('',(1.782107427787E-03,41.854258761958,
    12.582508812307));
#2391 = VECTOR('',#2392,1.);
#2392 = DIRECTION('',(-0.520462527848,0.478302307555,0.707351157271));
#2393 = PCURVE('',#1909,#2394);
#2394 = DEFINITIONAL_REPRESENTATION('',(#2395),#2399);
#2395 = LINE('',#2396,#2397);
#2396 = CARTESIAN_POINT('',(-2.333861575288,3.334386454157));
#2397 = VECTOR('',#2398,1.);
#2398 = DIRECTION('',(-0.861954668636,-0.506985354045));
#2399 = ( GEOMETRIC_REPRESENTATION_CONTEXT(2) 
PARAMETRIC_REPRESENTATION_CONTEXT() REPRESENTATION_CONTEXT('2D SPACE',''
  ) );
#2400 = ORIENTED_EDGE('',*,*,#2401,.T.);
#2401 = EDGE_CURVE('',#2386,#2402,#2404,.T.);
#2402 = VERTEX_POINT('',#2403);
#2403 = CARTESIAN_POINT('',(-7.969353411154E-02,41.940988991136,
    12.68349463695));
#2404 = SURFACE_CURVE('',#2405,(#2409),.PCURVE_S1.);
#2405 = LINE('',#2406,#2407);
#2406 = CARTESIAN_POINT('',(-3.902929147492E-02,41.891764221477,
    12.637974842423));
#2407 = VECTOR('',#2408,1.);
#2408 = DIRECTION('',(-0.51858586289,0.627757164373,0.580508092441));
#2409 = PCURVE('',#1909,#2410);
#2410 = DEFINITIONAL_REPRESENTATION('',(#2411),#2415);
#2411 = LINE('',#2412,#2413);
#2412 = CARTESIAN_POINT('',(-2.401450640659,3.294631850483));
#2413 = VECTOR('',#2414,1.);
#2414 = DIRECTION('',(-0.746484515395,-0.665402786495));
#2415 = ( GEOMETRIC_REPRESENTATION_CONTEXT(2) 
PARAMETRIC_REPRESENTATION_CONTEXT() REPRESENTATION_CONTEXT('2D SPACE',''
  ) );
#2416 = ORIENTED_EDGE('',*,*,#2417,.T.);
#2417 = EDGE_CURVE('',#2402,#2418,#2420,.T.);
#2418 = VERTEX_POINT('',#2419);
#2419 = CARTESIAN_POINT('',(-0.118647916442,42.000041390641,
    12.717318895713));
#2420 = SURFACE_CURVE('',#2421,(#2425),.PCURVE_S1.);
#2421 = LINE('',#2422,#2423);
#2422 = CARTESIAN_POINT('',(-7.969353411154E-02,41.940988991136,
    12.68349463695));
#2423 = VECTOR('',#2424,1.);
#2424 = DIRECTION('',(-0.496780234046,0.753087665415,0.43135642717));
#2425 = PCURVE('',#1909,#2426);
#2426 = DEFINITIONAL_REPRESENTATION('',(#2427),#2431);
#2427 = LINE('',#2428,#2429);
#2428 = CARTESIAN_POINT('',(-2.459985262658,3.242455147843));
#2429 = VECTOR('',#2430,1.);
#2430 = DIRECTION('',(-0.602327380861,-0.798249163022));
#2431 = ( GEOMETRIC_REPRESENTATION_CONTEXT(2) 
PARAMETRIC_REPRESENTATION_CONTEXT() REPRESENTATION_CONTEXT('2D SPACE',''
  ) );
#2432 = ORIENTED_EDGE('',*,*,#2433,.T.);
#2433 = EDGE_CURVE('',#2418,#2434,#2436,.T.);
#2434 = VERTEX_POINT('',#2435);
#2435 = CARTESIAN_POINT('',(-0.1543954434,42.066652069397,
    12.738147771417));
#2436 = SURFACE_CURVE('',#2437,(#2441),.PCURVE_S1.);
#2437 = LINE('',#2438,#2439);
#2438 = CARTESIAN_POINT('',(-0.118647916442,42.000041390641,
    12.717318895713));
#2439 = VECTOR('',#2440,1.);
#2440 = DIRECTION('',(-0.455883619406,0.849477429811,0.265627976311));
#2441 = PCURVE('',#1909,#2442);
#2442 = DEFINITIONAL_REPRESENTATION('',(#2443),#2447);
#2443 = LINE('',#2444,#2445);
#2444 = CARTESIAN_POINT('',(-2.507215988589,3.179861467659));
#2445 = VECTOR('',#2446,1.);
#2446 = DIRECTION('',(-0.435023142869,-0.900419271878));
#2447 = ( GEOMETRIC_REPRESENTATION_CONTEXT(2) 
PARAMETRIC_REPRESENTATION_CONTEXT() REPRESENTATION_CONTEXT('2D SPACE',''
  ) );
#2448 = ORIENTED_EDGE('',*,*,#2449,.T.);
#2449 = EDGE_CURVE('',#2434,#2450,#2452,.T.);
#2450 = VERTEX_POINT('',#2451);
#2451 = CARTESIAN_POINT('',(-0.185562357571,42.138261216374,
    12.745180822049));
#2452 = SURFACE_CURVE('',#2453,(#2457),.PCURVE_S1.);
#2453 = LINE('',#2454,#2455);
#2454 = CARTESIAN_POINT('',(-0.1543954434,42.066652069397,
    12.738147771417));
#2455 = VECTOR('',#2456,1.);
#2456 = DIRECTION('',(-0.397467652935,0.913222252972,8.969159128825E-02)
  );
#2457 = PCURVE('',#1909,#2458);
#2458 = DEFINITIONAL_REPRESENTATION('',(#2459),#2463);
#2459 = LINE('',#2460,#2461);
#2460 = CARTESIAN_POINT('',(-2.541327768142,3.109256249958));
#2461 = VECTOR('',#2462,1.);
#2462 = DIRECTION('',(-0.25100120946,-0.967986773076));
#2463 = ( GEOMETRIC_REPRESENTATION_CONTEXT(2) 
PARAMETRIC_REPRESENTATION_CONTEXT() REPRESENTATION_CONTEXT('2D SPACE',''
  ) );
#2464 = ORIENTED_EDGE('',*,*,#2465,.T.);
#2465 = EDGE_CURVE('',#2450,#1899,#2466,.T.);
#2466 = SURFACE_CURVE('',#2467,(#2471),.PCURVE_S1.);
#2467 = LINE('',#2468,#2469);
#2468 = CARTESIAN_POINT('',(-0.185562357571,42.138261216374,
    12.745180822049));
#2469 = VECTOR('',#2470,1.);
#2470 = DIRECTION('',(-0.362367337976,0.932035360042,3.416070845E-16));
#2471 = PCURVE('',#1909,#2472);
#2472 = DEFINITIONAL_REPRESENTATION('',(#2473),#2477);
#2473 = LINE('',#2474,#2475);
#2474 = CARTESIAN_POINT('',(-2.561009704759,3.033352813659));
#2475 = VECTOR('',#2476,1.);
#2476 = DIRECTION('',(-0.154913274658,-0.987928072956));
#2477 = ( GEOMETRIC_REPRESENTATION_CONTEXT(2) 
PARAMETRIC_REPRESENTATION_CONTEXT() REPRESENTATION_CONTEXT('2D SPACE',''
  ) );
#2478 = ( GEOMETRIC_REPRESENTATION_CONTEXT(3) 
GLOBAL_UNCERTAINTY_ASSIGNED_CONTEXT((#2482)) 
GLOBAL_UNIT_ASSIGNED_CONTEXT((#2479,#2480,#2481)) REPRESENTATION_CONTEXT
('Context #1','3D Context with UNIT and UNCERTAINTY') );
#2479 = ( LENGTH_UNIT() NAMED_UNIT(*) SI_UNIT(.MILLI.,.METRE.) );
#2480 = ( NAMED_UNIT(*) PLANE_ANGLE_UNIT() SI_UNIT($,.RADIAN.) );
#2481 = ( NAMED_UNIT(*) SI_UNIT($,.STERADIAN.) SOLID_ANGLE_UNIT() );
#2482 = UNCERTAINTY_MEASURE_WITH_UNIT(LENGTH_MEASURE(1.E-07),#2479,
  'distance_accuracy_value','confusion accuracy');
#2483 = CONTEXT_DEPENDENT_SHAPE_REPRESENTATION(#2484,#2486);
#2484 = ( REPRESENTATION_RELATIONSHIP('','',#1891,#10) 
REPRESENTATION_RELATIONSHIP_WITH_TRANSFORMATION(#2485) 
SHAPE_REPRESENTATION_RELATIONSHIP() );
#2485 = ITEM_DEFINED_TRANSFORMATION('','',#11,#27);
#2486 = PRODUCT_DEFINITION_SHAPE('Placement','Placement of an item',
  #2487);
#2487 = NEXT_ASSEMBLY_USAGE_OCCURRENCE('4','','',#5,#1886,$);
#2488 = PRODUCT_RELATED_PRODUCT_CATEGORY('part',$,(#1888));
#2489 = SHAPE_DEFINITION_REPRESENTATION(#2490,#2496);
#2490 = PRODUCT_DEFINITION_SHAPE('','',#2491);
#2491 = PRODUCT_DEFINITION('design','',#2492,#2495);
#2492 = PRODUCT_DEFINITION_FORMATION('','',#2493);
#2493 = PRODUCT('Open CASCADE STEP translator 7.8 1.5',
  'Open CASCADE STEP translator 7.8 1.5','',(#2494));
#2494 = PRODUCT_CONTEXT('',#2,'mechanical');
#2495 = PRODUCT_DEFINITION_CONTEXT('part definition',#2,'design');
#2496 = MANIFOLD_SURFACE_SHAPE_REPRESENTATION('',(#11,#2497),#3083);
#2497 = SHELL_BASED_SURFACE_MODEL('',(#2498));
#2498 = OPEN_SHELL('',(#2499));
#2499 = ADVANCED_FACE('',(#2500),#2514,.T.);
#2500 = FACE_BOUND('',#2501,.T.);
#2501 = EDGE_LOOP('',(#2502,#2525,#2541,#2557,#2573,#2589,#2605,#2621,
    #2637,#2653,#2669,#2685,#2701,#2717,#2733,#2749,#2765,#2781,#2797,
    #2813,#2829,#2845,#2861,#2877,#2893,#2909,#2925,#2941,#2957,#2973,
    #2989,#3005,#3021,#3037,#3053,#3069));
#2502 = ORIENTED_EDGE('',*,*,#2503,.T.);
#2503 = EDGE_CURVE('',#2504,#2506,#2508,.T.);
#2504 = VERTEX_POINT('',#2505);
#2505 = CARTESIAN_POINT('',(-0.185562357571,-42.13826121637,
    12.745180822049));
#2506 = VERTEX_POINT('',#2507);
#2507 = CARTESIAN_POINT('',(-0.1543954434,-42.06665206939,
    12.738147771417));
#2508 = SURFACE_CURVE('',#2509,(#2513),.PCURVE_S1.);
#2509 = LINE('',#2510,#2511);
#2510 = CARTESIAN_POINT('',(-0.185562357571,-42.13826121637,
    12.745180822049));
#2511 = VECTOR('',#2512,1.);
#2512 = DIRECTION('',(0.397467652935,0.913222252972,-8.969159128825E-02)
  );
#2513 = PCURVE('',#2514,#2519);
#2514 = PLANE('',#2515);
#2515 = AXIS2_PLACEMENT_3D('',#2516,#2517,#2518);
#2516 = CARTESIAN_POINT('',(1.667055977585E-17,-45.,10.));
#2517 = DIRECTION('',(-0.852868531952,0.331587955583,-0.403317114585));
#2518 = DIRECTION('',(0.427503415519,-1.387778780781E-17,-0.904013733148
    ));
#2519 = DEFINITIONAL_REPRESENTATION('',(#2520),#2524);
#2520 = LINE('',#2521,#2522);
#2521 = CARTESIAN_POINT('',(-2.561009704759,-3.033352813659));
#2522 = VECTOR('',#2523,1.);
#2523 = DIRECTION('',(0.25100120946,-0.967986773076));
#2524 = ( GEOMETRIC_REPRESENTATION_CONTEXT(2) 
PARAMETRIC_REPRESENTATION_CONTEXT() REPRESENTATION_CONTEXT('2D SPACE',''
  ) );
#2525 = ORIENTED_EDGE('',*,*,#2526,.T.);
#2526 = EDGE_CURVE('',#2506,#2527,#2529,.T.);
#2527 = VERTEX_POINT('',#2528);
#2528 = CARTESIAN_POINT('',(-0.118647916442,-42.00004139064,
    12.717318895713));
#2529 = SURFACE_CURVE('',#2530,(#2534),.PCURVE_S1.);
#2530 = LINE('',#2531,#2532);
#2531 = CARTESIAN_POINT('',(-0.1543954434,-42.06665206939,
    12.738147771417));
#2532 = VECTOR('',#2533,1.);
#2533 = DIRECTION('',(0.455883619406,0.849477429811,-0.265627976311));
#2534 = PCURVE('',#2514,#2535);
#2535 = DEFINITIONAL_REPRESENTATION('',(#2536),#2540);
#2536 = LINE('',#2537,#2538);
#2537 = CARTESIAN_POINT('',(-2.541327768142,-3.109256249958));
#2538 = VECTOR('',#2539,1.);
#2539 = DIRECTION('',(0.435023142869,-0.900419271878));
#2540 = ( GEOMETRIC_REPRESENTATION_CONTEXT(2) 
PARAMETRIC_REPRESENTATION_CONTEXT() REPRESENTATION_CONTEXT('2D SPACE',''
  ) );
#2541 = ORIENTED_EDGE('',*,*,#2542,.T.);
#2542 = EDGE_CURVE('',#2527,#2543,#2545,.T.);
#2543 = VERTEX_POINT('',#2544);
#2544 = CARTESIAN_POINT('',(-7.969353411154E-02,-41.94098899113,
    12.68349463695));
#2545 = SURFACE_CURVE('',#2546,(#2550),.PCURVE_S1.);
#2546 = LINE('',#2547,#2548);
#2547 = CARTESIAN_POINT('',(-0.118647916442,-42.00004139064,
    12.717318895713));
#2548 = VECTOR('',#2549,1.);
#2549 = DIRECTION('',(0.496780234046,0.753087665415,-0.43135642717));
#2550 = PCURVE('',#2514,#2551);
#2551 = DEFINITIONAL_REPRESENTATION('',(#2552),#2556);
#2552 = LINE('',#2553,#2554);
#2553 = CARTESIAN_POINT('',(-2.507215988589,-3.179861467659));
#2554 = VECTOR('',#2555,1.);
#2555 = DIRECTION('',(0.602327380861,-0.798249163022));
#2556 = ( GEOMETRIC_REPRESENTATION_CONTEXT(2) 
PARAMETRIC_REPRESENTATION_CONTEXT() REPRESENTATION_CONTEXT('2D SPACE',''
  ) );
#2557 = ORIENTED_EDGE('',*,*,#2558,.T.);
#2558 = EDGE_CURVE('',#2543,#2559,#2561,.T.);
#2559 = VERTEX_POINT('',#2560);
#2560 = CARTESIAN_POINT('',(-3.902929147492E-02,-41.89176422147,
    12.637974842423));
#2561 = SURFACE_CURVE('',#2562,(#2566),.PCURVE_S1.);
#2562 = LINE('',#2563,#2564);
#2563 = CARTESIAN_POINT('',(-7.969353411154E-02,-41.94098899113,
    12.68349463695));
#2564 = VECTOR('',#2565,1.);
#2565 = DIRECTION('',(0.51858586289,0.627757164373,-0.580508092441));
#2566 = PCURVE('',#2514,#2567);
#2567 = DEFINITIONAL_REPRESENTATION('',(#2568),#2572);
#2568 = LINE('',#2569,#2570);
#2569 = CARTESIAN_POINT('',(-2.459985262658,-3.242455147843));
#2570 = VECTOR('',#2571,1.);
#2571 = DIRECTION('',(0.746484515395,-0.665402786495));
#2572 = ( GEOMETRIC_REPRESENTATION_CONTEXT(2) 
PARAMETRIC_REPRESENTATION_CONTEXT() REPRESENTATION_CONTEXT('2D SPACE',''
  ) );
#2573 = ORIENTED_EDGE('',*,*,#2574,.T.);
#2574 = EDGE_CURVE('',#2559,#2575,#2577,.T.);
#2575 = VERTEX_POINT('',#2576);
#2576 = CARTESIAN_POINT('',(1.782107427787E-03,-41.85425876195,
    12.582508812307));
#2577 = SURFACE_CURVE('',#2578,(#2582),.PCURVE_S1.);
#2578 = LINE('',#2579,#2580);
#2579 = CARTESIAN_POINT('',(-3.902929147492E-02,-41.89176422147,
    12.637974842423));
#2580 = VECTOR('',#2581,1.);
#2581 = DIRECTION('',(0.520462527848,0.478302307555,-0.707351157271));
#2582 = PCURVE('',#2514,#2583);
#2583 = DEFINITIONAL_REPRESENTATION('',(#2584),#2588);
#2584 = LINE('',#2585,#2586);
#2585 = CARTESIAN_POINT('',(-2.401450640659,-3.294631850483));
#2586 = VECTOR('',#2587,1.);
#2587 = DIRECTION('',(0.861954668636,-0.506985354045));
#2588 = ( GEOMETRIC_REPRESENTATION_CONTEXT(2) 
PARAMETRIC_REPRESENTATION_CONTEXT() REPRESENTATION_CONTEXT('2D SPACE',''
  ) );
#2589 = ORIENTED_EDGE('',*,*,#2590,.T.);
#2590 = EDGE_CURVE('',#2575,#2591,#2593,.T.);
#2591 = VERTEX_POINT('',#2592);
#2592 = CARTESIAN_POINT('',(4.117230342405E-02,-41.82991392635,
    12.519228075035));
#2593 = SURFACE_CURVE('',#2594,(#2598),.PCURVE_S1.);
#2594 = LINE('',#2595,#2596);
#2595 = CARTESIAN_POINT('',(1.782107427787E-03,-41.85425876195,
    12.582508812307));
#2596 = VECTOR('',#2597,1.);
#2597 = DIRECTION('',(0.502338109741,0.310466561293,-0.807011113815));
#2598 = PCURVE('',#2514,#2599);
#2599 = DEFINITIONAL_REPRESENTATION('',(#2600),#2604);
#2600 = LINE('',#2601,#2602);
#2601 = CARTESIAN_POINT('',(-2.333861575288,-3.334386454157));
#2602 = VECTOR('',#2603,1.);
#2603 = DIRECTION('',(0.944300387351,-0.32908475876));
#2604 = ( GEOMETRIC_REPRESENTATION_CONTEXT(2) 
PARAMETRIC_REPRESENTATION_CONTEXT() REPRESENTATION_CONTEXT('2D SPACE',''
  ) );
#2605 = ORIENTED_EDGE('',*,*,#2606,.T.);
#2606 = EDGE_CURVE('',#2591,#2607,#2609,.T.);
#2607 = VERTEX_POINT('',#2608);
#2608 = CARTESIAN_POINT('',(7.762755337201E-02,-41.81966527304,
    12.450564473851));
#2609 = SURFACE_CURVE('',#2610,(#2614),.PCURVE_S1.);
#2610 = LINE('',#2611,#2612);
#2611 = CARTESIAN_POINT('',(4.117230342405E-02,-41.82991392635,
    12.519228075035));
#2612 = VECTOR('',#2613,1.);
#2613 = DIRECTION('',(0.46490911979,0.130699759191,-0.875658085832));
#2614 = PCURVE('',#2514,#2615);
#2615 = DEFINITIONAL_REPRESENTATION('',(#2616),#2620);
#2616 = LINE('',#2617,#2618);
#2617 = CARTESIAN_POINT('',(-2.259815476424,-3.360191211741));
#2618 = VECTOR('',#2619,1.);
#2619 = DIRECTION('',(0.99035717175,-0.138537620749));
#2620 = ( GEOMETRIC_REPRESENTATION_CONTEXT(2) 
PARAMETRIC_REPRESENTATION_CONTEXT() REPRESENTATION_CONTEXT('2D SPACE',''
  ) );
#2621 = ORIENTED_EDGE('',*,*,#2622,.T.);
#2622 = EDGE_CURVE('',#2607,#2623,#2625,.T.);
#2623 = VERTEX_POINT('',#2624);
#2624 = CARTESIAN_POINT('',(0.109746902461,-41.82390665202,
    12.379156712442));
#2625 = SURFACE_CURVE('',#2626,(#2630),.PCURVE_S1.);
#2626 = LINE('',#2627,#2628);
#2627 = CARTESIAN_POINT('',(7.762755337201E-02,-41.81966527304,
    12.450564473851));
#2628 = VECTOR('',#2629,1.);
#2629 = DIRECTION('',(0.40961393309,-5.408976135846E-02,-0.910654008685)
  );
#2630 = PCURVE('',#2514,#2631);
#2631 = DEFINITIONAL_REPRESENTATION('',(#2632),#2636);
#2632 = LINE('',#2633,#2634);
#2633 = CARTESIAN_POINT('',(-2.18215789412,-3.371054460872));
#2634 = VECTOR('',#2635,1.);
#2635 = DIRECTION('',(0.998355085438,5.733344033551E-02));
#2636 = ( GEOMETRIC_REPRESENTATION_CONTEXT(2) 
PARAMETRIC_REPRESENTATION_CONTEXT() REPRESENTATION_CONTEXT('2D SPACE',''
  ) );
#2637 = ORIENTED_EDGE('',*,*,#2638,.T.);
#2638 = EDGE_CURVE('',#2623,#2639,#2641,.T.);
#2639 = VERTEX_POINT('',#2640);
#2640 = CARTESIAN_POINT('',(2.064457125398,-42.58388118772,
    7.620843287558));
#2641 = SURFACE_CURVE('',#2642,(#2646),.PCURVE_S1.);
#2642 = LINE('',#2643,#2644);
#2643 = CARTESIAN_POINT('',(0.109746902461,-41.82390665202,
    12.379156712442));
#2644 = VECTOR('',#2645,1.);
#2645 = DIRECTION('',(0.375905812103,-0.146148949173,-0.915060274016));
#2646 = PCURVE('',#2514,#2647);
#2647 = DEFINITIONAL_REPRESENTATION('',(#2648),#2652);
#2648 = LINE('',#2649,#2650);
#2649 = CARTESIAN_POINT('',(-2.103873165713,-3.366558732978));
#2650 = VECTOR('',#2651,1.);
#2651 = DIRECTION('',(0.987928072956,0.154913274658));
#2652 = ( GEOMETRIC_REPRESENTATION_CONTEXT(2) 
PARAMETRIC_REPRESENTATION_CONTEXT() REPRESENTATION_CONTEXT('2D SPACE',''
  ) );
#2653 = ORIENTED_EDGE('',*,*,#2654,.T.);
#2654 = EDGE_CURVE('',#2639,#2655,#2657,.T.);
#2655 = VERTEX_POINT('',#2656);
#2656 = CARTESIAN_POINT('',(2.091006245055,-42.60244960518,
    7.549435526149));
#2657 = SURFACE_CURVE('',#2658,(#2662),.PCURVE_S1.);
#2658 = LINE('',#2659,#2660);
#2659 = CARTESIAN_POINT('',(2.064457125398,-42.58388118772,
    7.620843287558));
#2660 = VECTOR('',#2661,1.);
#2661 = DIRECTION('',(0.338577512655,-0.236800642713,-0.910654008685));
#2662 = PCURVE('',#2514,#2663);
#2663 = DEFINITIONAL_REPRESENTATION('',(#2664),#2668);
#2664 = LINE('',#2665,#2666);
#2665 = CARTESIAN_POINT('',(3.033352813659,-2.561009704759));
#2666 = VECTOR('',#2667,1.);
#2667 = DIRECTION('',(0.967986773076,0.25100120946));
#2668 = ( GEOMETRIC_REPRESENTATION_CONTEXT(2) 
PARAMETRIC_REPRESENTATION_CONTEXT() REPRESENTATION_CONTEXT('2D SPACE',''
  ) );
#2669 = ORIENTED_EDGE('',*,*,#2670,.T.);
#2670 = EDGE_CURVE('',#2655,#2671,#2673,.T.);
#2671 = VERTEX_POINT('',#2672);
#2672 = CARTESIAN_POINT('',(2.110964867499,-42.63463148725,
    7.480771924965));
#2673 = SURFACE_CURVE('',#2674,(#2678),.PCURVE_S1.);
#2674 = LINE('',#2675,#2676);
#2675 = CARTESIAN_POINT('',(2.091006245055,-42.60244960518,
    7.549435526149));
#2676 = VECTOR('',#2677,1.);
#2677 = DIRECTION('',(0.254529748286,-0.410411408168,-0.875658085832));
#2678 = PCURVE('',#2514,#2679);
#2679 = DEFINITIONAL_REPRESENTATION('',(#2680),#2684);
#2680 = LINE('',#2681,#2682);
#2681 = CARTESIAN_POINT('',(3.109256249958,-2.541327768142));
#2682 = VECTOR('',#2683,1.);
#2683 = DIRECTION('',(0.900419271878,0.435023142869));
#2684 = ( GEOMETRIC_REPRESENTATION_CONTEXT(2) 
PARAMETRIC_REPRESENTATION_CONTEXT() REPRESENTATION_CONTEXT('2D SPACE',''
  ) );
#2685 = ORIENTED_EDGE('',*,*,#2686,.T.);
#2686 = EDGE_CURVE('',#2671,#2687,#2689,.T.);
#2687 = VERTEX_POINT('',#2688);
#2688 = CARTESIAN_POINT('',(2.123565994065,-42.67919010225,
    7.417491187693));
#2689 = SURFACE_CURVE('',#2690,(#2694),.PCURVE_S1.);
#2690 = LINE('',#2691,#2692);
#2691 = CARTESIAN_POINT('',(2.110964867499,-42.63463148725,
    7.480771924965));
#2692 = VECTOR('',#2693,1.);
#2693 = DIRECTION('',(0.160700548432,-0.568250293368,-0.807011113815));
#2694 = PCURVE('',#2514,#2695);
#2695 = DEFINITIONAL_REPRESENTATION('',(#2696),#2700);
#2696 = LINE('',#2697,#2698);
#2697 = CARTESIAN_POINT('',(3.179861467659,-2.507215988589));
#2698 = VECTOR('',#2699,1.);
#2699 = DIRECTION('',(0.798249163022,0.602327380861));
#2700 = ( GEOMETRIC_REPRESENTATION_CONTEXT(2) 
PARAMETRIC_REPRESENTATION_CONTEXT() REPRESENTATION_CONTEXT('2D SPACE',''
  ) );
#2701 = ORIENTED_EDGE('',*,*,#2702,.T.);
#2702 = EDGE_CURVE('',#2687,#2703,#2705,.T.);
#2703 = VERTEX_POINT('',#2704);
#2704 = CARTESIAN_POINT('',(2.128325370523,-42.73441308759,
    7.362025157577));
#2705 = SURFACE_CURVE('',#2706,(#2710),.PCURVE_S1.);
#2706 = LINE('',#2707,#2708);
#2707 = CARTESIAN_POINT('',(2.123565994065,-42.67919010225,
    7.417491187693));
#2708 = VECTOR('',#2709,1.);
#2709 = DIRECTION('',(6.069571662322E-02,-0.704251638472,-0.707351157271
    ));
#2710 = PCURVE('',#2514,#2711);
#2711 = DEFINITIONAL_REPRESENTATION('',(#2712),#2716);
#2712 = LINE('',#2713,#2714);
#2713 = CARTESIAN_POINT('',(3.242455147843,-2.459985262658));
#2714 = VECTOR('',#2715,1.);
#2715 = DIRECTION('',(0.665402786495,0.746484515395));
#2716 = ( GEOMETRIC_REPRESENTATION_CONTEXT(2) 
PARAMETRIC_REPRESENTATION_CONTEXT() REPRESENTATION_CONTEXT('2D SPACE',''
  ) );
#2717 = ORIENTED_EDGE('',*,*,#2718,.T.);
#2718 = EDGE_CURVE('',#2703,#2719,#2721,.T.);
#2719 = VERTEX_POINT('',#2720);
#2720 = CARTESIAN_POINT('',(2.125060096708,-42.79817825491,7.31650536305
    ));
#2721 = SURFACE_CURVE('',#2722,(#2726),.PCURVE_S1.);
#2722 = LINE('',#2723,#2724);
#2723 = CARTESIAN_POINT('',(2.128325370523,-42.73441308759,
    7.362025157577));
#2724 = VECTOR('',#2725,1.);
#2725 = DIRECTION('',(-4.164161753654E-02,-0.813188988059,
    -0.580508092441));
#2726 = PCURVE('',#2514,#2727);
#2727 = DEFINITIONAL_REPRESENTATION('',(#2728),#2732);
#2728 = LINE('',#2729,#2730);
#2729 = CARTESIAN_POINT('',(3.294631850483,-2.401450640659));
#2730 = VECTOR('',#2731,1.);
#2731 = DIRECTION('',(0.506985354045,0.861954668636));
#2732 = ( GEOMETRIC_REPRESENTATION_CONTEXT(2) 
PARAMETRIC_REPRESENTATION_CONTEXT() REPRESENTATION_CONTEXT('2D SPACE',''
  ) );
#2733 = ORIENTED_EDGE('',*,*,#2734,.T.);
#2734 = EDGE_CURVE('',#2719,#2735,#2737,.T.);
#2735 = VERTEX_POINT('',#2736);
#2736 = CARTESIAN_POINT('',(2.113895655259,-42.86803514461,
    7.282681104287));
#2737 = SURFACE_CURVE('',#2738,(#2742),.PCURVE_S1.);
#2738 = LINE('',#2739,#2740);
#2739 = CARTESIAN_POINT('',(2.125060096708,-42.79817825491,7.31650536305
    ));
#2740 = VECTOR('',#2741,1.);
#2741 = DIRECTION('',(-0.142378687687,-0.890875940876,-0.43135642717));
#2742 = PCURVE('',#2514,#2743);
#2743 = DEFINITIONAL_REPRESENTATION('',(#2744),#2748);
#2744 = LINE('',#2745,#2746);
#2745 = CARTESIAN_POINT('',(3.334386454157,-2.333861575288));
#2746 = VECTOR('',#2747,1.);
#2747 = DIRECTION('',(0.32908475876,0.944300387351));
#2748 = ( GEOMETRIC_REPRESENTATION_CONTEXT(2) 
PARAMETRIC_REPRESENTATION_CONTEXT() REPRESENTATION_CONTEXT('2D SPACE',''
  ) );
#2749 = ORIENTED_EDGE('',*,*,#2750,.T.);
#2750 = EDGE_CURVE('',#2735,#2751,#2753,.T.);
#2751 = VERTEX_POINT('',#2752);
#2752 = CARTESIAN_POINT('',(2.095261089401,-42.94129919557,
    7.261852228583));
#2753 = SURFACE_CURVE('',#2754,(#2758),.PCURVE_S1.);
#2754 = LINE('',#2755,#2756);
#2755 = CARTESIAN_POINT('',(2.113895655259,-42.86803514461,
    7.282681104287));
#2756 = VECTOR('',#2757,1.);
#2757 = DIRECTION('',(-0.237644224717,-0.934327030894,-0.265627976311));
#2758 = PCURVE('',#2514,#2759);
#2759 = DEFINITIONAL_REPRESENTATION('',(#2760),#2764);
#2760 = LINE('',#2761,#2762);
#2761 = CARTESIAN_POINT('',(3.360191211741,-2.259815476424));
#2762 = VECTOR('',#2763,1.);
#2763 = DIRECTION('',(0.138537620749,0.99035717175));
#2764 = ( GEOMETRIC_REPRESENTATION_CONTEXT(2) 
PARAMETRIC_REPRESENTATION_CONTEXT() REPRESENTATION_CONTEXT('2D SPACE',''
  ) );
#2765 = ORIENTED_EDGE('',*,*,#2766,.T.);
#2766 = EDGE_CURVE('',#2751,#2767,#2769,.T.);
#2767 = VERTEX_POINT('',#2768);
#2768 = CARTESIAN_POINT('',(2.069872515049,-43.01515491141,
    7.254819177951));
#2769 = SURFACE_CURVE('',#2770,(#2774),.PCURVE_S1.);
#2770 = LINE('',#2771,#2772);
#2771 = CARTESIAN_POINT('',(2.095261089401,-42.94129919557,
    7.261852228583));
#2772 = VECTOR('',#2773,1.);
#2773 = DIRECTION('',(-0.323777227463,-0.941872457092,
    -8.969159128825E-02));
#2774 = PCURVE('',#2514,#2775);
#2775 = DEFINITIONAL_REPRESENTATION('',(#2776),#2780);
#2776 = LINE('',#2777,#2778);
#2777 = CARTESIAN_POINT('',(3.371054460872,-2.18215789412));
#2778 = VECTOR('',#2779,1.);
#2779 = DIRECTION('',(-5.733344033551E-02,0.998355085438));
#2780 = ( GEOMETRIC_REPRESENTATION_CONTEXT(2) 
PARAMETRIC_REPRESENTATION_CONTEXT() REPRESENTATION_CONTEXT('2D SPACE',''
  ) );
#2781 = ORIENTED_EDGE('',*,*,#2782,.T.);
#2782 = EDGE_CURVE('',#2767,#2783,#2785,.T.);
#2783 = VERTEX_POINT('',#2784);
#2784 = CARTESIAN_POINT('',(0.185562357571,-47.86173878362,
    7.254819177951));
#2785 = SURFACE_CURVE('',#2786,(#2790),.PCURVE_S1.);
#2786 = LINE('',#2787,#2788);
#2787 = CARTESIAN_POINT('',(2.069872515049,-43.01515491141,
    7.254819177951));
#2788 = VECTOR('',#2789,1.);
#2789 = DIRECTION('',(-0.362367337976,-0.932035360042,0.));
#2790 = PCURVE('',#2514,#2791);
#2791 = DEFINITIONAL_REPRESENTATION('',(#2792),#2796);
#2792 = LINE('',#2793,#2794);
#2793 = CARTESIAN_POINT('',(3.366558732978,-2.103873165713));
#2794 = VECTOR('',#2795,1.);
#2795 = DIRECTION('',(-0.154913274658,0.987928072956));
#2796 = ( GEOMETRIC_REPRESENTATION_CONTEXT(2) 
PARAMETRIC_REPRESENTATION_CONTEXT() REPRESENTATION_CONTEXT('2D SPACE',''
  ) );
#2797 = ORIENTED_EDGE('',*,*,#2798,.T.);
#2798 = EDGE_CURVE('',#2783,#2799,#2801,.T.);
#2799 = VERTEX_POINT('',#2800);
#2800 = CARTESIAN_POINT('',(0.1543954434,-47.9333479306,7.261852228583)
  );
#2801 = SURFACE_CURVE('',#2802,(#2806),.PCURVE_S1.);
#2802 = LINE('',#2803,#2804);
#2803 = CARTESIAN_POINT('',(0.185562357571,-47.86173878362,
    7.254819177951));
#2804 = VECTOR('',#2805,1.);
#2805 = DIRECTION('',(-0.397467652935,-0.913222252972,8.969159128825E-02
    ));
#2806 = PCURVE('',#2514,#2807);
#2807 = DEFINITIONAL_REPRESENTATION('',(#2808),#2812);
#2808 = LINE('',#2809,#2810);
#2809 = CARTESIAN_POINT('',(2.561009704759,3.033352813659));
#2810 = VECTOR('',#2811,1.);
#2811 = DIRECTION('',(-0.25100120946,0.967986773076));
#2812 = ( GEOMETRIC_REPRESENTATION_CONTEXT(2) 
PARAMETRIC_REPRESENTATION_CONTEXT() REPRESENTATION_CONTEXT('2D SPACE',''
  ) );
#2813 = ORIENTED_EDGE('',*,*,#2814,.T.);
#2814 = EDGE_CURVE('',#2799,#2815,#2817,.T.);
#2815 = VERTEX_POINT('',#2816);
#2816 = CARTESIAN_POINT('',(0.118647916442,-47.99995860935,
    7.282681104287));
#2817 = SURFACE_CURVE('',#2818,(#2822),.PCURVE_S1.);
#2818 = LINE('',#2819,#2820);
#2819 = CARTESIAN_POINT('',(0.1543954434,-47.9333479306,7.261852228583)
  );
#2820 = VECTOR('',#2821,1.);
#2821 = DIRECTION('',(-0.455883619406,-0.849477429811,0.265627976311));
#2822 = PCURVE('',#2514,#2823);
#2823 = DEFINITIONAL_REPRESENTATION('',(#2824),#2828);
#2824 = LINE('',#2825,#2826);
#2825 = CARTESIAN_POINT('',(2.541327768142,3.109256249958));
#2826 = VECTOR('',#2827,1.);
#2827 = DIRECTION('',(-0.435023142869,0.900419271878));
#2828 = ( GEOMETRIC_REPRESENTATION_CONTEXT(2) 
PARAMETRIC_REPRESENTATION_CONTEXT() REPRESENTATION_CONTEXT('2D SPACE',''
  ) );
#2829 = ORIENTED_EDGE('',*,*,#2830,.T.);
#2830 = EDGE_CURVE('',#2815,#2831,#2833,.T.);
#2831 = VERTEX_POINT('',#2832);
#2832 = CARTESIAN_POINT('',(7.969353411154E-02,-48.05901100886,
    7.31650536305));
#2833 = SURFACE_CURVE('',#2834,(#2838),.PCURVE_S1.);
#2834 = LINE('',#2835,#2836);
#2835 = CARTESIAN_POINT('',(0.118647916442,-47.99995860935,
    7.282681104287));
#2836 = VECTOR('',#2837,1.);
#2837 = DIRECTION('',(-0.496780234046,-0.753087665415,0.43135642717));
#2838 = PCURVE('',#2514,#2839);
#2839 = DEFINITIONAL_REPRESENTATION('',(#2840),#2844);
#2840 = LINE('',#2841,#2842);
#2841 = CARTESIAN_POINT('',(2.507215988589,3.179861467659));
#2842 = VECTOR('',#2843,1.);
#2843 = DIRECTION('',(-0.602327380861,0.798249163022));
#2844 = ( GEOMETRIC_REPRESENTATION_CONTEXT(2) 
PARAMETRIC_REPRESENTATION_CONTEXT() REPRESENTATION_CONTEXT('2D SPACE',''
  ) );
#2845 = ORIENTED_EDGE('',*,*,#2846,.T.);
#2846 = EDGE_CURVE('',#2831,#2847,#2849,.T.);
#2847 = VERTEX_POINT('',#2848);
#2848 = CARTESIAN_POINT('',(3.902929147492E-02,-48.10823577852,
    7.362025157577));
#2849 = SURFACE_CURVE('',#2850,(#2854),.PCURVE_S1.);
#2850 = LINE('',#2851,#2852);
#2851 = CARTESIAN_POINT('',(7.969353411154E-02,-48.05901100886,
    7.31650536305));
#2852 = VECTOR('',#2853,1.);
#2853 = DIRECTION('',(-0.51858586289,-0.627757164373,0.580508092441));
#2854 = PCURVE('',#2514,#2855);
#2855 = DEFINITIONAL_REPRESENTATION('',(#2856),#2860);
#2856 = LINE('',#2857,#2858);
#2857 = CARTESIAN_POINT('',(2.459985262658,3.242455147843));
#2858 = VECTOR('',#2859,1.);
#2859 = DIRECTION('',(-0.746484515395,0.665402786495));
#2860 = ( GEOMETRIC_REPRESENTATION_CONTEXT(2) 
PARAMETRIC_REPRESENTATION_CONTEXT() REPRESENTATION_CONTEXT('2D SPACE',''
  ) );
#2861 = ORIENTED_EDGE('',*,*,#2862,.T.);
#2862 = EDGE_CURVE('',#2847,#2863,#2865,.T.);
#2863 = VERTEX_POINT('',#2864);
#2864 = CARTESIAN_POINT('',(-1.782107427787E-03,-48.14574123804,
    7.417491187693));
#2865 = SURFACE_CURVE('',#2866,(#2870),.PCURVE_S1.);
#2866 = LINE('',#2867,#2868);
#2867 = CARTESIAN_POINT('',(3.902929147492E-02,-48.10823577852,
    7.362025157577));
#2868 = VECTOR('',#2869,1.);
#2869 = DIRECTION('',(-0.520462527848,-0.478302307555,0.707351157271));
#2870 = PCURVE('',#2514,#2871);
#2871 = DEFINITIONAL_REPRESENTATION('',(#2872),#2876);
#2872 = LINE('',#2873,#2874);
#2873 = CARTESIAN_POINT('',(2.401450640659,3.294631850483));
#2874 = VECTOR('',#2875,1.);
#2875 = DIRECTION('',(-0.861954668636,0.506985354045));
#2876 = ( GEOMETRIC_REPRESENTATION_CONTEXT(2) 
PARAMETRIC_REPRESENTATION_CONTEXT() REPRESENTATION_CONTEXT('2D SPACE',''
  ) );
#2877 = ORIENTED_EDGE('',*,*,#2878,.T.);
#2878 = EDGE_CURVE('',#2863,#2879,#2881,.T.);
#2879 = VERTEX_POINT('',#2880);
#2880 = CARTESIAN_POINT('',(-4.117230342405E-02,-48.17008607364,
    7.480771924965));
#2881 = SURFACE_CURVE('',#2882,(#2886),.PCURVE_S1.);
#2882 = LINE('',#2883,#2884);
#2883 = CARTESIAN_POINT('',(-1.782107427787E-03,-48.14574123804,
    7.417491187693));
#2884 = VECTOR('',#2885,1.);
#2885 = DIRECTION('',(-0.502338109741,-0.310466561293,0.807011113815));
#2886 = PCURVE('',#2514,#2887);
#2887 = DEFINITIONAL_REPRESENTATION('',(#2888),#2892);
#2888 = LINE('',#2889,#2890);
#2889 = CARTESIAN_POINT('',(2.333861575288,3.334386454157));
#2890 = VECTOR('',#2891,1.);
#2891 = DIRECTION('',(-0.944300387351,0.32908475876));
#2892 = ( GEOMETRIC_REPRESENTATION_CONTEXT(2) 
PARAMETRIC_REPRESENTATION_CONTEXT() REPRESENTATION_CONTEXT('2D SPACE',''
  ) );
#2893 = ORIENTED_EDGE('',*,*,#2894,.T.);
#2894 = EDGE_CURVE('',#2879,#2895,#2897,.T.);
#2895 = VERTEX_POINT('',#2896);
#2896 = CARTESIAN_POINT('',(-7.762755337201E-02,-48.18033472695,
    7.549435526149));
#2897 = SURFACE_CURVE('',#2898,(#2902),.PCURVE_S1.);
#2898 = LINE('',#2899,#2900);
#2899 = CARTESIAN_POINT('',(-4.117230342405E-02,-48.17008607364,
    7.480771924965));
#2900 = VECTOR('',#2901,1.);
#2901 = DIRECTION('',(-0.46490911979,-0.130699759191,0.875658085832));
#2902 = PCURVE('',#2514,#2903);
#2903 = DEFINITIONAL_REPRESENTATION('',(#2904),#2908);
#2904 = LINE('',#2905,#2906);
#2905 = CARTESIAN_POINT('',(2.259815476424,3.360191211741));
#2906 = VECTOR('',#2907,1.);
#2907 = DIRECTION('',(-0.99035717175,0.138537620749));
#2908 = ( GEOMETRIC_REPRESENTATION_CONTEXT(2) 
PARAMETRIC_REPRESENTATION_CONTEXT() REPRESENTATION_CONTEXT('2D SPACE',''
  ) );
#2909 = ORIENTED_EDGE('',*,*,#2910,.T.);
#2910 = EDGE_CURVE('',#2895,#2911,#2913,.T.);
#2911 = VERTEX_POINT('',#2912);
#2912 = CARTESIAN_POINT('',(-0.109746902461,-48.17609334797,
    7.620843287558));
#2913 = SURFACE_CURVE('',#2914,(#2918),.PCURVE_S1.);
#2914 = LINE('',#2915,#2916);
#2915 = CARTESIAN_POINT('',(-7.762755337201E-02,-48.18033472695,
    7.549435526149));
#2916 = VECTOR('',#2917,1.);
#2917 = DIRECTION('',(-0.40961393309,5.408976135846E-02,0.910654008685)
  );
#2918 = PCURVE('',#2514,#2919);
#2919 = DEFINITIONAL_REPRESENTATION('',(#2920),#2924);
#2920 = LINE('',#2921,#2922);
#2921 = CARTESIAN_POINT('',(2.18215789412,3.371054460872));
#2922 = VECTOR('',#2923,1.);
#2923 = DIRECTION('',(-0.998355085438,-5.733344033551E-02));
#2924 = ( GEOMETRIC_REPRESENTATION_CONTEXT(2) 
PARAMETRIC_REPRESENTATION_CONTEXT() REPRESENTATION_CONTEXT('2D SPACE',''
  ) );
#2925 = ORIENTED_EDGE('',*,*,#2926,.T.);
#2926 = EDGE_CURVE('',#2911,#2927,#2929,.T.);
#2927 = VERTEX_POINT('',#2928);
#2928 = CARTESIAN_POINT('',(-2.064457125398,-47.41611881227,
    12.379156712442));
#2929 = SURFACE_CURVE('',#2930,(#2934),.PCURVE_S1.);
#2930 = LINE('',#2931,#2932);
#2931 = CARTESIAN_POINT('',(-0.109746902461,-48.17609334797,
    7.620843287558));
#2932 = VECTOR('',#2933,1.);
#2933 = DIRECTION('',(-0.375905812103,0.146148949173,0.915060274016));
#2934 = PCURVE('',#2514,#2935);
#2935 = DEFINITIONAL_REPRESENTATION('',(#2936),#2940);
#2936 = LINE('',#2937,#2938);
#2937 = CARTESIAN_POINT('',(2.103873165713,3.366558732978));
#2938 = VECTOR('',#2939,1.);
#2939 = DIRECTION('',(-0.987928072956,-0.154913274658));
#2940 = ( GEOMETRIC_REPRESENTATION_CONTEXT(2) 
PARAMETRIC_REPRESENTATION_CONTEXT() REPRESENTATION_CONTEXT('2D SPACE',''
  ) );
#2941 = ORIENTED_EDGE('',*,*,#2942,.T.);
#2942 = EDGE_CURVE('',#2927,#2943,#2945,.T.);
#2943 = VERTEX_POINT('',#2944);
#2944 = CARTESIAN_POINT('',(-2.091006245055,-47.39755039481,
    12.450564473851));
#2945 = SURFACE_CURVE('',#2946,(#2950),.PCURVE_S1.);
#2946 = LINE('',#2947,#2948);
#2947 = CARTESIAN_POINT('',(-2.064457125398,-47.41611881227,
    12.379156712442));
#2948 = VECTOR('',#2949,1.);
#2949 = DIRECTION('',(-0.338577512655,0.236800642713,0.910654008685));
#2950 = PCURVE('',#2514,#2951);
#2951 = DEFINITIONAL_REPRESENTATION('',(#2952),#2956);
#2952 = LINE('',#2953,#2954);
#2953 = CARTESIAN_POINT('',(-3.033352813659,2.561009704759));
#2954 = VECTOR('',#2955,1.);
#2955 = DIRECTION('',(-0.967986773076,-0.25100120946));
#2956 = ( GEOMETRIC_REPRESENTATION_CONTEXT(2) 
PARAMETRIC_REPRESENTATION_CONTEXT() REPRESENTATION_CONTEXT('2D SPACE',''
  ) );
#2957 = ORIENTED_EDGE('',*,*,#2958,.T.);
#2958 = EDGE_CURVE('',#2943,#2959,#2961,.T.);
#2959 = VERTEX_POINT('',#2960);
#2960 = CARTESIAN_POINT('',(-2.110964867499,-47.36536851274,
    12.519228075035));
#2961 = SURFACE_CURVE('',#2962,(#2966),.PCURVE_S1.);
#2962 = LINE('',#2963,#2964);
#2963 = CARTESIAN_POINT('',(-2.091006245055,-47.39755039481,
    12.450564473851));
#2964 = VECTOR('',#2965,1.);
#2965 = DIRECTION('',(-0.254529748286,0.410411408168,0.875658085832));
#2966 = PCURVE('',#2514,#2967);
#2967 = DEFINITIONAL_REPRESENTATION('',(#2968),#2972);
#2968 = LINE('',#2969,#2970);
#2969 = CARTESIAN_POINT('',(-3.109256249958,2.541327768142));
#2970 = VECTOR('',#2971,1.);
#2971 = DIRECTION('',(-0.900419271878,-0.435023142869));
#2972 = ( GEOMETRIC_REPRESENTATION_CONTEXT(2) 
PARAMETRIC_REPRESENTATION_CONTEXT() REPRESENTATION_CONTEXT('2D SPACE',''
  ) );
#2973 = ORIENTED_EDGE('',*,*,#2974,.T.);
#2974 = EDGE_CURVE('',#2959,#2975,#2977,.T.);
#2975 = VERTEX_POINT('',#2976);
#2976 = CARTESIAN_POINT('',(-2.123565994065,-47.32080989774,
    12.582508812307));
#2977 = SURFACE_CURVE('',#2978,(#2982),.PCURVE_S1.);
#2978 = LINE('',#2979,#2980);
#2979 = CARTESIAN_POINT('',(-2.110964867499,-47.36536851274,
    12.519228075035));
#2980 = VECTOR('',#2981,1.);
#2981 = DIRECTION('',(-0.160700548432,0.568250293368,0.807011113815));
#2982 = PCURVE('',#2514,#2983);
#2983 = DEFINITIONAL_REPRESENTATION('',(#2984),#2988);
#2984 = LINE('',#2985,#2986);
#2985 = CARTESIAN_POINT('',(-3.179861467659,2.507215988589));
#2986 = VECTOR('',#2987,1.);
#2987 = DIRECTION('',(-0.798249163022,-0.602327380861));
#2988 = ( GEOMETRIC_REPRESENTATION_CONTEXT(2) 
PARAMETRIC_REPRESENTATION_CONTEXT() REPRESENTATION_CONTEXT('2D SPACE',''
  ) );
#2989 = ORIENTED_EDGE('',*,*,#2990,.T.);
#2990 = EDGE_CURVE('',#2975,#2991,#2993,.T.);
#2991 = VERTEX_POINT('',#2992);
#2992 = CARTESIAN_POINT('',(-2.128325370523,-47.2655869124,
    12.637974842423));
#2993 = SURFACE_CURVE('',#2994,(#2998),.PCURVE_S1.);
#2994 = LINE('',#2995,#2996);
#2995 = CARTESIAN_POINT('',(-2.123565994065,-47.32080989774,
    12.582508812307));
#2996 = VECTOR('',#2997,1.);
#2997 = DIRECTION('',(-6.069571662322E-02,0.704251638472,0.707351157271)
  );
#2998 = PCURVE('',#2514,#2999);
#2999 = DEFINITIONAL_REPRESENTATION('',(#3000),#3004);
#3000 = LINE('',#3001,#3002);
#3001 = CARTESIAN_POINT('',(-3.242455147843,2.459985262658));
#3002 = VECTOR('',#3003,1.);
#3003 = DIRECTION('',(-0.665402786495,-0.746484515395));
#3004 = ( GEOMETRIC_REPRESENTATION_CONTEXT(2) 
PARAMETRIC_REPRESENTATION_CONTEXT() REPRESENTATION_CONTEXT('2D SPACE',''
  ) );
#3005 = ORIENTED_EDGE('',*,*,#3006,.T.);
#3006 = EDGE_CURVE('',#2991,#3007,#3009,.T.);
#3007 = VERTEX_POINT('',#3008);
#3008 = CARTESIAN_POINT('',(-2.125060096708,-47.20182174508,
    12.68349463695));
#3009 = SURFACE_CURVE('',#3010,(#3014),.PCURVE_S1.);
#3010 = LINE('',#3011,#3012);
#3011 = CARTESIAN_POINT('',(-2.128325370523,-47.2655869124,
    12.637974842423));
#3012 = VECTOR('',#3013,1.);
#3013 = DIRECTION('',(4.164161753654E-02,0.813188988059,0.580508092441)
  );
#3014 = PCURVE('',#2514,#3015);
#3015 = DEFINITIONAL_REPRESENTATION('',(#3016),#3020);
#3016 = LINE('',#3017,#3018);
#3017 = CARTESIAN_POINT('',(-3.294631850483,2.401450640659));
#3018 = VECTOR('',#3019,1.);
#3019 = DIRECTION('',(-0.506985354045,-0.861954668636));
#3020 = ( GEOMETRIC_REPRESENTATION_CONTEXT(2) 
PARAMETRIC_REPRESENTATION_CONTEXT() REPRESENTATION_CONTEXT('2D SPACE',''
  ) );
#3021 = ORIENTED_EDGE('',*,*,#3022,.T.);
#3022 = EDGE_CURVE('',#3007,#3023,#3025,.T.);
#3023 = VERTEX_POINT('',#3024);
#3024 = CARTESIAN_POINT('',(-2.113895655259,-47.13196485539,
    12.717318895713));
#3025 = SURFACE_CURVE('',#3026,(#3030),.PCURVE_S1.);
#3026 = LINE('',#3027,#3028);
#3027 = CARTESIAN_POINT('',(-2.125060096708,-47.20182174508,
    12.68349463695));
#3028 = VECTOR('',#3029,1.);
#3029 = DIRECTION('',(0.142378687687,0.890875940876,0.43135642717));
#3030 = PCURVE('',#2514,#3031);
#3031 = DEFINITIONAL_REPRESENTATION('',(#3032),#3036);
#3032 = LINE('',#3033,#3034);
#3033 = CARTESIAN_POINT('',(-3.334386454157,2.333861575288));
#3034 = VECTOR('',#3035,1.);
#3035 = DIRECTION('',(-0.32908475876,-0.944300387351));
#3036 = ( GEOMETRIC_REPRESENTATION_CONTEXT(2) 
PARAMETRIC_REPRESENTATION_CONTEXT() REPRESENTATION_CONTEXT('2D SPACE',''
  ) );
#3037 = ORIENTED_EDGE('',*,*,#3038,.T.);
#3038 = EDGE_CURVE('',#3023,#3039,#3041,.T.);
#3039 = VERTEX_POINT('',#3040);
#3040 = CARTESIAN_POINT('',(-2.095261089401,-47.05870080443,
    12.738147771417));
#3041 = SURFACE_CURVE('',#3042,(#3046),.PCURVE_S1.);
#3042 = LINE('',#3043,#3044);
#3043 = CARTESIAN_POINT('',(-2.113895655259,-47.13196485539,
    12.717318895713));
#3044 = VECTOR('',#3045,1.);
#3045 = DIRECTION('',(0.237644224717,0.934327030894,0.265627976311));
#3046 = PCURVE('',#2514,#3047);
#3047 = DEFINITIONAL_REPRESENTATION('',(#3048),#3052);
#3048 = LINE('',#3049,#3050);
#3049 = CARTESIAN_POINT('',(-3.360191211741,2.259815476424));
#3050 = VECTOR('',#3051,1.);
#3051 = DIRECTION('',(-0.138537620749,-0.99035717175));
#3052 = ( GEOMETRIC_REPRESENTATION_CONTEXT(2) 
PARAMETRIC_REPRESENTATION_CONTEXT() REPRESENTATION_CONTEXT('2D SPACE',''
  ) );
#3053 = ORIENTED_EDGE('',*,*,#3054,.T.);
#3054 = EDGE_CURVE('',#3039,#3055,#3057,.T.);
#3055 = VERTEX_POINT('',#3056);
#3056 = CARTESIAN_POINT('',(-2.069872515049,-46.98484508859,
    12.745180822049));
#3057 = SURFACE_CURVE('',#3058,(#3062),.PCURVE_S1.);
#3058 = LINE('',#3059,#3060);
#3059 = CARTESIAN_POINT('',(-2.095261089401,-47.05870080443,
    12.738147771417));
#3060 = VECTOR('',#3061,1.);
#3061 = DIRECTION('',(0.323777227463,0.941872457092,8.969159128825E-02)
  );
#3062 = PCURVE('',#2514,#3063);
#3063 = DEFINITIONAL_REPRESENTATION('',(#3064),#3068);
#3064 = LINE('',#3065,#3066);
#3065 = CARTESIAN_POINT('',(-3.371054460872,2.18215789412));
#3066 = VECTOR('',#3067,1.);
#3067 = DIRECTION('',(5.733344033551E-02,-0.998355085438));
#3068 = ( GEOMETRIC_REPRESENTATION_CONTEXT(2) 
PARAMETRIC_REPRESENTATION_CONTEXT() REPRESENTATION_CONTEXT('2D SPACE',''
  ) );
#3069 = ORIENTED_EDGE('',*,*,#3070,.T.);
#3070 = EDGE_CURVE('',#3055,#2504,#3071,.T.);
#3071 = SURFACE_CURVE('',#3072,(#3076),.PCURVE_S1.);
#3072 = LINE('',#3073,#3074);
#3073 = CARTESIAN_POINT('',(-2.069872515049,-46.98484508859,
    12.745180822049));
#3074 = VECTOR('',#3075,1.);
#3075 = DIRECTION('',(0.362367337976,0.932035360042,-3.416070845E-16));
#3076 = PCURVE('',#2514,#3077);
#3077 = DEFINITIONAL_REPRESENTATION('',(#3078),#3082);
#3078 = LINE('',#3079,#3080);
#3079 = CARTESIAN_POINT('',(-3.366558732978,2.103873165713));
#3080 = VECTOR('',#3081,1.);
#3081 = DIRECTION('',(0.154913274658,-0.987928072956));
#3082 = ( GEOMETRIC_REPRESENTATION_CONTEXT(2) 
PARAMETRIC_REPRESENTATION_CONTEXT() REPRESENTATION_CONTEXT('2D SPACE',''
  ) );
#3083 = ( GEOMETRIC_REPRESENTATION_CONTEXT(3) 
GLOBAL_UNCERTAINTY_ASSIGNED_CONTEXT((#3087)) 
GLOBAL_UNIT_ASSIGNED_CONTEXT((#3084,#3085,#3086)) REPRESENTATION_CONTEXT
('Context #1','3D Context with UNIT and UNCERTAINTY') );
#3084 = ( LENGTH_UNIT() NAMED_UNIT(*) SI_UNIT(.MILLI.,.METRE.) );
#3085 = ( NAMED_UNIT(*) PLANE_ANGLE_UNIT() SI_UNIT($,.RADIAN.) );
#3086 = ( NAMED_UNIT(*) SI_UNIT($,.STERADIAN.) SOLID_ANGLE_UNIT() );
#3087 = UNCERTAINTY_MEASURE_WITH_UNIT(LENGTH_MEASURE(1.E-07),#3084,
  'distance_accuracy_value','confusion accuracy');
#3088 = CONTEXT_DEPENDENT_SHAPE_REPRESENTATION(#3089,#3091);
#3089 = ( REPRESENTATION_RELATIONSHIP('','',#2496,#10) 
REPRESENTATION_RELATIONSHIP_WITH_TRANSFORMATION(#3090) 
SHAPE_REPRESENTATION_RELATIONSHIP() );
#3090 = ITEM_DEFINED_TRANSFORMATION('','',#11,#31);
#3091 = PRODUCT_DEFINITION_SHAPE('Placement','Placement of an item',
  #3092);
#3092 = NEXT_ASSEMBLY_USAGE_OCCURRENCE('5','','',#5,#2491,$);
#3093 = PRODUCT_RELATED_PRODUCT_CATEGORY('part',$,(#2493));
#3094 = SHAPE_DEFINITION_REPRESENTATION(#3095,#3101);
#3095 = PRODUCT_DEFINITION_SHAPE('','',#3096);
#3096 = PRODUCT_DEFINITION('design','',#3097,#3100);
#3097 = PRODUCT_DEFINITION_FORMATION('','',#3098);
#3098 = PRODUCT('Open CASCADE STEP translator 7.8 1.6',
  'Open CASCADE STEP translator 7.8 1.6','',(#3099));
#3099 = PRODUCT_CONTEXT('',#2,'mechanical');
#3100 = PRODUCT_DEFINITION_CONTEXT('part definition',#2,'design');
#3101 = MANIFOLD_SURFACE_SHAPE_REPRESENTATION('',(#11,#3102),#3688);
#3102 = SHELL_BASED_SURFACE_MODEL('',(#3103));
#3103 = OPEN_SHELL('',(#3104));
#3104 = ADVANCED_FACE('',(#3105),#3119,.T.);
#3105 = FACE_BOUND('',#3106,.T.);
#3106 = EDGE_LOOP('',(#3107,#3130,#3146,#3162,#3178,#3194,#3210,#3226,
    #3242,#3258,#3274,#3290,#3306,#3322,#3338,#3354,#3370,#3386,#3402,
    #3418,#3434,#3450,#3466,#3482,#3498,#3514,#3530,#3546,#3562,#3578,
    #3594,#3610,#3626,#3642,#3658,#3674));
#3107 = ORIENTED_EDGE('',*,*,#3108,.T.);
#3108 = EDGE_CURVE('',#3109,#3111,#3113,.T.);
#3109 = VERTEX_POINT('',#3110);
#3110 = CARTESIAN_POINT('',(-1.3,57.25166604984,3.));
#3111 = VERTEX_POINT('',#3112);
#3112 = CARTESIAN_POINT('',(-1.339018064403,57.319247319799,
    2.992314112161));
#3113 = SURFACE_CURVE('',#3114,(#3118),.PCURVE_S1.);
#3114 = LINE('',#3115,#3116);
#3115 = CARTESIAN_POINT('',(-1.3,57.25166604984,3.));
#3116 = VECTOR('',#3117,1.);
#3117 = DIRECTION('',(-0.497592363336,0.861855254756,-9.801714032957E-02
    ));
#3118 = PCURVE('',#3119,#3124);
#3119 = PLANE('',#3120);
#3120 = AXIS2_PLACEMENT_3D('',#3121,#3122,#3123);
#3121 = CARTESIAN_POINT('',(-1.905206831525E-17,55.,7.620827326101E-17)
  );
#3122 = DIRECTION('',(-0.866025403784,-0.5,-0.));
#3123 = DIRECTION('',(0.5,-0.866025403784,0.));
#3124 = DEFINITIONAL_REPRESENTATION('',(#3125),#3129);
#3125 = LINE('',#3126,#3127);
#3126 = CARTESIAN_POINT('',(-2.6,3.));
#3127 = VECTOR('',#3128,1.);
#3128 = DIRECTION('',(-0.995184726672,-9.801714032957E-02));
#3129 = ( GEOMETRIC_REPRESENTATION_CONTEXT(2) 
PARAMETRIC_REPRESENTATION_CONTEXT() REPRESENTATION_CONTEXT('2D SPACE',''
  ) );
#3130 = ORIENTED_EDGE('',*,*,#3131,.T.);
#3131 = EDGE_CURVE('',#3111,#3132,#3134,.T.);
#3132 = VERTEX_POINT('',#3133);
#3133 = CARTESIAN_POINT('',(-1.376536686473,57.384231479454,
    2.969551813005));
#3134 = SURFACE_CURVE('',#3135,(#3139),.PCURVE_S1.);
#3135 = LINE('',#3136,#3137);
#3136 = CARTESIAN_POINT('',(-1.339018064403,57.319247319799,
    2.992314112161));
#3137 = VECTOR('',#3138,1.);
#3138 = DIRECTION('',(-0.478470167866,0.82873464065,-0.290284677254));
#3139 = PCURVE('',#3119,#3140);
#3140 = DEFINITIONAL_REPRESENTATION('',(#3141),#3145);
#3141 = LINE('',#3142,#3143);
#3142 = CARTESIAN_POINT('',(-2.678036128806,2.992314112161));
#3143 = VECTOR('',#3144,1.);
#3144 = DIRECTION('',(-0.956940335732,-0.290284677254));
#3145 = ( GEOMETRIC_REPRESENTATION_CONTEXT(2) 
PARAMETRIC_REPRESENTATION_CONTEXT() REPRESENTATION_CONTEXT('2D SPACE',''
  ) );
#3146 = ORIENTED_EDGE('',*,*,#3147,.T.);
#3147 = EDGE_CURVE('',#3132,#3148,#3150,.T.);
#3148 = VERTEX_POINT('',#3149);
#3149 = CARTESIAN_POINT('',(-1.411114046604,57.444121223992,
    2.932587844921));
#3150 = SURFACE_CURVE('',#3151,(#3155),.PCURVE_S1.);
#3151 = LINE('',#3152,#3153);
#3152 = CARTESIAN_POINT('',(-1.376536686473,57.384231479454,
    2.969551813005));
#3153 = VECTOR('',#3154,1.);
#3154 = DIRECTION('',(-0.440960632174,0.763766219063,-0.471396736826));
#3155 = PCURVE('',#3119,#3156);
#3156 = DEFINITIONAL_REPRESENTATION('',(#3157),#3161);
#3157 = LINE('',#3158,#3159);
#3158 = CARTESIAN_POINT('',(-2.753073372946,2.969551813005));
#3159 = VECTOR('',#3160,1.);
#3160 = DIRECTION('',(-0.881921264348,-0.471396736826));
#3161 = ( GEOMETRIC_REPRESENTATION_CONTEXT(2) 
PARAMETRIC_REPRESENTATION_CONTEXT() REPRESENTATION_CONTEXT('2D SPACE',''
  ) );
#3162 = ORIENTED_EDGE('',*,*,#3163,.T.);
#3163 = EDGE_CURVE('',#3148,#3164,#3166,.T.);
#3164 = VERTEX_POINT('',#3165);
#3165 = CARTESIAN_POINT('',(-1.441421356237,57.496615024118,
    2.882842712475));
#3166 = SURFACE_CURVE('',#3167,(#3171),.PCURVE_S1.);
#3167 = LINE('',#3168,#3169);
#3168 = CARTESIAN_POINT('',(-1.411114046604,57.444121223992,
    2.932587844921));
#3169 = VECTOR('',#3170,1.);
#3170 = DIRECTION('',(-0.386505226681,0.669446690003,-0.634393284164));
#3171 = PCURVE('',#3119,#3172);
#3172 = DEFINITIONAL_REPRESENTATION('',(#3173),#3177);
#3173 = LINE('',#3174,#3175);
#3174 = CARTESIAN_POINT('',(-2.822228093208,2.932587844921));
#3175 = VECTOR('',#3176,1.);
#3176 = DIRECTION('',(-0.773010453363,-0.634393284164));
#3177 = ( GEOMETRIC_REPRESENTATION_CONTEXT(2) 
PARAMETRIC_REPRESENTATION_CONTEXT() REPRESENTATION_CONTEXT('2D SPACE',''
  ) );
#3178 = ORIENTED_EDGE('',*,*,#3179,.T.);
#3179 = EDGE_CURVE('',#3164,#3180,#3182,.T.);
#3180 = VERTEX_POINT('',#3181);
#3181 = CARTESIAN_POINT('',(-1.466293922461,57.539695572531,
    2.822228093208));
#3182 = SURFACE_CURVE('',#3183,(#3187),.PCURVE_S1.);
#3183 = LINE('',#3184,#3185);
#3184 = CARTESIAN_POINT('',(-1.441421356237,57.496615024118,
    2.882842712475));
#3185 = VECTOR('',#3186,1.);
#3186 = DIRECTION('',(-0.317196642082,0.549400700076,-0.773010453363));
#3187 = PCURVE('',#3119,#3188);
#3188 = DEFINITIONAL_REPRESENTATION('',(#3189),#3193);
#3189 = LINE('',#3190,#3191);
#3190 = CARTESIAN_POINT('',(-2.882842712475,2.882842712475));
#3191 = VECTOR('',#3192,1.);
#3192 = DIRECTION('',(-0.634393284164,-0.773010453363));
#3193 = ( GEOMETRIC_REPRESENTATION_CONTEXT(2) 
PARAMETRIC_REPRESENTATION_CONTEXT() REPRESENTATION_CONTEXT('2D SPACE',''
  ) );
#3194 = ORIENTED_EDGE('',*,*,#3195,.T.);
#3195 = EDGE_CURVE('',#3180,#3196,#3198,.T.);
#3196 = VERTEX_POINT('',#3197);
#3197 = CARTESIAN_POINT('',(-1.484775906502,57.571707307916,
    2.753073372946));
#3198 = SURFACE_CURVE('',#3199,(#3203),.PCURVE_S1.);
#3199 = LINE('',#3200,#3201);
#3200 = CARTESIAN_POINT('',(-1.466293922461,57.539695572531,
    2.822228093208));
#3201 = VECTOR('',#3202,1.);
#3202 = DIRECTION('',(-0.235698368413,0.408241549352,-0.881921264348));
#3203 = PCURVE('',#3119,#3204);
#3204 = DEFINITIONAL_REPRESENTATION('',(#3205),#3209);
#3205 = LINE('',#3206,#3207);
#3206 = CARTESIAN_POINT('',(-2.932587844921,2.822228093208));
#3207 = VECTOR('',#3208,1.);
#3208 = DIRECTION('',(-0.471396736826,-0.881921264348));
#3209 = ( GEOMETRIC_REPRESENTATION_CONTEXT(2) 
PARAMETRIC_REPRESENTATION_CONTEXT() REPRESENTATION_CONTEXT('2D SPACE',''
  ) );
#3210 = ORIENTED_EDGE('',*,*,#3211,.T.);
#3211 = EDGE_CURVE('',#3196,#3212,#3214,.T.);
#3212 = VERTEX_POINT('',#3213);
#3213 = CARTESIAN_POINT('',(-1.496157056081,57.591420037234,
    2.678036128806));
#3214 = SURFACE_CURVE('',#3215,(#3219),.PCURVE_S1.);
#3215 = LINE('',#3216,#3217);
#3216 = CARTESIAN_POINT('',(-1.484775906502,57.571707307916,
    2.753073372946));
#3217 = VECTOR('',#3218,1.);
#3218 = DIRECTION('',(-0.145142338627,0.251393904832,-0.956940335732));
#3219 = PCURVE('',#3119,#3220);
#3220 = DEFINITIONAL_REPRESENTATION('',(#3221),#3225);
#3221 = LINE('',#3222,#3223);
#3222 = CARTESIAN_POINT('',(-2.969551813005,2.753073372946));
#3223 = VECTOR('',#3224,1.);
#3224 = DIRECTION('',(-0.290284677254,-0.956940335732));
#3225 = ( GEOMETRIC_REPRESENTATION_CONTEXT(2) 
PARAMETRIC_REPRESENTATION_CONTEXT() REPRESENTATION_CONTEXT('2D SPACE',''
  ) );
#3226 = ORIENTED_EDGE('',*,*,#3227,.T.);
#3227 = EDGE_CURVE('',#3212,#3228,#3230,.T.);
#3228 = VERTEX_POINT('',#3229);
#3229 = CARTESIAN_POINT('',(-1.5,57.598076211353,2.6));
#3230 = SURFACE_CURVE('',#3231,(#3235),.PCURVE_S1.);
#3231 = LINE('',#3232,#3233);
#3232 = CARTESIAN_POINT('',(-1.496157056081,57.591420037234,
    2.678036128806));
#3233 = VECTOR('',#3234,1.);
#3234 = DIRECTION('',(-4.900857016478E-02,8.48853335317E-02,
    -0.995184726672));
#3235 = PCURVE('',#3119,#3236);
#3236 = DEFINITIONAL_REPRESENTATION('',(#3237),#3241);
#3237 = LINE('',#3238,#3239);
#3238 = CARTESIAN_POINT('',(-2.992314112161,2.678036128806));
#3239 = VECTOR('',#3240,1.);
#3240 = DIRECTION('',(-9.801714032956E-02,-0.995184726672));
#3241 = ( GEOMETRIC_REPRESENTATION_CONTEXT(2) 
PARAMETRIC_REPRESENTATION_CONTEXT() REPRESENTATION_CONTEXT('2D SPACE',''
  ) );
#3242 = ORIENTED_EDGE('',*,*,#3243,.T.);
#3243 = EDGE_CURVE('',#3228,#3244,#3246,.T.);
#3244 = VERTEX_POINT('',#3245);
#3245 = CARTESIAN_POINT('',(-1.5,57.598076211353,-2.6));
#3246 = SURFACE_CURVE('',#3247,(#3251),.PCURVE_S1.);
#3247 = LINE('',#3248,#3249);
#3248 = CARTESIAN_POINT('',(-1.5,57.598076211353,2.6));
#3249 = VECTOR('',#3250,1.);
#3250 = DIRECTION('',(0.,0.,-1.));
#3251 = PCURVE('',#3119,#3252);
#3252 = DEFINITIONAL_REPRESENTATION('',(#3253),#3257);
#3253 = LINE('',#3254,#3255);
#3254 = CARTESIAN_POINT('',(-3.,2.6));
#3255 = VECTOR('',#3256,1.);
#3256 = DIRECTION('',(0.,-1.));
#3257 = ( GEOMETRIC_REPRESENTATION_CONTEXT(2) 
PARAMETRIC_REPRESENTATION_CONTEXT() REPRESENTATION_CONTEXT('2D SPACE',''
  ) );
#3258 = ORIENTED_EDGE('',*,*,#3259,.T.);
#3259 = EDGE_CURVE('',#3244,#3260,#3262,.T.);
#3260 = VERTEX_POINT('',#3261);
#3261 = CARTESIAN_POINT('',(-1.496157056081,57.591420037234,
    -2.678036128806));
#3262 = SURFACE_CURVE('',#3263,(#3267),.PCURVE_S1.);
#3263 = LINE('',#3264,#3265);
#3264 = CARTESIAN_POINT('',(-1.5,57.598076211353,-2.6));
#3265 = VECTOR('',#3266,1.);
#3266 = DIRECTION('',(4.900857016478E-02,-8.48853335317E-02,
    -0.995184726672));
#3267 = PCURVE('',#3119,#3268);
#3268 = DEFINITIONAL_REPRESENTATION('',(#3269),#3273);
#3269 = LINE('',#3270,#3271);
#3270 = CARTESIAN_POINT('',(-3.,-2.6));
#3271 = VECTOR('',#3272,1.);
#3272 = DIRECTION('',(9.801714032956E-02,-0.995184726672));
#3273 = ( GEOMETRIC_REPRESENTATION_CONTEXT(2) 
PARAMETRIC_REPRESENTATION_CONTEXT() REPRESENTATION_CONTEXT('2D SPACE',''
  ) );
#3274 = ORIENTED_EDGE('',*,*,#3275,.T.);
#3275 = EDGE_CURVE('',#3260,#3276,#3278,.T.);
#3276 = VERTEX_POINT('',#3277);
#3277 = CARTESIAN_POINT('',(-1.484775906502,57.571707307916,
    -2.753073372946));
#3278 = SURFACE_CURVE('',#3279,(#3283),.PCURVE_S1.);
#3279 = LINE('',#3280,#3281);
#3280 = CARTESIAN_POINT('',(-1.496157056081,57.591420037234,
    -2.678036128806));
#3281 = VECTOR('',#3282,1.);
#3282 = DIRECTION('',(0.145142338627,-0.251393904832,-0.956940335732));
#3283 = PCURVE('',#3119,#3284);
#3284 = DEFINITIONAL_REPRESENTATION('',(#3285),#3289);
#3285 = LINE('',#3286,#3287);
#3286 = CARTESIAN_POINT('',(-2.992314112161,-2.678036128806));
#3287 = VECTOR('',#3288,1.);
#3288 = DIRECTION('',(0.290284677254,-0.956940335732));
#3289 = ( GEOMETRIC_REPRESENTATION_CONTEXT(2) 
PARAMETRIC_REPRESENTATION_CONTEXT() REPRESENTATION_CONTEXT('2D SPACE',''
  ) );
#3290 = ORIENTED_EDGE('',*,*,#3291,.T.);
#3291 = EDGE_CURVE('',#3276,#3292,#3294,.T.);
#3292 = VERTEX_POINT('',#3293);
#3293 = CARTESIAN_POINT('',(-1.466293922461,57.539695572531,
    -2.822228093208));
#3294 = SURFACE_CURVE('',#3295,(#3299),.PCURVE_S1.);
#3295 = LINE('',#3296,#3297);
#3296 = CARTESIAN_POINT('',(-1.484775906502,57.571707307916,
    -2.753073372946));
#3297 = VECTOR('',#3298,1.);
#3298 = DIRECTION('',(0.235698368413,-0.408241549352,-0.881921264348));
#3299 = PCURVE('',#3119,#3300);
#3300 = DEFINITIONAL_REPRESENTATION('',(#3301),#3305);
#3301 = LINE('',#3302,#3303);
#3302 = CARTESIAN_POINT('',(-2.969551813005,-2.753073372946));
#3303 = VECTOR('',#3304,1.);
#3304 = DIRECTION('',(0.471396736826,-0.881921264348));
#3305 = ( GEOMETRIC_REPRESENTATION_CONTEXT(2) 
PARAMETRIC_REPRESENTATION_CONTEXT() REPRESENTATION_CONTEXT('2D SPACE',''
  ) );
#3306 = ORIENTED_EDGE('',*,*,#3307,.T.);
#3307 = EDGE_CURVE('',#3292,#3308,#3310,.T.);
#3308 = VERTEX_POINT('',#3309);
#3309 = CARTESIAN_POINT('',(-1.441421356237,57.496615024118,
    -2.882842712475));
#3310 = SURFACE_CURVE('',#3311,(#3315),.PCURVE_S1.);
#3311 = LINE('',#3312,#3313);
#3312 = CARTESIAN_POINT('',(-1.466293922461,57.539695572531,
    -2.822228093208));
#3313 = VECTOR('',#3314,1.);
#3314 = DIRECTION('',(0.317196642082,-0.549400700076,-0.773010453363));
#3315 = PCURVE('',#3119,#3316);
#3316 = DEFINITIONAL_REPRESENTATION('',(#3317),#3321);
#3317 = LINE('',#3318,#3319);
#3318 = CARTESIAN_POINT('',(-2.932587844921,-2.822228093208));
#3319 = VECTOR('',#3320,1.);
#3320 = DIRECTION('',(0.634393284164,-0.773010453363));
#3321 = ( GEOMETRIC_REPRESENTATION_CONTEXT(2) 
PARAMETRIC_REPRESENTATION_CONTEXT() REPRESENTATION_CONTEXT('2D SPACE',''
  ) );
#3322 = ORIENTED_EDGE('',*,*,#3323,.T.);
#3323 = EDGE_CURVE('',#3308,#3324,#3326,.T.);
#3324 = VERTEX_POINT('',#3325);
#3325 = CARTESIAN_POINT('',(-1.411114046604,57.444121223992,
    -2.932587844921));
#3326 = SURFACE_CURVE('',#3327,(#3331),.PCURVE_S1.);
#3327 = LINE('',#3328,#3329);
#3328 = CARTESIAN_POINT('',(-1.441421356237,57.496615024118,
    -2.882842712475));
#3329 = VECTOR('',#3330,1.);
#3330 = DIRECTION('',(0.386505226681,-0.669446690003,-0.634393284164));
#3331 = PCURVE('',#3119,#3332);
#3332 = DEFINITIONAL_REPRESENTATION('',(#3333),#3337);
#3333 = LINE('',#3334,#3335);
#3334 = CARTESIAN_POINT('',(-2.882842712475,-2.882842712475));
#3335 = VECTOR('',#3336,1.);
#3336 = DIRECTION('',(0.773010453363,-0.634393284164));
#3337 = ( GEOMETRIC_REPRESENTATION_CONTEXT(2) 
PARAMETRIC_REPRESENTATION_CONTEXT() REPRESENTATION_CONTEXT('2D SPACE',''
  ) );
#3338 = ORIENTED_EDGE('',*,*,#3339,.T.);
#3339 = EDGE_CURVE('',#3324,#3340,#3342,.T.);
#3340 = VERTEX_POINT('',#3341);
#3341 = CARTESIAN_POINT('',(-1.376536686473,57.384231479454,
    -2.969551813005));
#3342 = SURFACE_CURVE('',#3343,(#3347),.PCURVE_S1.);
#3343 = LINE('',#3344,#3345);
#3344 = CARTESIAN_POINT('',(-1.411114046604,57.444121223992,
    -2.932587844921));
#3345 = VECTOR('',#3346,1.);
#3346 = DIRECTION('',(0.440960632174,-0.763766219063,-0.471396736826));
#3347 = PCURVE('',#3119,#3348);
#3348 = DEFINITIONAL_REPRESENTATION('',(#3349),#3353);
#3349 = LINE('',#3350,#3351);
#3350 = CARTESIAN_POINT('',(-2.822228093208,-2.932587844921));
#3351 = VECTOR('',#3352,1.);
#3352 = DIRECTION('',(0.881921264348,-0.471396736826));
#3353 = ( GEOMETRIC_REPRESENTATION_CONTEXT(2) 
PARAMETRIC_REPRESENTATION_CONTEXT() REPRESENTATION_CONTEXT('2D SPACE',''
  ) );
#3354 = ORIENTED_EDGE('',*,*,#3355,.T.);
#3355 = EDGE_CURVE('',#3340,#3356,#3358,.T.);
#3356 = VERTEX_POINT('',#3357);
#3357 = CARTESIAN_POINT('',(-1.339018064403,57.319247319799,
    -2.992314112161));
#3358 = SURFACE_CURVE('',#3359,(#3363),.PCURVE_S1.);
#3359 = LINE('',#3360,#3361);
#3360 = CARTESIAN_POINT('',(-1.376536686473,57.384231479454,
    -2.969551813005));
#3361 = VECTOR('',#3362,1.);
#3362 = DIRECTION('',(0.478470167866,-0.82873464065,-0.290284677254));
#3363 = PCURVE('',#3119,#3364);
#3364 = DEFINITIONAL_REPRESENTATION('',(#3365),#3369);
#3365 = LINE('',#3366,#3367);
#3366 = CARTESIAN_POINT('',(-2.753073372946,-2.969551813005));
#3367 = VECTOR('',#3368,1.);
#3368 = DIRECTION('',(0.956940335732,-0.290284677254));
#3369 = ( GEOMETRIC_REPRESENTATION_CONTEXT(2) 
PARAMETRIC_REPRESENTATION_CONTEXT() REPRESENTATION_CONTEXT('2D SPACE',''
  ) );
#3370 = ORIENTED_EDGE('',*,*,#3371,.T.);
#3371 = EDGE_CURVE('',#3356,#3372,#3374,.T.);
#3372 = VERTEX_POINT('',#3373);
#3373 = CARTESIAN_POINT('',(-1.3,57.25166604984,-3.));
#3374 = SURFACE_CURVE('',#3375,(#3379),.PCURVE_S1.);
#3375 = LINE('',#3376,#3377);
#3376 = CARTESIAN_POINT('',(-1.339018064403,57.319247319799,
    -2.992314112161));
#3377 = VECTOR('',#3378,1.);
#3378 = DIRECTION('',(0.497592363336,-0.861855254756,-9.801714032957E-02
    ));
#3379 = PCURVE('',#3119,#3380);
#3380 = DEFINITIONAL_REPRESENTATION('',(#3381),#3385);
#3381 = LINE('',#3382,#3383);
#3382 = CARTESIAN_POINT('',(-2.678036128806,-2.992314112161));
#3383 = VECTOR('',#3384,1.);
#3384 = DIRECTION('',(0.995184726672,-9.801714032957E-02));
#3385 = ( GEOMETRIC_REPRESENTATION_CONTEXT(2) 
PARAMETRIC_REPRESENTATION_CONTEXT() REPRESENTATION_CONTEXT('2D SPACE',''
  ) );
#3386 = ORIENTED_EDGE('',*,*,#3387,.T.);
#3387 = EDGE_CURVE('',#3372,#3388,#3390,.T.);
#3388 = VERTEX_POINT('',#3389);
#3389 = CARTESIAN_POINT('',(1.3,52.74833395016,-3.));
#3390 = SURFACE_CURVE('',#3391,(#3395),.PCURVE_S1.);
#3391 = LINE('',#3392,#3393);
#3392 = CARTESIAN_POINT('',(-1.3,57.25166604984,-3.));
#3393 = VECTOR('',#3394,1.);
#3394 = DIRECTION('',(0.5,-0.866025403784,0.));
#3395 = PCURVE('',#3119,#3396);
#3396 = DEFINITIONAL_REPRESENTATION('',(#3397),#3401);
#3397 = LINE('',#3398,#3399);
#3398 = CARTESIAN_POINT('',(-2.6,-3.));
#3399 = VECTOR('',#3400,1.);
#3400 = DIRECTION('',(1.,0.));
#3401 = ( GEOMETRIC_REPRESENTATION_CONTEXT(2) 
PARAMETRIC_REPRESENTATION_CONTEXT() REPRESENTATION_CONTEXT('2D SPACE',''
  ) );
#3402 = ORIENTED_EDGE('',*,*,#3403,.T.);
#3403 = EDGE_CURVE('',#3388,#3404,#3406,.T.);
#3404 = VERTEX_POINT('',#3405);
#3405 = CARTESIAN_POINT('',(1.339018064403,52.680752680201,
    -2.992314112161));
#3406 = SURFACE_CURVE('',#3407,(#3411),.PCURVE_S1.);
#3407 = LINE('',#3408,#3409);
#3408 = CARTESIAN_POINT('',(1.3,52.74833395016,-3.));
#3409 = VECTOR('',#3410,1.);
#3410 = DIRECTION('',(0.497592363336,-0.861855254756,9.801714032957E-02)
  );
#3411 = PCURVE('',#3119,#3412);
#3412 = DEFINITIONAL_REPRESENTATION('',(#3413),#3417);
#3413 = LINE('',#3414,#3415);
#3414 = CARTESIAN_POINT('',(2.6,-3.));
#3415 = VECTOR('',#3416,1.);
#3416 = DIRECTION('',(0.995184726672,9.801714032957E-02));
#3417 = ( GEOMETRIC_REPRESENTATION_CONTEXT(2) 
PARAMETRIC_REPRESENTATION_CONTEXT() REPRESENTATION_CONTEXT('2D SPACE',''
  ) );
#3418 = ORIENTED_EDGE('',*,*,#3419,.T.);
#3419 = EDGE_CURVE('',#3404,#3420,#3422,.T.);
#3420 = VERTEX_POINT('',#3421);
#3421 = CARTESIAN_POINT('',(1.376536686473,52.615768520546,
    -2.969551813005));
#3422 = SURFACE_CURVE('',#3423,(#3427),.PCURVE_S1.);
#3423 = LINE('',#3424,#3425);
#3424 = CARTESIAN_POINT('',(1.339018064403,52.680752680201,
    -2.992314112161));
#3425 = VECTOR('',#3426,1.);
#3426 = DIRECTION('',(0.478470167866,-0.82873464065,0.290284677254));
#3427 = PCURVE('',#3119,#3428);
#3428 = DEFINITIONAL_REPRESENTATION('',(#3429),#3433);
#3429 = LINE('',#3430,#3431);
#3430 = CARTESIAN_POINT('',(2.678036128806,-2.992314112161));
#3431 = VECTOR('',#3432,1.);
#3432 = DIRECTION('',(0.956940335732,0.290284677254));
#3433 = ( GEOMETRIC_REPRESENTATION_CONTEXT(2) 
PARAMETRIC_REPRESENTATION_CONTEXT() REPRESENTATION_CONTEXT('2D SPACE',''
  ) );
#3434 = ORIENTED_EDGE('',*,*,#3435,.T.);
#3435 = EDGE_CURVE('',#3420,#3436,#3438,.T.);
#3436 = VERTEX_POINT('',#3437);
#3437 = CARTESIAN_POINT('',(1.411114046604,52.555878776008,
    -2.932587844921));
#3438 = SURFACE_CURVE('',#3439,(#3443),.PCURVE_S1.);
#3439 = LINE('',#3440,#3441);
#3440 = CARTESIAN_POINT('',(1.376536686473,52.615768520546,
    -2.969551813005));
#3441 = VECTOR('',#3442,1.);
#3442 = DIRECTION('',(0.440960632174,-0.763766219063,0.471396736826));
#3443 = PCURVE('',#3119,#3444);
#3444 = DEFINITIONAL_REPRESENTATION('',(#3445),#3449);
#3445 = LINE('',#3446,#3447);
#3446 = CARTESIAN_POINT('',(2.753073372946,-2.969551813005));
#3447 = VECTOR('',#3448,1.);
#3448 = DIRECTION('',(0.881921264348,0.471396736826));
#3449 = ( GEOMETRIC_REPRESENTATION_CONTEXT(2) 
PARAMETRIC_REPRESENTATION_CONTEXT() REPRESENTATION_CONTEXT('2D SPACE',''
  ) );
#3450 = ORIENTED_EDGE('',*,*,#3451,.T.);
#3451 = EDGE_CURVE('',#3436,#3452,#3454,.T.);
#3452 = VERTEX_POINT('',#3453);
#3453 = CARTESIAN_POINT('',(1.441421356237,52.503384975882,
    -2.882842712475));
#3454 = SURFACE_CURVE('',#3455,(#3459),.PCURVE_S1.);
#3455 = LINE('',#3456,#3457);
#3456 = CARTESIAN_POINT('',(1.411114046604,52.555878776008,
    -2.932587844921));
#3457 = VECTOR('',#3458,1.);
#3458 = DIRECTION('',(0.386505226681,-0.669446690003,0.634393284164));
#3459 = PCURVE('',#3119,#3460);
#3460 = DEFINITIONAL_REPRESENTATION('',(#3461),#3465);
#3461 = LINE('',#3462,#3463);
#3462 = CARTESIAN_POINT('',(2.822228093208,-2.932587844921));
#3463 = VECTOR('',#3464,1.);
#3464 = DIRECTION('',(0.773010453363,0.634393284164));
#3465 = ( GEOMETRIC_REPRESENTATION_CONTEXT(2) 
PARAMETRIC_REPRESENTATION_CONTEXT() REPRESENTATION_CONTEXT('2D SPACE',''
  ) );
#3466 = ORIENTED_EDGE('',*,*,#3467,.T.);
#3467 = EDGE_CURVE('',#3452,#3468,#3470,.T.);
#3468 = VERTEX_POINT('',#3469);
#3469 = CARTESIAN_POINT('',(1.466293922461,52.460304427469,
    -2.822228093208));
#3470 = SURFACE_CURVE('',#3471,(#3475),.PCURVE_S1.);
#3471 = LINE('',#3472,#3473);
#3472 = CARTESIAN_POINT('',(1.441421356237,52.503384975882,
    -2.882842712475));
#3473 = VECTOR('',#3474,1.);
#3474 = DIRECTION('',(0.317196642082,-0.549400700076,0.773010453363));
#3475 = PCURVE('',#3119,#3476);
#3476 = DEFINITIONAL_REPRESENTATION('',(#3477),#3481);
#3477 = LINE('',#3478,#3479);
#3478 = CARTESIAN_POINT('',(2.882842712475,-2.882842712475));
#3479 = VECTOR('',#3480,1.);
#3480 = DIRECTION('',(0.634393284164,0.773010453363));
#3481 = ( GEOMETRIC_REPRESENTATION_CONTEXT(2) 
PARAMETRIC_REPRESENTATION_CONTEXT() REPRESENTATION_CONTEXT('2D SPACE',''
  ) );
#3482 = ORIENTED_EDGE('',*,*,#3483,.T.);
#3483 = EDGE_CURVE('',#3468,#3484,#3486,.T.);
#3484 = VERTEX_POINT('',#3485);
#3485 = CARTESIAN_POINT('',(1.484775906502,52.428292692084,
    -2.753073372946));
#3486 = SURFACE_CURVE('',#3487,(#3491),.PCURVE_S1.);
#3487 = LINE('',#3488,#3489);
#3488 = CARTESIAN_POINT('',(1.466293922461,52.460304427469,
    -2.822228093208));
#3489 = VECTOR('',#3490,1.);
#3490 = DIRECTION('',(0.235698368413,-0.408241549352,0.881921264348));
#3491 = PCURVE('',#3119,#3492);
#3492 = DEFINITIONAL_REPRESENTATION('',(#3493),#3497);
#3493 = LINE('',#3494,#3495);
#3494 = CARTESIAN_POINT('',(2.932587844921,-2.822228093208));
#3495 = VECTOR('',#3496,1.);
#3496 = DIRECTION('',(0.471396736826,0.881921264348));
#3497 = ( GEOMETRIC_REPRESENTATION_CONTEXT(2) 
PARAMETRIC_REPRESENTATION_CONTEXT() REPRESENTATION_CONTEXT('2D SPACE',''
  ) );
#3498 = ORIENTED_EDGE('',*,*,#3499,.T.);
#3499 = EDGE_CURVE('',#3484,#3500,#3502,.T.);
#3500 = VERTEX_POINT('',#3501);
#3501 = CARTESIAN_POINT('',(1.496157056081,52.408579962766,
    -2.678036128806));
#3502 = SURFACE_CURVE('',#3503,(#3507),.PCURVE_S1.);
#3503 = LINE('',#3504,#3505);
#3504 = CARTESIAN_POINT('',(1.484775906502,52.428292692084,
    -2.753073372946));
#3505 = VECTOR('',#3506,1.);
#3506 = DIRECTION('',(0.145142338627,-0.251393904832,0.956940335732));
#3507 = PCURVE('',#3119,#3508);
#3508 = DEFINITIONAL_REPRESENTATION('',(#3509),#3513);
#3509 = LINE('',#3510,#3511);
#3510 = CARTESIAN_POINT('',(2.969551813005,-2.753073372946));
#3511 = VECTOR('',#3512,1.);
#3512 = DIRECTION('',(0.290284677254,0.956940335732));
#3513 = ( GEOMETRIC_REPRESENTATION_CONTEXT(2) 
PARAMETRIC_REPRESENTATION_CONTEXT() REPRESENTATION_CONTEXT('2D SPACE',''
  ) );
#3514 = ORIENTED_EDGE('',*,*,#3515,.T.);
#3515 = EDGE_CURVE('',#3500,#3516,#3518,.T.);
#3516 = VERTEX_POINT('',#3517);
#3517 = CARTESIAN_POINT('',(1.5,52.401923788647,-2.6));
#3518 = SURFACE_CURVE('',#3519,(#3523),.PCURVE_S1.);
#3519 = LINE('',#3520,#3521);
#3520 = CARTESIAN_POINT('',(1.496157056081,52.408579962766,
    -2.678036128806));
#3521 = VECTOR('',#3522,1.);
#3522 = DIRECTION('',(4.900857016478E-02,-8.48853335317E-02,
    0.995184726672));
#3523 = PCURVE('',#3119,#3524);
#3524 = DEFINITIONAL_REPRESENTATION('',(#3525),#3529);
#3525 = LINE('',#3526,#3527);
#3526 = CARTESIAN_POINT('',(2.992314112161,-2.678036128806));
#3527 = VECTOR('',#3528,1.);
#3528 = DIRECTION('',(9.801714032956E-02,0.995184726672));
#3529 = ( GEOMETRIC_REPRESENTATION_CONTEXT(2) 
PARAMETRIC_REPRESENTATION_CONTEXT() REPRESENTATION_CONTEXT('2D SPACE',''
  ) );
#3530 = ORIENTED_EDGE('',*,*,#3531,.T.);
#3531 = EDGE_CURVE('',#3516,#3532,#3534,.T.);
#3532 = VERTEX_POINT('',#3533);
#3533 = CARTESIAN_POINT('',(1.5,52.401923788647,2.6));
#3534 = SURFACE_CURVE('',#3535,(#3539),.PCURVE_S1.);
#3535 = LINE('',#3536,#3537);
#3536 = CARTESIAN_POINT('',(1.5,52.401923788647,-2.6));
#3537 = VECTOR('',#3538,1.);
#3538 = DIRECTION('',(0.,0.,1.));
#3539 = PCURVE('',#3119,#3540);
#3540 = DEFINITIONAL_REPRESENTATION('',(#3541),#3545);
#3541 = LINE('',#3542,#3543);
#3542 = CARTESIAN_POINT('',(3.,-2.6));
#3543 = VECTOR('',#3544,1.);
#3544 = DIRECTION('',(0.,1.));
#3545 = ( GEOMETRIC_REPRESENTATION_CONTEXT(2) 
PARAMETRIC_REPRESENTATION_CONTEXT() REPRESENTATION_CONTEXT('2D SPACE',''
  ) );
#3546 = ORIENTED_EDGE('',*,*,#3547,.T.);
#3547 = EDGE_CURVE('',#3532,#3548,#3550,.T.);
#3548 = VERTEX_POINT('',#3549);
#3549 = CARTESIAN_POINT('',(1.496157056081,52.408579962766,
    2.678036128806));
#3550 = SURFACE_CURVE('',#3551,(#3555),.PCURVE_S1.);
#3551 = LINE('',#3552,#3553);
#3552 = CARTESIAN_POINT('',(1.5,52.401923788647,2.6));
#3553 = VECTOR('',#3554,1.);
#3554 = DIRECTION('',(-4.900857016478E-02,8.48853335317E-02,
    0.995184726672));
#3555 = PCURVE('',#3119,#3556);
#3556 = DEFINITIONAL_REPRESENTATION('',(#3557),#3561);
#3557 = LINE('',#3558,#3559);
#3558 = CARTESIAN_POINT('',(3.,2.6));
#3559 = VECTOR('',#3560,1.);
#3560 = DIRECTION('',(-9.801714032956E-02,0.995184726672));
#3561 = ( GEOMETRIC_REPRESENTATION_CONTEXT(2) 
PARAMETRIC_REPRESENTATION_CONTEXT() REPRESENTATION_CONTEXT('2D SPACE',''
  ) );
#3562 = ORIENTED_EDGE('',*,*,#3563,.T.);
#3563 = EDGE_CURVE('',#3548,#3564,#3566,.T.);
#3564 = VERTEX_POINT('',#3565);
#3565 = CARTESIAN_POINT('',(1.484775906502,52.428292692084,
    2.753073372946));
#3566 = SURFACE_CURVE('',#3567,(#3571),.PCURVE_S1.);
#3567 = LINE('',#3568,#3569);
#3568 = CARTESIAN_POINT('',(1.496157056081,52.408579962766,
    2.678036128806));
#3569 = VECTOR('',#3570,1.);
#3570 = DIRECTION('',(-0.145142338627,0.251393904832,0.956940335732));
#3571 = PCURVE('',#3119,#3572);
#3572 = DEFINITIONAL_REPRESENTATION('',(#3573),#3577);
#3573 = LINE('',#3574,#3575);
#3574 = CARTESIAN_POINT('',(2.992314112161,2.678036128806));
#3575 = VECTOR('',#3576,1.);
#3576 = DIRECTION('',(-0.290284677254,0.956940335732));
#3577 = ( GEOMETRIC_REPRESENTATION_CONTEXT(2) 
PARAMETRIC_REPRESENTATION_CONTEXT() REPRESENTATION_CONTEXT('2D SPACE',''
  ) );
#3578 = ORIENTED_EDGE('',*,*,#3579,.T.);
#3579 = EDGE_CURVE('',#3564,#3580,#3582,.T.);
#3580 = VERTEX_POINT('',#3581);
#3581 = CARTESIAN_POINT('',(1.466293922461,52.460304427469,
    2.822228093208));
#3582 = SURFACE_CURVE('',#3583,(#3587),.PCURVE_S1.);
#3583 = LINE('',#3584,#3585);
#3584 = CARTESIAN_POINT('',(1.484775906502,52.428292692084,
    2.753073372946));
#3585 = VECTOR('',#3586,1.);
#3586 = DIRECTION('',(-0.235698368413,0.408241549352,0.881921264348));
#3587 = PCURVE('',#3119,#3588);
#3588 = DEFINITIONAL_REPRESENTATION('',(#3589),#3593);
#3589 = LINE('',#3590,#3591);
#3590 = CARTESIAN_POINT('',(2.969551813005,2.753073372946));
#3591 = VECTOR('',#3592,1.);
#3592 = DIRECTION('',(-0.471396736826,0.881921264348));
#3593 = ( GEOMETRIC_REPRESENTATION_CONTEXT(2) 
PARAMETRIC_REPRESENTATION_CONTEXT() REPRESENTATION_CONTEXT('2D SPACE',''
  ) );
#3594 = ORIENTED_EDGE('',*,*,#3595,.T.);
#3595 = EDGE_CURVE('',#3580,#3596,#3598,.T.);
#3596 = VERTEX_POINT('',#3597);
#3597 = CARTESIAN_POINT('',(1.441421356237,52.503384975882,
    2.882842712475));
#3598 = SURFACE_CURVE('',#3599,(#3603),.PCURVE_S1.);
#3599 = LINE('',#3600,#3601);
#3600 = CARTESIAN_POINT('',(1.466293922461,52.460304427469,
    2.822228093208));
#3601 = VECTOR('',#3602,1.);
#3602 = DIRECTION('',(-0.317196642082,0.549400700076,0.773010453363));
#3603 = PCURVE('',#3119,#3604);
#3604 = DEFINITIONAL_REPRESENTATION('',(#3605),#3609);
#3605 = LINE('',#3606,#3607);
#3606 = CARTESIAN_POINT('',(2.932587844921,2.822228093208));
#3607 = VECTOR('',#3608,1.);
#3608 = DIRECTION('',(-0.634393284164,0.773010453363));
#3609 = ( GEOMETRIC_REPRESENTATION_CONTEXT(2) 
PARAMETRIC_REPRESENTATION_CONTEXT() REPRESENTATION_CONTEXT('2D SPACE',''
  ) );
#3610 = ORIENTED_EDGE('',*,*,#3611,.T.);
#3611 = EDGE_CURVE('',#3596,#3612,#3614,.T.);
#3612 = VERTEX_POINT('',#3613);
#3613 = CARTESIAN_POINT('',(1.411114046604,52.555878776008,
    2.932587844921));
#3614 = SURFACE_CURVE('',#3615,(#3619),.PCURVE_S1.);
#3615 = LINE('',#3616,#3617);
#3616 = CARTESIAN_POINT('',(1.441421356237,52.503384975882,
    2.882842712475));
#3617 = VECTOR('',#3618,1.);
#3618 = DIRECTION('',(-0.386505226681,0.669446690003,0.634393284164));
#3619 = PCURVE('',#3119,#3620);
#3620 = DEFINITIONAL_REPRESENTATION('',(#3621),#3625);
#3621 = LINE('',#3622,#3623);
#3622 = CARTESIAN_POINT('',(2.882842712475,2.882842712475));
#3623 = VECTOR('',#3624,1.);
#3624 = DIRECTION('',(-0.773010453363,0.634393284164));
#3625 = ( GEOMETRIC_REPRESENTATION_CONTEXT(2) 
PARAMETRIC_REPRESENTATION_CONTEXT() REPRESENTATION_CONTEXT('2D SPACE',''
  ) );
#3626 = ORIENTED_EDGE('',*,*,#3627,.T.);
#3627 = EDGE_CURVE('',#3612,#3628,#3630,.T.);
#3628 = VERTEX_POINT('',#3629);
#3629 = CARTESIAN_POINT('',(1.376536686473,52.615768520546,
    2.969551813005));
#3630 = SURFACE_CURVE('',#3631,(#3635),.PCURVE_S1.);
#3631 = LINE('',#3632,#3633);
#3632 = CARTESIAN_POINT('',(1.411114046604,52.555878776008,
    2.932587844921));
#3633 = VECTOR('',#3634,1.);
#3634 = DIRECTION('',(-0.440960632174,0.763766219063,0.471396736826));
#3635 = PCURVE('',#3119,#3636);
#3636 = DEFINITIONAL_REPRESENTATION('',(#3637),#3641);
#3637 = LINE('',#3638,#3639);
#3638 = CARTESIAN_POINT('',(2.822228093208,2.932587844921));
#3639 = VECTOR('',#3640,1.);
#3640 = DIRECTION('',(-0.881921264348,0.471396736826));
#3641 = ( GEOMETRIC_REPRESENTATION_CONTEXT(2) 
PARAMETRIC_REPRESENTATION_CONTEXT() REPRESENTATION_CONTEXT('2D SPACE',''
  ) );
#3642 = ORIENTED_EDGE('',*,*,#3643,.T.);
#3643 = EDGE_CURVE('',#3628,#3644,#3646,.T.);
#3644 = VERTEX_POINT('',#3645);
#3645 = CARTESIAN_POINT('',(1.339018064403,52.680752680201,
    2.992314112161));
#3646 = SURFACE_CURVE('',#3647,(#3651),.PCURVE_S1.);
#3647 = LINE('',#3648,#3649);
#3648 = CARTESIAN_POINT('',(1.376536686473,52.615768520546,
    2.969551813005));
#3649 = VECTOR('',#3650,1.);
#3650 = DIRECTION('',(-0.478470167866,0.82873464065,0.290284677254));
#3651 = PCURVE('',#3119,#3652);
#3652 = DEFINITIONAL_REPRESENTATION('',(#3653),#3657);
#3653 = LINE('',#3654,#3655);
#3654 = CARTESIAN_POINT('',(2.753073372946,2.969551813005));
#3655 = VECTOR('',#3656,1.);
#3656 = DIRECTION('',(-0.956940335732,0.290284677254));
#3657 = ( GEOMETRIC_REPRESENTATION_CONTEXT(2) 
PARAMETRIC_REPRESENTATION_CONTEXT() REPRESENTATION_CONTEXT('2D SPACE',''
  ) );
#3658 = ORIENTED_EDGE('',*,*,#3659,.T.);
#3659 = EDGE_CURVE('',#3644,#3660,#3662,.T.);
#3660 = VERTEX_POINT('',#3661);
#3661 = CARTESIAN_POINT('',(1.3,52.74833395016,3.));
#3662 = SURFACE_CURVE('',#3663,(#3667),.PCURVE_S1.);
#3663 = LINE('',#3664,#3665);
#3664 = CARTESIAN_POINT('',(1.339018064403,52.680752680201,
    2.992314112161));
#3665 = VECTOR('',#3666,1.);
#3666 = DIRECTION('',(-0.497592363336,0.861855254756,9.801714032957E-02)
  );
#3667 = PCURVE('',#3119,#3668);
#3668 = DEFINITIONAL_REPRESENTATION('',(#3669),#3673);
#3669 = LINE('',#3670,#3671);
#3670 = CARTESIAN_POINT('',(2.678036128806,2.992314112161));
#3671 = VECTOR('',#3672,1.);
#3672 = DIRECTION('',(-0.995184726672,9.801714032957E-02));
#3673 = ( GEOMETRIC_REPRESENTATION_CONTEXT(2) 
PARAMETRIC_REPRESENTATION_CONTEXT() REPRESENTATION_CONTEXT('2D SPACE',''
  ) );
#3674 = ORIENTED_EDGE('',*,*,#3675,.T.);
#3675 = EDGE_CURVE('',#3660,#3109,#3676,.T.);
#3676 = SURFACE_CURVE('',#3677,(#3681),.PCURVE_S1.);
#3677 = LINE('',#3678,#3679);
#3678 = CARTESIAN_POINT('',(1.3,52.74833395016,3.));
#3679 = VECTOR('',#3680,1.);
#3680 = DIRECTION('',(-0.5,0.866025403784,0.));
#3681 = PCURVE('',#3119,#3682);
#3682 = DEFINITIONAL_REPRESENTATION('',(#3683),#3687);
#3683 = LINE('',#3684,#3685);
#3684 = CARTESIAN_POINT('',(2.6,3.));
#3685 = VECTOR('',#3686,1.);
#3686 = DIRECTION('',(-1.,0.));
#3687 = ( GEOMETRIC_REPRESENTATION_CONTEXT(2) 
PARAMETRIC_REPRESENTATION_CONTEXT() REPRESENTATION_CONTEXT('2D SPACE',''
  ) );
#3688 = ( GEOMETRIC_REPRESENTATION_CONTEXT(3) 
GLOBAL_UNCERTAINTY_ASSIGNED_CONTEXT((#3692)) 
GLOBAL_UNIT_ASSIGNED_CONTEXT((#3689,#3690,#3691)) REPRESENTATION_CONTEXT
('Context #1','3D Context with UNIT and UNCERTAINTY') );
#3689 = ( LENGTH_UNIT() NAMED_UNIT(*) SI_UNIT(.MILLI.,.METRE.) );
#3690 = ( NAMED_UNIT(*) PLANE_ANGLE_UNIT() SI_UNIT($,.RADIAN.) );
#3691 = ( NAMED_UNIT(*) SI_UNIT($,.STERADIAN.) SOLID_ANGLE_UNIT() );
#3692 = UNCERTAINTY_MEASURE_WITH_UNIT(LENGTH_MEASURE(1.E-07),#3689,
  'distance_accuracy_value','confusion accuracy');
#3693 = CONTEXT_DEPENDENT_SHAPE_REPRESENTATION(#3694,#3696);
#3694 = ( REPRESENTATION_RELATIONSHIP('','',#3101,#10) 
REPRESENTATION_RELATIONSHIP_WITH_TRANSFORMATION(#3695) 
SHAPE_REPRESENTATION_RELATIONSHIP() );
#3695 = ITEM_DEFINED_TRANSFORMATION('','',#11,#35);
#3696 = PRODUCT_DEFINITION_SHAPE('Placement','Placement of an item',
  #3697);
#3697 = NEXT_ASSEMBLY_USAGE_OCCURRENCE('6','','',#5,#3096,$);
#3698 = PRODUCT_RELATED_PRODUCT_CATEGORY('part',$,(#3098));
#3699 = SHAPE_DEFINITION_REPRESENTATION(#3700,#3706);
#3700 = PRODUCT_DEFINITION_SHAPE('','',#3701);
#3701 = PRODUCT_DEFINITION('design','',#3702,#3705);
#3702 = PRODUCT_DEFINITION_FORMATION('','',#3703);
#3703 = PRODUCT('Open CASCADE STEP translator 7.8 1.7',
  'Open CASCADE STEP translator 7.8 1.7','',(#3704));
#3704 = PRODUCT_CONTEXT('',#2,'mechanical');
#3705 = PRODUCT_DEFINITION_CONTEXT('part definition',#2,'design');
#3706 = MANIFOLD_SURFACE_SHAPE_REPRESENTATION('',(#11,#3707),#4293);
#3707 = SHELL_BASED_SURFACE_MODEL('',(#3708));
#3708 = OPEN_SHELL('',(#3709));
#3709 = ADVANCED_FACE('',(#3710),#3724,.T.);
#3710 = FACE_BOUND('',#3711,.T.);
#3711 = EDGE_LOOP('',(#3712,#3735,#3751,#3767,#3783,#3799,#3815,#3831,
    #3847,#3863,#3879,#3895,#3911,#3927,#3943,#3959,#3975,#3991,#4007,
    #4023,#4039,#4055,#4071,#4087,#4103,#4119,#4135,#4151,#4167,#4183,
    #4199,#4215,#4231,#4247,#4263,#4279));
#3712 = ORIENTED_EDGE('',*,*,#3713,.T.);
#3713 = EDGE_CURVE('',#3714,#3716,#3718,.T.);
#3714 = VERTEX_POINT('',#3715);
#3715 = CARTESIAN_POINT('',(1.3,-52.74833395016,3.));
#3716 = VERTEX_POINT('',#3717);
#3717 = CARTESIAN_POINT('',(1.339018064403,-52.6807526802,2.992314112161
    ));
#3718 = SURFACE_CURVE('',#3719,(#3723),.PCURVE_S1.);
#3719 = LINE('',#3720,#3721);
#3720 = CARTESIAN_POINT('',(1.3,-52.74833395016,3.));
#3721 = VECTOR('',#3722,1.);
#3722 = DIRECTION('',(0.497592363336,0.861855254756,-9.801714032957E-02)
  );
#3723 = PCURVE('',#3724,#3729);
#3724 = PLANE('',#3725);
#3725 = AXIS2_PLACEMENT_3D('',#3726,#3727,#3728);
#3726 = CARTESIAN_POINT('',(1.905206831525E-17,-55.,7.620827326101E-17)
  );
#3727 = DIRECTION('',(-0.866025403784,0.5,-0.));
#3728 = DIRECTION('',(-0.5,-0.866025403784,0.));
#3729 = DEFINITIONAL_REPRESENTATION('',(#3730),#3734);
#3730 = LINE('',#3731,#3732);
#3731 = CARTESIAN_POINT('',(-2.6,3.));
#3732 = VECTOR('',#3733,1.);
#3733 = DIRECTION('',(-0.995184726672,-9.801714032957E-02));
#3734 = ( GEOMETRIC_REPRESENTATION_CONTEXT(2) 
PARAMETRIC_REPRESENTATION_CONTEXT() REPRESENTATION_CONTEXT('2D SPACE',''
  ) );
#3735 = ORIENTED_EDGE('',*,*,#3736,.T.);
#3736 = EDGE_CURVE('',#3716,#3737,#3739,.T.);
#3737 = VERTEX_POINT('',#3738);
#3738 = CARTESIAN_POINT('',(1.376536686473,-52.61576852054,
    2.969551813005));
#3739 = SURFACE_CURVE('',#3740,(#3744),.PCURVE_S1.);
#3740 = LINE('',#3741,#3742);
#3741 = CARTESIAN_POINT('',(1.339018064403,-52.6807526802,2.992314112161
    ));
#3742 = VECTOR('',#3743,1.);
#3743 = DIRECTION('',(0.478470167866,0.82873464065,-0.290284677254));
#3744 = PCURVE('',#3724,#3745);
#3745 = DEFINITIONAL_REPRESENTATION('',(#3746),#3750);
#3746 = LINE('',#3747,#3748);
#3747 = CARTESIAN_POINT('',(-2.678036128806,2.992314112161));
#3748 = VECTOR('',#3749,1.);
#3749 = DIRECTION('',(-0.956940335732,-0.290284677254));
#3750 = ( GEOMETRIC_REPRESENTATION_CONTEXT(2) 
PARAMETRIC_REPRESENTATION_CONTEXT() REPRESENTATION_CONTEXT('2D SPACE',''
  ) );
#3751 = ORIENTED_EDGE('',*,*,#3752,.T.);
#3752 = EDGE_CURVE('',#3737,#3753,#3755,.T.);
#3753 = VERTEX_POINT('',#3754);
#3754 = CARTESIAN_POINT('',(1.411114046604,-52.555878776,2.932587844921)
  );
#3755 = SURFACE_CURVE('',#3756,(#3760),.PCURVE_S1.);
#3756 = LINE('',#3757,#3758);
#3757 = CARTESIAN_POINT('',(1.376536686473,-52.61576852054,
    2.969551813005));
#3758 = VECTOR('',#3759,1.);
#3759 = DIRECTION('',(0.440960632174,0.763766219063,-0.471396736826));
#3760 = PCURVE('',#3724,#3761);
#3761 = DEFINITIONAL_REPRESENTATION('',(#3762),#3766);
#3762 = LINE('',#3763,#3764);
#3763 = CARTESIAN_POINT('',(-2.753073372946,2.969551813005));
#3764 = VECTOR('',#3765,1.);
#3765 = DIRECTION('',(-0.881921264348,-0.471396736826));
#3766 = ( GEOMETRIC_REPRESENTATION_CONTEXT(2) 
PARAMETRIC_REPRESENTATION_CONTEXT() REPRESENTATION_CONTEXT('2D SPACE',''
  ) );
#3767 = ORIENTED_EDGE('',*,*,#3768,.T.);
#3768 = EDGE_CURVE('',#3753,#3769,#3771,.T.);
#3769 = VERTEX_POINT('',#3770);
#3770 = CARTESIAN_POINT('',(1.441421356237,-52.50338497588,
    2.882842712475));
#3771 = SURFACE_CURVE('',#3772,(#3776),.PCURVE_S1.);
#3772 = LINE('',#3773,#3774);
#3773 = CARTESIAN_POINT('',(1.411114046604,-52.555878776,2.932587844921)
  );
#3774 = VECTOR('',#3775,1.);
#3775 = DIRECTION('',(0.386505226681,0.669446690003,-0.634393284164));
#3776 = PCURVE('',#3724,#3777);
#3777 = DEFINITIONAL_REPRESENTATION('',(#3778),#3782);
#3778 = LINE('',#3779,#3780);
#3779 = CARTESIAN_POINT('',(-2.822228093208,2.932587844921));
#3780 = VECTOR('',#3781,1.);
#3781 = DIRECTION('',(-0.773010453363,-0.634393284164));
#3782 = ( GEOMETRIC_REPRESENTATION_CONTEXT(2) 
PARAMETRIC_REPRESENTATION_CONTEXT() REPRESENTATION_CONTEXT('2D SPACE',''
  ) );
#3783 = ORIENTED_EDGE('',*,*,#3784,.T.);
#3784 = EDGE_CURVE('',#3769,#3785,#3787,.T.);
#3785 = VERTEX_POINT('',#3786);
#3786 = CARTESIAN_POINT('',(1.466293922461,-52.46030442746,
    2.822228093208));
#3787 = SURFACE_CURVE('',#3788,(#3792),.PCURVE_S1.);
#3788 = LINE('',#3789,#3790);
#3789 = CARTESIAN_POINT('',(1.441421356237,-52.50338497588,
    2.882842712475));
#3790 = VECTOR('',#3791,1.);
#3791 = DIRECTION('',(0.317196642082,0.549400700076,-0.773010453363));
#3792 = PCURVE('',#3724,#3793);
#3793 = DEFINITIONAL_REPRESENTATION('',(#3794),#3798);
#3794 = LINE('',#3795,#3796);
#3795 = CARTESIAN_POINT('',(-2.882842712475,2.882842712475));
#3796 = VECTOR('',#3797,1.);
#3797 = DIRECTION('',(-0.634393284164,-0.773010453363));
#3798 = ( GEOMETRIC_REPRESENTATION_CONTEXT(2) 
PARAMETRIC_REPRESENTATION_CONTEXT() REPRESENTATION_CONTEXT('2D SPACE',''
  ) );
#3799 = ORIENTED_EDGE('',*,*,#3800,.T.);
#3800 = EDGE_CURVE('',#3785,#3801,#3803,.T.);
#3801 = VERTEX_POINT('',#3802);
#3802 = CARTESIAN_POINT('',(1.484775906502,-52.42829269208,
    2.753073372946));
#3803 = SURFACE_CURVE('',#3804,(#3808),.PCURVE_S1.);
#3804 = LINE('',#3805,#3806);
#3805 = CARTESIAN_POINT('',(1.466293922461,-52.46030442746,
    2.822228093208));
#3806 = VECTOR('',#3807,1.);
#3807 = DIRECTION('',(0.235698368413,0.408241549352,-0.881921264348));
#3808 = PCURVE('',#3724,#3809);
#3809 = DEFINITIONAL_REPRESENTATION('',(#3810),#3814);
#3810 = LINE('',#3811,#3812);
#3811 = CARTESIAN_POINT('',(-2.932587844921,2.822228093208));
#3812 = VECTOR('',#3813,1.);
#3813 = DIRECTION('',(-0.471396736826,-0.881921264348));
#3814 = ( GEOMETRIC_REPRESENTATION_CONTEXT(2) 
PARAMETRIC_REPRESENTATION_CONTEXT() REPRESENTATION_CONTEXT('2D SPACE',''
  ) );
#3815 = ORIENTED_EDGE('',*,*,#3816,.T.);
#3816 = EDGE_CURVE('',#3801,#3817,#3819,.T.);
#3817 = VERTEX_POINT('',#3818);
#3818 = CARTESIAN_POINT('',(1.496157056081,-52.40857996276,
    2.678036128806));
#3819 = SURFACE_CURVE('',#3820,(#3824),.PCURVE_S1.);
#3820 = LINE('',#3821,#3822);
#3821 = CARTESIAN_POINT('',(1.484775906502,-52.42829269208,
    2.753073372946));
#3822 = VECTOR('',#3823,1.);
#3823 = DIRECTION('',(0.145142338627,0.251393904832,-0.956940335732));
#3824 = PCURVE('',#3724,#3825);
#3825 = DEFINITIONAL_REPRESENTATION('',(#3826),#3830);
#3826 = LINE('',#3827,#3828);
#3827 = CARTESIAN_POINT('',(-2.969551813005,2.753073372946));
#3828 = VECTOR('',#3829,1.);
#3829 = DIRECTION('',(-0.290284677254,-0.956940335732));
#3830 = ( GEOMETRIC_REPRESENTATION_CONTEXT(2) 
PARAMETRIC_REPRESENTATION_CONTEXT() REPRESENTATION_CONTEXT('2D SPACE',''
  ) );
#3831 = ORIENTED_EDGE('',*,*,#3832,.T.);
#3832 = EDGE_CURVE('',#3817,#3833,#3835,.T.);
#3833 = VERTEX_POINT('',#3834);
#3834 = CARTESIAN_POINT('',(1.5,-52.40192378864,2.6));
#3835 = SURFACE_CURVE('',#3836,(#3840),.PCURVE_S1.);
#3836 = LINE('',#3837,#3838);
#3837 = CARTESIAN_POINT('',(1.496157056081,-52.40857996276,
    2.678036128806));
#3838 = VECTOR('',#3839,1.);
#3839 = DIRECTION('',(4.900857016478E-02,8.48853335317E-02,
    -0.995184726672));
#3840 = PCURVE('',#3724,#3841);
#3841 = DEFINITIONAL_REPRESENTATION('',(#3842),#3846);
#3842 = LINE('',#3843,#3844);
#3843 = CARTESIAN_POINT('',(-2.992314112161,2.678036128806));
#3844 = VECTOR('',#3845,1.);
#3845 = DIRECTION('',(-9.801714032956E-02,-0.995184726672));
#3846 = ( GEOMETRIC_REPRESENTATION_CONTEXT(2) 
PARAMETRIC_REPRESENTATION_CONTEXT() REPRESENTATION_CONTEXT('2D SPACE',''
  ) );
#3847 = ORIENTED_EDGE('',*,*,#3848,.T.);
#3848 = EDGE_CURVE('',#3833,#3849,#3851,.T.);
#3849 = VERTEX_POINT('',#3850);
#3850 = CARTESIAN_POINT('',(1.5,-52.40192378864,-2.6));
#3851 = SURFACE_CURVE('',#3852,(#3856),.PCURVE_S1.);
#3852 = LINE('',#3853,#3854);
#3853 = CARTESIAN_POINT('',(1.5,-52.40192378864,2.6));
#3854 = VECTOR('',#3855,1.);
#3855 = DIRECTION('',(0.,0.,-1.));
#3856 = PCURVE('',#3724,#3857);
#3857 = DEFINITIONAL_REPRESENTATION('',(#3858),#3862);
#3858 = LINE('',#3859,#3860);
#3859 = CARTESIAN_POINT('',(-3.,2.6));
#3860 = VECTOR('',#3861,1.);
#3861 = DIRECTION('',(-0.,-1.));
#3862 = ( GEOMETRIC_REPRESENTATION_CONTEXT(2) 
PARAMETRIC_REPRESENTATION_CONTEXT() REPRESENTATION_CONTEXT('2D SPACE',''
  ) );
#3863 = ORIENTED_EDGE('',*,*,#3864,.T.);
#3864 = EDGE_CURVE('',#3849,#3865,#3867,.T.);
#3865 = VERTEX_POINT('',#3866);
#3866 = CARTESIAN_POINT('',(1.496157056081,-52.40857996276,
    -2.678036128806));
#3867 = SURFACE_CURVE('',#3868,(#3872),.PCURVE_S1.);
#3868 = LINE('',#3869,#3870);
#3869 = CARTESIAN_POINT('',(1.5,-52.40192378864,-2.6));
#3870 = VECTOR('',#3871,1.);
#3871 = DIRECTION('',(-4.900857016478E-02,-8.48853335317E-02,
    -0.995184726672));
#3872 = PCURVE('',#3724,#3873);
#3873 = DEFINITIONAL_REPRESENTATION('',(#3874),#3878);
#3874 = LINE('',#3875,#3876);
#3875 = CARTESIAN_POINT('',(-3.,-2.6));
#3876 = VECTOR('',#3877,1.);
#3877 = DIRECTION('',(9.801714032956E-02,-0.995184726672));
#3878 = ( GEOMETRIC_REPRESENTATION_CONTEXT(2) 
PARAMETRIC_REPRESENTATION_CONTEXT() REPRESENTATION_CONTEXT('2D SPACE',''
  ) );
#3879 = ORIENTED_EDGE('',*,*,#3880,.T.);
#3880 = EDGE_CURVE('',#3865,#3881,#3883,.T.);
#3881 = VERTEX_POINT('',#3882);
#3882 = CARTESIAN_POINT('',(1.484775906502,-52.42829269208,
    -2.753073372946));
#3883 = SURFACE_CURVE('',#3884,(#3888),.PCURVE_S1.);
#3884 = LINE('',#3885,#3886);
#3885 = CARTESIAN_POINT('',(1.496157056081,-52.40857996276,
    -2.678036128806));
#3886 = VECTOR('',#3887,1.);
#3887 = DIRECTION('',(-0.145142338627,-0.251393904832,-0.956940335732));
#3888 = PCURVE('',#3724,#3889);
#3889 = DEFINITIONAL_REPRESENTATION('',(#3890),#3894);
#3890 = LINE('',#3891,#3892);
#3891 = CARTESIAN_POINT('',(-2.992314112161,-2.678036128806));
#3892 = VECTOR('',#3893,1.);
#3893 = DIRECTION('',(0.290284677254,-0.956940335732));
#3894 = ( GEOMETRIC_REPRESENTATION_CONTEXT(2) 
PARAMETRIC_REPRESENTATION_CONTEXT() REPRESENTATION_CONTEXT('2D SPACE',''
  ) );
#3895 = ORIENTED_EDGE('',*,*,#3896,.T.);
#3896 = EDGE_CURVE('',#3881,#3897,#3899,.T.);
#3897 = VERTEX_POINT('',#3898);
#3898 = CARTESIAN_POINT('',(1.466293922461,-52.46030442746,
    -2.822228093208));
#3899 = SURFACE_CURVE('',#3900,(#3904),.PCURVE_S1.);
#3900 = LINE('',#3901,#3902);
#3901 = CARTESIAN_POINT('',(1.484775906502,-52.42829269208,
    -2.753073372946));
#3902 = VECTOR('',#3903,1.);
#3903 = DIRECTION('',(-0.235698368413,-0.408241549352,-0.881921264348));
#3904 = PCURVE('',#3724,#3905);
#3905 = DEFINITIONAL_REPRESENTATION('',(#3906),#3910);
#3906 = LINE('',#3907,#3908);
#3907 = CARTESIAN_POINT('',(-2.969551813005,-2.753073372946));
#3908 = VECTOR('',#3909,1.);
#3909 = DIRECTION('',(0.471396736826,-0.881921264348));
#3910 = ( GEOMETRIC_REPRESENTATION_CONTEXT(2) 
PARAMETRIC_REPRESENTATION_CONTEXT() REPRESENTATION_CONTEXT('2D SPACE',''
  ) );
#3911 = ORIENTED_EDGE('',*,*,#3912,.T.);
#3912 = EDGE_CURVE('',#3897,#3913,#3915,.T.);
#3913 = VERTEX_POINT('',#3914);
#3914 = CARTESIAN_POINT('',(1.441421356237,-52.50338497588,
    -2.882842712475));
#3915 = SURFACE_CURVE('',#3916,(#3920),.PCURVE_S1.);
#3916 = LINE('',#3917,#3918);
#3917 = CARTESIAN_POINT('',(1.466293922461,-52.46030442746,
    -2.822228093208));
#3918 = VECTOR('',#3919,1.);
#3919 = DIRECTION('',(-0.317196642082,-0.549400700076,-0.773010453363));
#3920 = PCURVE('',#3724,#3921);
#3921 = DEFINITIONAL_REPRESENTATION('',(#3922),#3926);
#3922 = LINE('',#3923,#3924);
#3923 = CARTESIAN_POINT('',(-2.932587844921,-2.822228093208));
#3924 = VECTOR('',#3925,1.);
#3925 = DIRECTION('',(0.634393284164,-0.773010453363));
#3926 = ( GEOMETRIC_REPRESENTATION_CONTEXT(2) 
PARAMETRIC_REPRESENTATION_CONTEXT() REPRESENTATION_CONTEXT('2D SPACE',''
  ) );
#3927 = ORIENTED_EDGE('',*,*,#3928,.T.);
#3928 = EDGE_CURVE('',#3913,#3929,#3931,.T.);
#3929 = VERTEX_POINT('',#3930);
#3930 = CARTESIAN_POINT('',(1.411114046604,-52.555878776,-2.932587844921
    ));
#3931 = SURFACE_CURVE('',#3932,(#3936),.PCURVE_S1.);
#3932 = LINE('',#3933,#3934);
#3933 = CARTESIAN_POINT('',(1.441421356237,-52.50338497588,
    -2.882842712475));
#3934 = VECTOR('',#3935,1.);
#3935 = DIRECTION('',(-0.386505226681,-0.669446690003,-0.634393284164));
#3936 = PCURVE('',#3724,#3937);
#3937 = DEFINITIONAL_REPRESENTATION('',(#3938),#3942);
#3938 = LINE('',#3939,#3940);
#3939 = CARTESIAN_POINT('',(-2.882842712475,-2.882842712475));
#3940 = VECTOR('',#3941,1.);
#3941 = DIRECTION('',(0.773010453363,-0.634393284164));
#3942 = ( GEOMETRIC_REPRESENTATION_CONTEXT(2) 
PARAMETRIC_REPRESENTATION_CONTEXT() REPRESENTATION_CONTEXT('2D SPACE',''
  ) );
#3943 = ORIENTED_EDGE('',*,*,#3944,.T.);
#3944 = EDGE_CURVE('',#3929,#3945,#3947,.T.);
#3945 = VERTEX_POINT('',#3946);
#3946 = CARTESIAN_POINT('',(1.376536686473,-52.61576852054,
    -2.969551813005));
#3947 = SURFACE_CURVE('',#3948,(#3952),.PCURVE_S1.);
#3948 = LINE('',#3949,#3950);
#3949 = CARTESIAN_POINT('',(1.411114046604,-52.555878776,-2.932587844921
    ));
#3950 = VECTOR('',#3951,1.);
#3951 = DIRECTION('',(-0.440960632174,-0.763766219063,-0.471396736826));
#3952 = PCURVE('',#3724,#3953);
#3953 = DEFINITIONAL_REPRESENTATION('',(#3954),#3958);
#3954 = LINE('',#3955,#3956);
#3955 = CARTESIAN_POINT('',(-2.822228093208,-2.932587844921));
#3956 = VECTOR('',#3957,1.);
#3957 = DIRECTION('',(0.881921264348,-0.471396736826));
#3958 = ( GEOMETRIC_REPRESENTATION_CONTEXT(2) 
PARAMETRIC_REPRESENTATION_CONTEXT() REPRESENTATION_CONTEXT('2D SPACE',''
  ) );
#3959 = ORIENTED_EDGE('',*,*,#3960,.T.);
#3960 = EDGE_CURVE('',#3945,#3961,#3963,.T.);
#3961 = VERTEX_POINT('',#3962);
#3962 = CARTESIAN_POINT('',(1.339018064403,-52.6807526802,
    -2.992314112161));
#3963 = SURFACE_CURVE('',#3964,(#3968),.PCURVE_S1.);
#3964 = LINE('',#3965,#3966);
#3965 = CARTESIAN_POINT('',(1.376536686473,-52.61576852054,
    -2.969551813005));
#3966 = VECTOR('',#3967,1.);
#3967 = DIRECTION('',(-0.478470167866,-0.82873464065,-0.290284677254));
#3968 = PCURVE('',#3724,#3969);
#3969 = DEFINITIONAL_REPRESENTATION('',(#3970),#3974);
#3970 = LINE('',#3971,#3972);
#3971 = CARTESIAN_POINT('',(-2.753073372946,-2.969551813005));
#3972 = VECTOR('',#3973,1.);
#3973 = DIRECTION('',(0.956940335732,-0.290284677254));
#3974 = ( GEOMETRIC_REPRESENTATION_CONTEXT(2) 
PARAMETRIC_REPRESENTATION_CONTEXT() REPRESENTATION_CONTEXT('2D SPACE',''
  ) );
#3975 = ORIENTED_EDGE('',*,*,#3976,.T.);
#3976 = EDGE_CURVE('',#3961,#3977,#3979,.T.);
#3977 = VERTEX_POINT('',#3978);
#3978 = CARTESIAN_POINT('',(1.3,-52.74833395016,-3.));
#3979 = SURFACE_CURVE('',#3980,(#3984),.PCURVE_S1.);
#3980 = LINE('',#3981,#3982);
#3981 = CARTESIAN_POINT('',(1.339018064403,-52.6807526802,
    -2.992314112161));
#3982 = VECTOR('',#3983,1.);
#3983 = DIRECTION('',(-0.497592363336,-0.861855254756,
    -9.801714032957E-02));
#3984 = PCURVE('',#3724,#3985);
#3985 = DEFINITIONAL_REPRESENTATION('',(#3986),#3990);
#3986 = LINE('',#3987,#3988);
#3987 = CARTESIAN_POINT('',(-2.678036128806,-2.992314112161));
#3988 = VECTOR('',#3989,1.);
#3989 = DIRECTION('',(0.995184726672,-9.801714032957E-02));
#3990 = ( GEOMETRIC_REPRESENTATION_CONTEXT(2) 
PARAMETRIC_REPRESENTATION_CONTEXT() REPRESENTATION_CONTEXT('2D SPACE',''
  ) );
#3991 = ORIENTED_EDGE('',*,*,#3992,.T.);
#3992 = EDGE_CURVE('',#3977,#3993,#3995,.T.);
#3993 = VERTEX_POINT('',#3994);
#3994 = CARTESIAN_POINT('',(-1.3,-57.25166604984,-3.));
#3995 = SURFACE_CURVE('',#3996,(#4000),.PCURVE_S1.);
#3996 = LINE('',#3997,#3998);
#3997 = CARTESIAN_POINT('',(1.3,-52.74833395016,-3.));
#3998 = VECTOR('',#3999,1.);
#3999 = DIRECTION('',(-0.5,-0.866025403784,0.));
#4000 = PCURVE('',#3724,#4001);
#4001 = DEFINITIONAL_REPRESENTATION('',(#4002),#4006);
#4002 = LINE('',#4003,#4004);
#4003 = CARTESIAN_POINT('',(-2.6,-3.));
#4004 = VECTOR('',#4005,1.);
#4005 = DIRECTION('',(1.,0.));
#4006 = ( GEOMETRIC_REPRESENTATION_CONTEXT(2) 
PARAMETRIC_REPRESENTATION_CONTEXT() REPRESENTATION_CONTEXT('2D SPACE',''
  ) );
#4007 = ORIENTED_EDGE('',*,*,#4008,.T.);
#4008 = EDGE_CURVE('',#3993,#4009,#4011,.T.);
#4009 = VERTEX_POINT('',#4010);
#4010 = CARTESIAN_POINT('',(-1.339018064403,-57.31924731979,
    -2.992314112161));
#4011 = SURFACE_CURVE('',#4012,(#4016),.PCURVE_S1.);
#4012 = LINE('',#4013,#4014);
#4013 = CARTESIAN_POINT('',(-1.3,-57.25166604984,-3.));
#4014 = VECTOR('',#4015,1.);
#4015 = DIRECTION('',(-0.497592363336,-0.861855254756,9.801714032957E-02
    ));
#4016 = PCURVE('',#3724,#4017);
#4017 = DEFINITIONAL_REPRESENTATION('',(#4018),#4022);
#4018 = LINE('',#4019,#4020);
#4019 = CARTESIAN_POINT('',(2.6,-3.));
#4020 = VECTOR('',#4021,1.);
#4021 = DIRECTION('',(0.995184726672,9.801714032957E-02));
#4022 = ( GEOMETRIC_REPRESENTATION_CONTEXT(2) 
PARAMETRIC_REPRESENTATION_CONTEXT() REPRESENTATION_CONTEXT('2D SPACE',''
  ) );
#4023 = ORIENTED_EDGE('',*,*,#4024,.T.);
#4024 = EDGE_CURVE('',#4009,#4025,#4027,.T.);
#4025 = VERTEX_POINT('',#4026);
#4026 = CARTESIAN_POINT('',(-1.376536686473,-57.38423147945,
    -2.969551813005));
#4027 = SURFACE_CURVE('',#4028,(#4032),.PCURVE_S1.);
#4028 = LINE('',#4029,#4030);
#4029 = CARTESIAN_POINT('',(-1.339018064403,-57.31924731979,
    -2.992314112161));
#4030 = VECTOR('',#4031,1.);
#4031 = DIRECTION('',(-0.478470167866,-0.82873464065,0.290284677254));
#4032 = PCURVE('',#3724,#4033);
#4033 = DEFINITIONAL_REPRESENTATION('',(#4034),#4038);
#4034 = LINE('',#4035,#4036);
#4035 = CARTESIAN_POINT('',(2.678036128806,-2.992314112161));
#4036 = VECTOR('',#4037,1.);
#4037 = DIRECTION('',(0.956940335732,0.290284677254));
#4038 = ( GEOMETRIC_REPRESENTATION_CONTEXT(2) 
PARAMETRIC_REPRESENTATION_CONTEXT() REPRESENTATION_CONTEXT('2D SPACE',''
  ) );
#4039 = ORIENTED_EDGE('',*,*,#4040,.T.);
#4040 = EDGE_CURVE('',#4025,#4041,#4043,.T.);
#4041 = VERTEX_POINT('',#4042);
#4042 = CARTESIAN_POINT('',(-1.411114046604,-57.44412122399,
    -2.932587844921));
#4043 = SURFACE_CURVE('',#4044,(#4048),.PCURVE_S1.);
#4044 = LINE('',#4045,#4046);
#4045 = CARTESIAN_POINT('',(-1.376536686473,-57.38423147945,
    -2.969551813005));
#4046 = VECTOR('',#4047,1.);
#4047 = DIRECTION('',(-0.440960632174,-0.763766219063,0.471396736826));
#4048 = PCURVE('',#3724,#4049);
#4049 = DEFINITIONAL_REPRESENTATION('',(#4050),#4054);
#4050 = LINE('',#4051,#4052);
#4051 = CARTESIAN_POINT('',(2.753073372946,-2.969551813005));
#4052 = VECTOR('',#4053,1.);
#4053 = DIRECTION('',(0.881921264348,0.471396736826));
#4054 = ( GEOMETRIC_REPRESENTATION_CONTEXT(2) 
PARAMETRIC_REPRESENTATION_CONTEXT() REPRESENTATION_CONTEXT('2D SPACE',''
  ) );
#4055 = ORIENTED_EDGE('',*,*,#4056,.T.);
#4056 = EDGE_CURVE('',#4041,#4057,#4059,.T.);
#4057 = VERTEX_POINT('',#4058);
#4058 = CARTESIAN_POINT('',(-1.441421356237,-57.49661502411,
    -2.882842712475));
#4059 = SURFACE_CURVE('',#4060,(#4064),.PCURVE_S1.);
#4060 = LINE('',#4061,#4062);
#4061 = CARTESIAN_POINT('',(-1.411114046604,-57.44412122399,
    -2.932587844921));
#4062 = VECTOR('',#4063,1.);
#4063 = DIRECTION('',(-0.386505226681,-0.669446690003,0.634393284164));
#4064 = PCURVE('',#3724,#4065);
#4065 = DEFINITIONAL_REPRESENTATION('',(#4066),#4070);
#4066 = LINE('',#4067,#4068);
#4067 = CARTESIAN_POINT('',(2.822228093208,-2.932587844921));
#4068 = VECTOR('',#4069,1.);
#4069 = DIRECTION('',(0.773010453363,0.634393284164));
#4070 = ( GEOMETRIC_REPRESENTATION_CONTEXT(2) 
PARAMETRIC_REPRESENTATION_CONTEXT() REPRESENTATION_CONTEXT('2D SPACE',''
  ) );
#4071 = ORIENTED_EDGE('',*,*,#4072,.T.);
#4072 = EDGE_CURVE('',#4057,#4073,#4075,.T.);
#4073 = VERTEX_POINT('',#4074);
#4074 = CARTESIAN_POINT('',(-1.466293922461,-57.53969557253,
    -2.822228093208));
#4075 = SURFACE_CURVE('',#4076,(#4080),.PCURVE_S1.);
#4076 = LINE('',#4077,#4078);
#4077 = CARTESIAN_POINT('',(-1.441421356237,-57.49661502411,
    -2.882842712475));
#4078 = VECTOR('',#4079,1.);
#4079 = DIRECTION('',(-0.317196642082,-0.549400700076,0.773010453363));
#4080 = PCURVE('',#3724,#4081);
#4081 = DEFINITIONAL_REPRESENTATION('',(#4082),#4086);
#4082 = LINE('',#4083,#4084);
#4083 = CARTESIAN_POINT('',(2.882842712475,-2.882842712475));
#4084 = VECTOR('',#4085,1.);
#4085 = DIRECTION('',(0.634393284164,0.773010453363));
#4086 = ( GEOMETRIC_REPRESENTATION_CONTEXT(2) 
PARAMETRIC_REPRESENTATION_CONTEXT() REPRESENTATION_CONTEXT('2D SPACE',''
  ) );
#4087 = ORIENTED_EDGE('',*,*,#4088,.T.);
#4088 = EDGE_CURVE('',#4073,#4089,#4091,.T.);
#4089 = VERTEX_POINT('',#4090);
#4090 = CARTESIAN_POINT('',(-1.484775906502,-57.57170730791,
    -2.753073372946));
#4091 = SURFACE_CURVE('',#4092,(#4096),.PCURVE_S1.);
#4092 = LINE('',#4093,#4094);
#4093 = CARTESIAN_POINT('',(-1.466293922461,-57.53969557253,
    -2.822228093208));
#4094 = VECTOR('',#4095,1.);
#4095 = DIRECTION('',(-0.235698368413,-0.408241549352,0.881921264348));
#4096 = PCURVE('',#3724,#4097);
#4097 = DEFINITIONAL_REPRESENTATION('',(#4098),#4102);
#4098 = LINE('',#4099,#4100);
#4099 = CARTESIAN_POINT('',(2.932587844921,-2.822228093208));
#4100 = VECTOR('',#4101,1.);
#4101 = DIRECTION('',(0.471396736826,0.881921264348));
#4102 = ( GEOMETRIC_REPRESENTATION_CONTEXT(2) 
PARAMETRIC_REPRESENTATION_CONTEXT() REPRESENTATION_CONTEXT('2D SPACE',''
  ) );
#4103 = ORIENTED_EDGE('',*,*,#4104,.T.);
#4104 = EDGE_CURVE('',#4089,#4105,#4107,.T.);
#4105 = VERTEX_POINT('',#4106);
#4106 = CARTESIAN_POINT('',(-1.496157056081,-57.59142003723,
    -2.678036128806));
#4107 = SURFACE_CURVE('',#4108,(#4112),.PCURVE_S1.);
#4108 = LINE('',#4109,#4110);
#4109 = CARTESIAN_POINT('',(-1.484775906502,-57.57170730791,
    -2.753073372946));
#4110 = VECTOR('',#4111,1.);
#4111 = DIRECTION('',(-0.145142338627,-0.251393904832,0.956940335732));
#4112 = PCURVE('',#3724,#4113);
#4113 = DEFINITIONAL_REPRESENTATION('',(#4114),#4118);
#4114 = LINE('',#4115,#4116);
#4115 = CARTESIAN_POINT('',(2.969551813005,-2.753073372946));
#4116 = VECTOR('',#4117,1.);
#4117 = DIRECTION('',(0.290284677254,0.956940335732));
#4118 = ( GEOMETRIC_REPRESENTATION_CONTEXT(2) 
PARAMETRIC_REPRESENTATION_CONTEXT() REPRESENTATION_CONTEXT('2D SPACE',''
  ) );
#4119 = ORIENTED_EDGE('',*,*,#4120,.T.);
#4120 = EDGE_CURVE('',#4105,#4121,#4123,.T.);
#4121 = VERTEX_POINT('',#4122);
#4122 = CARTESIAN_POINT('',(-1.5,-57.59807621135,-2.6));
#4123 = SURFACE_CURVE('',#4124,(#4128),.PCURVE_S1.);
#4124 = LINE('',#4125,#4126);
#4125 = CARTESIAN_POINT('',(-1.496157056081,-57.59142003723,
    -2.678036128806));
#4126 = VECTOR('',#4127,1.);
#4127 = DIRECTION('',(-4.900857016478E-02,-8.48853335317E-02,
    0.995184726672));
#4128 = PCURVE('',#3724,#4129);
#4129 = DEFINITIONAL_REPRESENTATION('',(#4130),#4134);
#4130 = LINE('',#4131,#4132);
#4131 = CARTESIAN_POINT('',(2.992314112161,-2.678036128806));
#4132 = VECTOR('',#4133,1.);
#4133 = DIRECTION('',(9.801714032956E-02,0.995184726672));
#4134 = ( GEOMETRIC_REPRESENTATION_CONTEXT(2) 
PARAMETRIC_REPRESENTATION_CONTEXT() REPRESENTATION_CONTEXT('2D SPACE',''
  ) );
#4135 = ORIENTED_EDGE('',*,*,#4136,.T.);
#4136 = EDGE_CURVE('',#4121,#4137,#4139,.T.);
#4137 = VERTEX_POINT('',#4138);
#4138 = CARTESIAN_POINT('',(-1.5,-57.59807621135,2.6));
#4139 = SURFACE_CURVE('',#4140,(#4144),.PCURVE_S1.);
#4140 = LINE('',#4141,#4142);
#4141 = CARTESIAN_POINT('',(-1.5,-57.59807621135,-2.6));
#4142 = VECTOR('',#4143,1.);
#4143 = DIRECTION('',(0.,0.,1.));
#4144 = PCURVE('',#3724,#4145);
#4145 = DEFINITIONAL_REPRESENTATION('',(#4146),#4150);
#4146 = LINE('',#4147,#4148);
#4147 = CARTESIAN_POINT('',(3.,-2.6));
#4148 = VECTOR('',#4149,1.);
#4149 = DIRECTION('',(0.,1.));
#4150 = ( GEOMETRIC_REPRESENTATION_CONTEXT(2) 
PARAMETRIC_REPRESENTATION_CONTEXT() REPRESENTATION_CONTEXT('2D SPACE',''
  ) );
#4151 = ORIENTED_EDGE('',*,*,#4152,.T.);
#4152 = EDGE_CURVE('',#4137,#4153,#4155,.T.);
#4153 = VERTEX_POINT('',#4154);
#4154 = CARTESIAN_POINT('',(-1.496157056081,-57.59142003723,
    2.678036128806));
#4155 = SURFACE_CURVE('',#4156,(#4160),.PCURVE_S1.);
#4156 = LINE('',#4157,#4158);
#4157 = CARTESIAN_POINT('',(-1.5,-57.59807621135,2.6));
#4158 = VECTOR('',#4159,1.);
#4159 = DIRECTION('',(4.900857016478E-02,8.48853335317E-02,
    0.995184726672));
#4160 = PCURVE('',#3724,#4161);
#4161 = DEFINITIONAL_REPRESENTATION('',(#4162),#4166);
#4162 = LINE('',#4163,#4164);
#4163 = CARTESIAN_POINT('',(3.,2.6));
#4164 = VECTOR('',#4165,1.);
#4165 = DIRECTION('',(-9.801714032956E-02,0.995184726672));
#4166 = ( GEOMETRIC_REPRESENTATION_CONTEXT(2) 
PARAMETRIC_REPRESENTATION_CONTEXT() REPRESENTATION_CONTEXT('2D SPACE',''
  ) );
#4167 = ORIENTED_EDGE('',*,*,#4168,.T.);
#4168 = EDGE_CURVE('',#4153,#4169,#4171,.T.);
#4169 = VERTEX_POINT('',#4170);
#4170 = CARTESIAN_POINT('',(-1.484775906502,-57.57170730791,
    2.753073372946));
#4171 = SURFACE_CURVE('',#4172,(#4176),.PCURVE_S1.);
#4172 = LINE('',#4173,#4174);
#4173 = CARTESIAN_POINT('',(-1.496157056081,-57.59142003723,
    2.678036128806));
#4174 = VECTOR('',#4175,1.);
#4175 = DIRECTION('',(0.145142338627,0.251393904832,0.956940335732));
#4176 = PCURVE('',#3724,#4177);
#4177 = DEFINITIONAL_REPRESENTATION('',(#4178),#4182);
#4178 = LINE('',#4179,#4180);
#4179 = CARTESIAN_POINT('',(2.992314112161,2.678036128806));
#4180 = VECTOR('',#4181,1.);
#4181 = DIRECTION('',(-0.290284677254,0.956940335732));
#4182 = ( GEOMETRIC_REPRESENTATION_CONTEXT(2) 
PARAMETRIC_REPRESENTATION_CONTEXT() REPRESENTATION_CONTEXT('2D SPACE',''
  ) );
#4183 = ORIENTED_EDGE('',*,*,#4184,.T.);
#4184 = EDGE_CURVE('',#4169,#4185,#4187,.T.);
#4185 = VERTEX_POINT('',#4186);
#4186 = CARTESIAN_POINT('',(-1.466293922461,-57.53969557253,
    2.822228093208));
#4187 = SURFACE_CURVE('',#4188,(#4192),.PCURVE_S1.);
#4188 = LINE('',#4189,#4190);
#4189 = CARTESIAN_POINT('',(-1.484775906502,-57.57170730791,
    2.753073372946));
#4190 = VECTOR('',#4191,1.);
#4191 = DIRECTION('',(0.235698368413,0.408241549352,0.881921264348));
#4192 = PCURVE('',#3724,#4193);
#4193 = DEFINITIONAL_REPRESENTATION('',(#4194),#4198);
#4194 = LINE('',#4195,#4196);
#4195 = CARTESIAN_POINT('',(2.969551813005,2.753073372946));
#4196 = VECTOR('',#4197,1.);
#4197 = DIRECTION('',(-0.471396736826,0.881921264348));
#4198 = ( GEOMETRIC_REPRESENTATION_CONTEXT(2) 
PARAMETRIC_REPRESENTATION_CONTEXT() REPRESENTATION_CONTEXT('2D SPACE',''
  ) );
#4199 = ORIENTED_EDGE('',*,*,#4200,.T.);
#4200 = EDGE_CURVE('',#4185,#4201,#4203,.T.);
#4201 = VERTEX_POINT('',#4202);
#4202 = CARTESIAN_POINT('',(-1.441421356237,-57.49661502411,
    2.882842712475));
#4203 = SURFACE_CURVE('',#4204,(#4208),.PCURVE_S1.);
#4204 = LINE('',#4205,#4206);
#4205 = CARTESIAN_POINT('',(-1.466293922461,-57.53969557253,
    2.822228093208));
#4206 = VECTOR('',#4207,1.);
#4207 = DIRECTION('',(0.317196642082,0.549400700076,0.773010453363));
#4208 = PCURVE('',#3724,#4209);
#4209 = DEFINITIONAL_REPRESENTATION('',(#4210),#4214);
#4210 = LINE('',#4211,#4212);
#4211 = CARTESIAN_POINT('',(2.932587844921,2.822228093208));
#4212 = VECTOR('',#4213,1.);
#4213 = DIRECTION('',(-0.634393284164,0.773010453363));
#4214 = ( GEOMETRIC_REPRESENTATION_CONTEXT(2) 
PARAMETRIC_REPRESENTATION_CONTEXT() REPRESENTATION_CONTEXT('2D SPACE',''
  ) );
#4215 = ORIENTED_EDGE('',*,*,#4216,.T.);
#4216 = EDGE_CURVE('',#4201,#4217,#4219,.T.);
#4217 = VERTEX_POINT('',#4218);
#4218 = CARTESIAN_POINT('',(-1.411114046604,-57.44412122399,
    2.932587844921));
#4219 = SURFACE_CURVE('',#4220,(#4224),.PCURVE_S1.);
#4220 = LINE('',#4221,#4222);
#4221 = CARTESIAN_POINT('',(-1.441421356237,-57.49661502411,
    2.882842712475));
#4222 = VECTOR('',#4223,1.);
#4223 = DIRECTION('',(0.386505226681,0.669446690003,0.634393284164));
#4224 = PCURVE('',#3724,#4225);
#4225 = DEFINITIONAL_REPRESENTATION('',(#4226),#4230);
#4226 = LINE('',#4227,#4228);
#4227 = CARTESIAN_POINT('',(2.882842712475,2.882842712475));
#4228 = VECTOR('',#4229,1.);
#4229 = DIRECTION('',(-0.773010453363,0.634393284164));
#4230 = ( GEOMETRIC_REPRESENTATION_CONTEXT(2) 
PARAMETRIC_REPRESENTATION_CONTEXT() REPRESENTATION_CONTEXT('2D SPACE',''
  ) );
#4231 = ORIENTED_EDGE('',*,*,#4232,.T.);
#4232 = EDGE_CURVE('',#4217,#4233,#4235,.T.);
#4233 = VERTEX_POINT('',#4234);
#4234 = CARTESIAN_POINT('',(-1.376536686473,-57.38423147945,
    2.969551813005));
#4235 = SURFACE_CURVE('',#4236,(#4240),.PCURVE_S1.);
#4236 = LINE('',#4237,#4238);
#4237 = CARTESIAN_POINT('',(-1.411114046604,-57.44412122399,
    2.932587844921));
#4238 = VECTOR('',#4239,1.);
#4239 = DIRECTION('',(0.440960632174,0.763766219063,0.471396736826));
#4240 = PCURVE('',#3724,#4241);
#4241 = DEFINITIONAL_REPRESENTATION('',(#4242),#4246);
#4242 = LINE('',#4243,#4244);
#4243 = CARTESIAN_POINT('',(2.822228093208,2.932587844921));
#4244 = VECTOR('',#4245,1.);
#4245 = DIRECTION('',(-0.881921264348,0.471396736826));
#4246 = ( GEOMETRIC_REPRESENTATION_CONTEXT(2) 
PARAMETRIC_REPRESENTATION_CONTEXT() REPRESENTATION_CONTEXT('2D SPACE',''
  ) );
#4247 = ORIENTED_EDGE('',*,*,#4248,.T.);
#4248 = EDGE_CURVE('',#4233,#4249,#4251,.T.);
#4249 = VERTEX_POINT('',#4250);
#4250 = CARTESIAN_POINT('',(-1.339018064403,-57.31924731979,
    2.992314112161));
#4251 = SURFACE_CURVE('',#4252,(#4256),.PCURVE_S1.);
#4252 = LINE('',#4253,#4254);
#4253 = CARTESIAN_POINT('',(-1.376536686473,-57.38423147945,
    2.969551813005));
#4254 = VECTOR('',#4255,1.);
#4255 = DIRECTION('',(0.478470167866,0.82873464065,0.290284677254));
#4256 = PCURVE('',#3724,#4257);
#4257 = DEFINITIONAL_REPRESENTATION('',(#4258),#4262);
#4258 = LINE('',#4259,#4260);
#4259 = CARTESIAN_POINT('',(2.753073372946,2.969551813005));
#4260 = VECTOR('',#4261,1.);
#4261 = DIRECTION('',(-0.956940335732,0.290284677254));
#4262 = ( GEOMETRIC_REPRESENTATION_CONTEXT(2) 
PARAMETRIC_REPRESENTATION_CONTEXT() REPRESENTATION_CONTEXT('2D SPACE',''
  ) );
#4263 = ORIENTED_EDGE('',*,*,#4264,.T.);
#4264 = EDGE_CURVE('',#4249,#4265,#4267,.T.);
#4265 = VERTEX_POINT('',#4266);
#4266 = CARTESIAN_POINT('',(-1.3,-57.25166604984,3.));
#4267 = SURFACE_CURVE('',#4268,(#4272),.PCURVE_S1.);
#4268 = LINE('',#4269,#4270);
#4269 = CARTESIAN_POINT('',(-1.339018064403,-57.31924731979,
    2.992314112161));
#4270 = VECTOR('',#4271,1.);
#4271 = DIRECTION('',(0.497592363336,0.861855254756,9.801714032957E-02)
  );
#4272 = PCURVE('',#3724,#4273);
#4273 = DEFINITIONAL_REPRESENTATION('',(#4274),#4278);
#4274 = LINE('',#4275,#4276);
#4275 = CARTESIAN_POINT('',(2.678036128806,2.992314112161));
#4276 = VECTOR('',#4277,1.);
#4277 = DIRECTION('',(-0.995184726672,9.801714032957E-02));
#4278 = ( GEOMETRIC_REPRESENTATION_CONTEXT(2) 
PARAMETRIC_REPRESENTATION_CONTEXT() REPRESENTATION_CONTEXT('2D SPACE',''
  ) );
#4279 = ORIENTED_EDGE('',*,*,#4280,.T.);
#4280 = EDGE_CURVE('',#4265,#3714,#4281,.T.);
#4281 = SURFACE_CURVE('',#4282,(#4286),.PCURVE_S1.);
#4282 = LINE('',#4283,#4284);
#4283 = CARTESIAN_POINT('',(-1.3,-57.25166604984,3.));
#4284 = VECTOR('',#4285,1.);
#4285 = DIRECTION('',(0.5,0.866025403784,0.));
#4286 = PCURVE('',#3724,#4287);
#4287 = DEFINITIONAL_REPRESENTATION('',(#4288),#4292);
#4288 = LINE('',#4289,#4290);
#4289 = CARTESIAN_POINT('',(2.6,3.));
#4290 = VECTOR('',#4291,1.);
#4291 = DIRECTION('',(-1.,0.));
#4292 = ( GEOMETRIC_REPRESENTATION_CONTEXT(2) 
PARAMETRIC_REPRESENTATION_CONTEXT() REPRESENTATION_CONTEXT('2D SPACE',''
  ) );
#4293 = ( GEOMETRIC_REPRESENTATION_CONTEXT(3) 
GLOBAL_UNCERTAINTY_ASSIGNED_CONTEXT((#4297)) 
GLOBAL_UNIT_ASSIGNED_CONTEXT((#4294,#4295,#4296)) REPRESENTATION_CONTEXT
('Context #1','3D Context with UNIT and UNCERTAINTY') );
#4294 = ( LENGTH_UNIT() NAMED_UNIT(*) SI_UNIT(.MILLI.,.METRE.) );
#4295 = ( NAMED_UNIT(*) PLANE_ANGLE_UNIT() SI_UNIT($,.RADIAN.) );
#4296 = ( NAMED_UNIT(*) SI_UNIT($,.STERADIAN.) SOLID_ANGLE_UNIT() );
#4297 = UNCERTAINTY_MEASURE_WITH_UNIT(LENGTH_MEASURE(1.E-07),#4294,
  'distance_accuracy_value','confusion accuracy');
#4298 = CONTEXT_DEPENDENT_SHAPE_REPRESENTATION(#4299,#4301);
#4299 = ( REPRESENTATION_RELATIONSHIP('','',#3706,#10) 
REPRESENTATION_RELATIONSHIP_WITH_TRANSFORMATION(#4300) 
SHAPE_REPRESENTATION_RELATIONSHIP() );
#4300 = ITEM_DEFINED_TRANSFORMATION('','',#11,#39);
#4301 = PRODUCT_DEFINITION_SHAPE('Placement','Placement of an item',
  #4302);
#4302 = NEXT_ASSEMBLY_USAGE_OCCURRENCE('7','','',#5,#3701,$);
#4303 = PRODUCT_RELATED_PRODUCT_CATEGORY('part',$,(#3703));
#4304 = SHAPE_DEFINITION_REPRESENTATION(#4305,#4311);
#4305 = PRODUCT_DEFINITION_SHAPE('','',#4306);
#4306 = PRODUCT_DEFINITION('design','',#4307,#4310);
#4307 = PRODUCT_DEFINITION_FORMATION('','',#4308);
#4308 = PRODUCT('Open CASCADE STEP translator 7.8 1.8',
  'Open CASCADE STEP translator 7.8 1.8','',(#4309));
#4309 = PRODUCT_CONTEXT('',#2,'mechanical');
#4310 = PRODUCT_DEFINITION_CONTEXT('part definition',#2,'design');
#4311 = MANIFOLD_SURFACE_SHAPE_REPRESENTATION('',(#11,#4312),#4898);
#4312 = SHELL_BASED_SURFACE_MODEL('',(#4313));
#4313 = OPEN_SHELL('',(#4314));
#4314 = ADVANCED_FACE('',(#4315),#4329,.T.);
#4315 = FACE_BOUND('',#4316,.T.);
#4316 = EDGE_LOOP('',(#4317,#4340,#4356,#4372,#4388,#4404,#4420,#4436,
    #4452,#4468,#4484,#4500,#4516,#4532,#4548,#4564,#4580,#4596,#4612,
    #4628,#4644,#4660,#4676,#4692,#4708,#4724,#4740,#4756,#4772,#4788,
    #4804,#4820,#4836,#4852,#4868,#4884));
#4317 = ORIENTED_EDGE('',*,*,#4318,.T.);
#4318 = EDGE_CURVE('',#4319,#4321,#4323,.T.);
#4319 = VERTEX_POINT('',#4320);
#4320 = CARTESIAN_POINT('',(0.185562357571,47.861738783626,
    -7.254819177951));
#4321 = VERTEX_POINT('',#4322);
#4322 = CARTESIAN_POINT('',(0.1543954434,47.933347930603,-7.261852228583
    ));
#4323 = SURFACE_CURVE('',#4324,(#4328),.PCURVE_S1.);
#4324 = LINE('',#4325,#4326);
#4325 = CARTESIAN_POINT('',(0.185562357571,47.861738783626,
    -7.254819177951));
#4326 = VECTOR('',#4327,1.);
#4327 = DIRECTION('',(-0.397467652935,0.913222252972,-8.969159128825E-02
    ));
#4328 = PCURVE('',#4329,#4334);
#4329 = PLANE('',#4330);
#4330 = AXIS2_PLACEMENT_3D('',#4331,#4332,#4333);
#4331 = CARTESIAN_POINT('',(-1.309829696674E-16,45.,-10.));
#4332 = DIRECTION('',(-0.852868531952,-0.331587955583,0.403317114585));
#4333 = DIRECTION('',(-0.427503415519,0.,-0.904013733148));
#4334 = DEFINITIONAL_REPRESENTATION('',(#4335),#4339);
#4335 = LINE('',#4336,#4337);
#4336 = CARTESIAN_POINT('',(-2.561009704759,-3.033352813659));
#4337 = VECTOR('',#4338,1.);
#4338 = DIRECTION('',(0.25100120946,-0.967986773076));
#4339 = ( GEOMETRIC_REPRESENTATION_CONTEXT(2) 
PARAMETRIC_REPRESENTATION_CONTEXT() REPRESENTATION_CONTEXT('2D SPACE',''
  ) );
#4340 = ORIENTED_EDGE('',*,*,#4341,.T.);
#4341 = EDGE_CURVE('',#4321,#4342,#4344,.T.);
#4342 = VERTEX_POINT('',#4343);
#4343 = CARTESIAN_POINT('',(0.118647916442,47.999958609359,
    -7.282681104287));
#4344 = SURFACE_CURVE('',#4345,(#4349),.PCURVE_S1.);
#4345 = LINE('',#4346,#4347);
#4346 = CARTESIAN_POINT('',(0.1543954434,47.933347930603,-7.261852228583
    ));
#4347 = VECTOR('',#4348,1.);
#4348 = DIRECTION('',(-0.455883619406,0.849477429811,-0.265627976311));
#4349 = PCURVE('',#4329,#4350);
#4350 = DEFINITIONAL_REPRESENTATION('',(#4351),#4355);
#4351 = LINE('',#4352,#4353);
#4352 = CARTESIAN_POINT('',(-2.541327768142,-3.109256249958));
#4353 = VECTOR('',#4354,1.);
#4354 = DIRECTION('',(0.435023142869,-0.900419271878));
#4355 = ( GEOMETRIC_REPRESENTATION_CONTEXT(2) 
PARAMETRIC_REPRESENTATION_CONTEXT() REPRESENTATION_CONTEXT('2D SPACE',''
  ) );
#4356 = ORIENTED_EDGE('',*,*,#4357,.T.);
#4357 = EDGE_CURVE('',#4342,#4358,#4360,.T.);
#4358 = VERTEX_POINT('',#4359);
#4359 = CARTESIAN_POINT('',(7.969353411154E-02,48.059011008864,
    -7.31650536305));
#4360 = SURFACE_CURVE('',#4361,(#4365),.PCURVE_S1.);
#4361 = LINE('',#4362,#4363);
#4362 = CARTESIAN_POINT('',(0.118647916442,47.999958609359,
    -7.282681104287));
#4363 = VECTOR('',#4364,1.);
#4364 = DIRECTION('',(-0.496780234046,0.753087665415,-0.43135642717));
#4365 = PCURVE('',#4329,#4366);
#4366 = DEFINITIONAL_REPRESENTATION('',(#4367),#4371);
#4367 = LINE('',#4368,#4369);
#4368 = CARTESIAN_POINT('',(-2.507215988589,-3.179861467659));
#4369 = VECTOR('',#4370,1.);
#4370 = DIRECTION('',(0.602327380861,-0.798249163022));
#4371 = ( GEOMETRIC_REPRESENTATION_CONTEXT(2) 
PARAMETRIC_REPRESENTATION_CONTEXT() REPRESENTATION_CONTEXT('2D SPACE',''
  ) );
#4372 = ORIENTED_EDGE('',*,*,#4373,.T.);
#4373 = EDGE_CURVE('',#4358,#4374,#4376,.T.);
#4374 = VERTEX_POINT('',#4375);
#4375 = CARTESIAN_POINT('',(3.902929147492E-02,48.108235778523,
    -7.362025157577));
#4376 = SURFACE_CURVE('',#4377,(#4381),.PCURVE_S1.);
#4377 = LINE('',#4378,#4379);
#4378 = CARTESIAN_POINT('',(7.969353411154E-02,48.059011008864,
    -7.31650536305));
#4379 = VECTOR('',#4380,1.);
#4380 = DIRECTION('',(-0.51858586289,0.627757164373,-0.580508092441));
#4381 = PCURVE('',#4329,#4382);
#4382 = DEFINITIONAL_REPRESENTATION('',(#4383),#4387);
#4383 = LINE('',#4384,#4385);
#4384 = CARTESIAN_POINT('',(-2.459985262658,-3.242455147843));
#4385 = VECTOR('',#4386,1.);
#4386 = DIRECTION('',(0.746484515395,-0.665402786495));
#4387 = ( GEOMETRIC_REPRESENTATION_CONTEXT(2) 
PARAMETRIC_REPRESENTATION_CONTEXT() REPRESENTATION_CONTEXT('2D SPACE',''
  ) );
#4388 = ORIENTED_EDGE('',*,*,#4389,.T.);
#4389 = EDGE_CURVE('',#4374,#4390,#4392,.T.);
#4390 = VERTEX_POINT('',#4391);
#4391 = CARTESIAN_POINT('',(-1.782107427787E-03,48.145741238042,
    -7.417491187693));
#4392 = SURFACE_CURVE('',#4393,(#4397),.PCURVE_S1.);
#4393 = LINE('',#4394,#4395);
#4394 = CARTESIAN_POINT('',(3.902929147492E-02,48.108235778523,
    -7.362025157577));
#4395 = VECTOR('',#4396,1.);
#4396 = DIRECTION('',(-0.520462527848,0.478302307555,-0.707351157271));
#4397 = PCURVE('',#4329,#4398);
#4398 = DEFINITIONAL_REPRESENTATION('',(#4399),#4403);
#4399 = LINE('',#4400,#4401);
#4400 = CARTESIAN_POINT('',(-2.401450640659,-3.294631850483));
#4401 = VECTOR('',#4402,1.);
#4402 = DIRECTION('',(0.861954668636,-0.506985354045));
#4403 = ( GEOMETRIC_REPRESENTATION_CONTEXT(2) 
PARAMETRIC_REPRESENTATION_CONTEXT() REPRESENTATION_CONTEXT('2D SPACE',''
  ) );
#4404 = ORIENTED_EDGE('',*,*,#4405,.T.);
#4405 = EDGE_CURVE('',#4390,#4406,#4408,.T.);
#4406 = VERTEX_POINT('',#4407);
#4407 = CARTESIAN_POINT('',(-4.117230342405E-02,48.170086073647,
    -7.480771924965));
#4408 = SURFACE_CURVE('',#4409,(#4413),.PCURVE_S1.);
#4409 = LINE('',#4410,#4411);
#4410 = CARTESIAN_POINT('',(-1.782107427787E-03,48.145741238042,
    -7.417491187693));
#4411 = VECTOR('',#4412,1.);
#4412 = DIRECTION('',(-0.502338109741,0.310466561293,-0.807011113815));
#4413 = PCURVE('',#4329,#4414);
#4414 = DEFINITIONAL_REPRESENTATION('',(#4415),#4419);
#4415 = LINE('',#4416,#4417);
#4416 = CARTESIAN_POINT('',(-2.333861575288,-3.334386454157));
#4417 = VECTOR('',#4418,1.);
#4418 = DIRECTION('',(0.944300387351,-0.32908475876));
#4419 = ( GEOMETRIC_REPRESENTATION_CONTEXT(2) 
PARAMETRIC_REPRESENTATION_CONTEXT() REPRESENTATION_CONTEXT('2D SPACE',''
  ) );
#4420 = ORIENTED_EDGE('',*,*,#4421,.T.);
#4421 = EDGE_CURVE('',#4406,#4422,#4424,.T.);
#4422 = VERTEX_POINT('',#4423);
#4423 = CARTESIAN_POINT('',(-7.762755337201E-02,48.180334726957,
    -7.549435526149));
#4424 = SURFACE_CURVE('',#4425,(#4429),.PCURVE_S1.);
#4425 = LINE('',#4426,#4427);
#4426 = CARTESIAN_POINT('',(-4.117230342405E-02,48.170086073647,
    -7.480771924965));
#4427 = VECTOR('',#4428,1.);
#4428 = DIRECTION('',(-0.46490911979,0.130699759191,-0.875658085832));
#4429 = PCURVE('',#4329,#4430);
#4430 = DEFINITIONAL_REPRESENTATION('',(#4431),#4435);
#4431 = LINE('',#4432,#4433);
#4432 = CARTESIAN_POINT('',(-2.259815476424,-3.360191211741));
#4433 = VECTOR('',#4434,1.);
#4434 = DIRECTION('',(0.99035717175,-0.138537620749));
#4435 = ( GEOMETRIC_REPRESENTATION_CONTEXT(2) 
PARAMETRIC_REPRESENTATION_CONTEXT() REPRESENTATION_CONTEXT('2D SPACE',''
  ) );
#4436 = ORIENTED_EDGE('',*,*,#4437,.T.);
#4437 = EDGE_CURVE('',#4422,#4438,#4440,.T.);
#4438 = VERTEX_POINT('',#4439);
#4439 = CARTESIAN_POINT('',(-0.109746902461,48.176093347974,
    -7.620843287558));
#4440 = SURFACE_CURVE('',#4441,(#4445),.PCURVE_S1.);
#4441 = LINE('',#4442,#4443);
#4442 = CARTESIAN_POINT('',(-7.762755337201E-02,48.180334726957,
    -7.549435526149));
#4443 = VECTOR('',#4444,1.);
#4444 = DIRECTION('',(-0.40961393309,-5.408976135846E-02,-0.910654008685
    ));
#4445 = PCURVE('',#4329,#4446);
#4446 = DEFINITIONAL_REPRESENTATION('',(#4447),#4451);
#4447 = LINE('',#4448,#4449);
#4448 = CARTESIAN_POINT('',(-2.18215789412,-3.371054460872));
#4449 = VECTOR('',#4450,1.);
#4450 = DIRECTION('',(0.998355085438,5.733344033551E-02));
#4451 = ( GEOMETRIC_REPRESENTATION_CONTEXT(2) 
PARAMETRIC_REPRESENTATION_CONTEXT() REPRESENTATION_CONTEXT('2D SPACE',''
  ) );
#4452 = ORIENTED_EDGE('',*,*,#4453,.T.);
#4453 = EDGE_CURVE('',#4438,#4454,#4456,.T.);
#4454 = VERTEX_POINT('',#4455);
#4455 = CARTESIAN_POINT('',(-2.064457125398,47.416118812276,
    -12.37915671244));
#4456 = SURFACE_CURVE('',#4457,(#4461),.PCURVE_S1.);
#4457 = LINE('',#4458,#4459);
#4458 = CARTESIAN_POINT('',(-0.109746902461,48.176093347974,
    -7.620843287558));
#4459 = VECTOR('',#4460,1.);
#4460 = DIRECTION('',(-0.375905812103,-0.146148949173,-0.915060274016));
#4461 = PCURVE('',#4329,#4462);
#4462 = DEFINITIONAL_REPRESENTATION('',(#4463),#4467);
#4463 = LINE('',#4464,#4465);
#4464 = CARTESIAN_POINT('',(-2.103873165713,-3.366558732978));
#4465 = VECTOR('',#4466,1.);
#4466 = DIRECTION('',(0.987928072956,0.154913274658));
#4467 = ( GEOMETRIC_REPRESENTATION_CONTEXT(2) 
PARAMETRIC_REPRESENTATION_CONTEXT() REPRESENTATION_CONTEXT('2D SPACE',''
  ) );
#4468 = ORIENTED_EDGE('',*,*,#4469,.T.);
#4469 = EDGE_CURVE('',#4454,#4470,#4472,.T.);
#4470 = VERTEX_POINT('',#4471);
#4471 = CARTESIAN_POINT('',(-2.091006245055,47.397550394814,
    -12.45056447385));
#4472 = SURFACE_CURVE('',#4473,(#4477),.PCURVE_S1.);
#4473 = LINE('',#4474,#4475);
#4474 = CARTESIAN_POINT('',(-2.064457125398,47.416118812276,
    -12.37915671244));
#4475 = VECTOR('',#4476,1.);
#4476 = DIRECTION('',(-0.338577512655,-0.236800642713,-0.910654008685));
#4477 = PCURVE('',#4329,#4478);
#4478 = DEFINITIONAL_REPRESENTATION('',(#4479),#4483);
#4479 = LINE('',#4480,#4481);
#4480 = CARTESIAN_POINT('',(3.033352813659,-2.561009704759));
#4481 = VECTOR('',#4482,1.);
#4482 = DIRECTION('',(0.967986773076,0.25100120946));
#4483 = ( GEOMETRIC_REPRESENTATION_CONTEXT(2) 
PARAMETRIC_REPRESENTATION_CONTEXT() REPRESENTATION_CONTEXT('2D SPACE',''
  ) );
#4484 = ORIENTED_EDGE('',*,*,#4485,.T.);
#4485 = EDGE_CURVE('',#4470,#4486,#4488,.T.);
#4486 = VERTEX_POINT('',#4487);
#4487 = CARTESIAN_POINT('',(-2.110964867499,47.365368512745,
    -12.51922807503));
#4488 = SURFACE_CURVE('',#4489,(#4493),.PCURVE_S1.);
#4489 = LINE('',#4490,#4491);
#4490 = CARTESIAN_POINT('',(-2.091006245055,47.397550394814,
    -12.45056447385));
#4491 = VECTOR('',#4492,1.);
#4492 = DIRECTION('',(-0.254529748286,-0.410411408168,-0.875658085832));
#4493 = PCURVE('',#4329,#4494);
#4494 = DEFINITIONAL_REPRESENTATION('',(#4495),#4499);
#4495 = LINE('',#4496,#4497);
#4496 = CARTESIAN_POINT('',(3.109256249958,-2.541327768142));
#4497 = VECTOR('',#4498,1.);
#4498 = DIRECTION('',(0.900419271878,0.435023142869));
#4499 = ( GEOMETRIC_REPRESENTATION_CONTEXT(2) 
PARAMETRIC_REPRESENTATION_CONTEXT() REPRESENTATION_CONTEXT('2D SPACE',''
  ) );
#4500 = ORIENTED_EDGE('',*,*,#4501,.T.);
#4501 = EDGE_CURVE('',#4486,#4502,#4504,.T.);
#4502 = VERTEX_POINT('',#4503);
#4503 = CARTESIAN_POINT('',(-2.123565994065,47.320809897747,
    -12.5825088123));
#4504 = SURFACE_CURVE('',#4505,(#4509),.PCURVE_S1.);
#4505 = LINE('',#4506,#4507);
#4506 = CARTESIAN_POINT('',(-2.110964867499,47.365368512745,
    -12.51922807503));
#4507 = VECTOR('',#4508,1.);
#4508 = DIRECTION('',(-0.160700548432,-0.568250293368,-0.807011113815));
#4509 = PCURVE('',#4329,#4510);
#4510 = DEFINITIONAL_REPRESENTATION('',(#4511),#4515);
#4511 = LINE('',#4512,#4513);
#4512 = CARTESIAN_POINT('',(3.179861467659,-2.507215988589));
#4513 = VECTOR('',#4514,1.);
#4514 = DIRECTION('',(0.798249163022,0.602327380861));
#4515 = ( GEOMETRIC_REPRESENTATION_CONTEXT(2) 
PARAMETRIC_REPRESENTATION_CONTEXT() REPRESENTATION_CONTEXT('2D SPACE',''
  ) );
#4516 = ORIENTED_EDGE('',*,*,#4517,.T.);
#4517 = EDGE_CURVE('',#4502,#4518,#4520,.T.);
#4518 = VERTEX_POINT('',#4519);
#4519 = CARTESIAN_POINT('',(-2.128325370523,47.265586912406,
    -12.63797484242));
#4520 = SURFACE_CURVE('',#4521,(#4525),.PCURVE_S1.);
#4521 = LINE('',#4522,#4523);
#4522 = CARTESIAN_POINT('',(-2.123565994065,47.320809897747,
    -12.5825088123));
#4523 = VECTOR('',#4524,1.);
#4524 = DIRECTION('',(-6.069571662322E-02,-0.704251638472,
    -0.707351157271));
#4525 = PCURVE('',#4329,#4526);
#4526 = DEFINITIONAL_REPRESENTATION('',(#4527),#4531);
#4527 = LINE('',#4528,#4529);
#4528 = CARTESIAN_POINT('',(3.242455147843,-2.459985262658));
#4529 = VECTOR('',#4530,1.);
#4530 = DIRECTION('',(0.665402786495,0.746484515395));
#4531 = ( GEOMETRIC_REPRESENTATION_CONTEXT(2) 
PARAMETRIC_REPRESENTATION_CONTEXT() REPRESENTATION_CONTEXT('2D SPACE',''
  ) );
#4532 = ORIENTED_EDGE('',*,*,#4533,.T.);
#4533 = EDGE_CURVE('',#4518,#4534,#4536,.T.);
#4534 = VERTEX_POINT('',#4535);
#4535 = CARTESIAN_POINT('',(-2.125060096708,47.201821745081,
    -12.68349463695));
#4536 = SURFACE_CURVE('',#4537,(#4541),.PCURVE_S1.);
#4537 = LINE('',#4538,#4539);
#4538 = CARTESIAN_POINT('',(-2.128325370523,47.265586912406,
    -12.63797484242));
#4539 = VECTOR('',#4540,1.);
#4540 = DIRECTION('',(4.164161753654E-02,-0.813188988059,-0.580508092441
    ));
#4541 = PCURVE('',#4329,#4542);
#4542 = DEFINITIONAL_REPRESENTATION('',(#4543),#4547);
#4543 = LINE('',#4544,#4545);
#4544 = CARTESIAN_POINT('',(3.294631850483,-2.401450640659));
#4545 = VECTOR('',#4546,1.);
#4546 = DIRECTION('',(0.506985354045,0.861954668636));
#4547 = ( GEOMETRIC_REPRESENTATION_CONTEXT(2) 
PARAMETRIC_REPRESENTATION_CONTEXT() REPRESENTATION_CONTEXT('2D SPACE',''
  ) );
#4548 = ORIENTED_EDGE('',*,*,#4549,.T.);
#4549 = EDGE_CURVE('',#4534,#4550,#4552,.T.);
#4550 = VERTEX_POINT('',#4551);
#4551 = CARTESIAN_POINT('',(-2.113895655259,47.13196485539,
    -12.71731889571));
#4552 = SURFACE_CURVE('',#4553,(#4557),.PCURVE_S1.);
#4553 = LINE('',#4554,#4555);
#4554 = CARTESIAN_POINT('',(-2.125060096708,47.201821745081,
    -12.68349463695));
#4555 = VECTOR('',#4556,1.);
#4556 = DIRECTION('',(0.142378687687,-0.890875940876,-0.43135642717));
#4557 = PCURVE('',#4329,#4558);
#4558 = DEFINITIONAL_REPRESENTATION('',(#4559),#4563);
#4559 = LINE('',#4560,#4561);
#4560 = CARTESIAN_POINT('',(3.334386454157,-2.333861575288));
#4561 = VECTOR('',#4562,1.);
#4562 = DIRECTION('',(0.32908475876,0.944300387351));
#4563 = ( GEOMETRIC_REPRESENTATION_CONTEXT(2) 
PARAMETRIC_REPRESENTATION_CONTEXT() REPRESENTATION_CONTEXT('2D SPACE',''
  ) );
#4564 = ORIENTED_EDGE('',*,*,#4565,.T.);
#4565 = EDGE_CURVE('',#4550,#4566,#4568,.T.);
#4566 = VERTEX_POINT('',#4567);
#4567 = CARTESIAN_POINT('',(-2.095261089401,47.05870080443,
    -12.73814777141));
#4568 = SURFACE_CURVE('',#4569,(#4573),.PCURVE_S1.);
#4569 = LINE('',#4570,#4571);
#4570 = CARTESIAN_POINT('',(-2.113895655259,47.13196485539,
    -12.71731889571));
#4571 = VECTOR('',#4572,1.);
#4572 = DIRECTION('',(0.237644224717,-0.934327030894,-0.265627976311));
#4573 = PCURVE('',#4329,#4574);
#4574 = DEFINITIONAL_REPRESENTATION('',(#4575),#4579);
#4575 = LINE('',#4576,#4577);
#4576 = CARTESIAN_POINT('',(3.360191211741,-2.259815476424));
#4577 = VECTOR('',#4578,1.);
#4578 = DIRECTION('',(0.138537620749,0.99035717175));
#4579 = ( GEOMETRIC_REPRESENTATION_CONTEXT(2) 
PARAMETRIC_REPRESENTATION_CONTEXT() REPRESENTATION_CONTEXT('2D SPACE',''
  ) );
#4580 = ORIENTED_EDGE('',*,*,#4581,.T.);
#4581 = EDGE_CURVE('',#4566,#4582,#4584,.T.);
#4582 = VERTEX_POINT('',#4583);
#4583 = CARTESIAN_POINT('',(-2.069872515049,46.98484508859,
    -12.74518082204));
#4584 = SURFACE_CURVE('',#4585,(#4589),.PCURVE_S1.);
#4585 = LINE('',#4586,#4587);
#4586 = CARTESIAN_POINT('',(-2.095261089401,47.05870080443,
    -12.73814777141));
#4587 = VECTOR('',#4588,1.);
#4588 = DIRECTION('',(0.323777227463,-0.941872457092,-8.969159128825E-02
    ));
#4589 = PCURVE('',#4329,#4590);
#4590 = DEFINITIONAL_REPRESENTATION('',(#4591),#4595);
#4591 = LINE('',#4592,#4593);
#4592 = CARTESIAN_POINT('',(3.371054460872,-2.18215789412));
#4593 = VECTOR('',#4594,1.);
#4594 = DIRECTION('',(-5.733344033551E-02,0.998355085438));
#4595 = ( GEOMETRIC_REPRESENTATION_CONTEXT(2) 
PARAMETRIC_REPRESENTATION_CONTEXT() REPRESENTATION_CONTEXT('2D SPACE',''
  ) );
#4596 = ORIENTED_EDGE('',*,*,#4597,.T.);
#4597 = EDGE_CURVE('',#4582,#4598,#4600,.T.);
#4598 = VERTEX_POINT('',#4599);
#4599 = CARTESIAN_POINT('',(-0.185562357571,42.138261216374,
    -12.74518082204));
#4600 = SURFACE_CURVE('',#4601,(#4605),.PCURVE_S1.);
#4601 = LINE('',#4602,#4603);
#4602 = CARTESIAN_POINT('',(-2.069872515049,46.98484508859,
    -12.74518082204));
#4603 = VECTOR('',#4604,1.);
#4604 = DIRECTION('',(0.362367337976,-0.932035360042,0.));
#4605 = PCURVE('',#4329,#4606);
#4606 = DEFINITIONAL_REPRESENTATION('',(#4607),#4611);
#4607 = LINE('',#4608,#4609);
#4608 = CARTESIAN_POINT('',(3.366558732978,-2.103873165713));
#4609 = VECTOR('',#4610,1.);
#4610 = DIRECTION('',(-0.154913274658,0.987928072956));
#4611 = ( GEOMETRIC_REPRESENTATION_CONTEXT(2) 
PARAMETRIC_REPRESENTATION_CONTEXT() REPRESENTATION_CONTEXT('2D SPACE',''
  ) );
#4612 = ORIENTED_EDGE('',*,*,#4613,.T.);
#4613 = EDGE_CURVE('',#4598,#4614,#4616,.T.);
#4614 = VERTEX_POINT('',#4615);
#4615 = CARTESIAN_POINT('',(-0.1543954434,42.066652069397,
    -12.73814777141));
#4616 = SURFACE_CURVE('',#4617,(#4621),.PCURVE_S1.);
#4617 = LINE('',#4618,#4619);
#4618 = CARTESIAN_POINT('',(-0.185562357571,42.138261216374,
    -12.74518082204));
#4619 = VECTOR('',#4620,1.);
#4620 = DIRECTION('',(0.397467652935,-0.913222252972,8.969159128825E-02)
  );
#4621 = PCURVE('',#4329,#4622);
#4622 = DEFINITIONAL_REPRESENTATION('',(#4623),#4627);
#4623 = LINE('',#4624,#4625);
#4624 = CARTESIAN_POINT('',(2.561009704759,3.033352813659));
#4625 = VECTOR('',#4626,1.);
#4626 = DIRECTION('',(-0.25100120946,0.967986773076));
#4627 = ( GEOMETRIC_REPRESENTATION_CONTEXT(2) 
PARAMETRIC_REPRESENTATION_CONTEXT() REPRESENTATION_CONTEXT('2D SPACE',''
  ) );
#4628 = ORIENTED_EDGE('',*,*,#4629,.T.);
#4629 = EDGE_CURVE('',#4614,#4630,#4632,.T.);
#4630 = VERTEX_POINT('',#4631);
#4631 = CARTESIAN_POINT('',(-0.118647916442,42.000041390641,
    -12.71731889571));
#4632 = SURFACE_CURVE('',#4633,(#4637),.PCURVE_S1.);
#4633 = LINE('',#4634,#4635);
#4634 = CARTESIAN_POINT('',(-0.1543954434,42.066652069397,
    -12.73814777141));
#4635 = VECTOR('',#4636,1.);
#4636 = DIRECTION('',(0.455883619406,-0.849477429811,0.265627976311));
#4637 = PCURVE('',#4329,#4638);
#4638 = DEFINITIONAL_REPRESENTATION('',(#4639),#4643);
#4639 = LINE('',#4640,#4641);
#4640 = CARTESIAN_POINT('',(2.541327768142,3.109256249958));
#4641 = VECTOR('',#4642,1.);
#4642 = DIRECTION('',(-0.435023142869,0.900419271878));
#4643 = ( GEOMETRIC_REPRESENTATION_CONTEXT(2) 
PARAMETRIC_REPRESENTATION_CONTEXT() REPRESENTATION_CONTEXT('2D SPACE',''
  ) );
#4644 = ORIENTED_EDGE('',*,*,#4645,.T.);
#4645 = EDGE_CURVE('',#4630,#4646,#4648,.T.);
#4646 = VERTEX_POINT('',#4647);
#4647 = CARTESIAN_POINT('',(-7.969353411154E-02,41.940988991136,
    -12.68349463695));
#4648 = SURFACE_CURVE('',#4649,(#4653),.PCURVE_S1.);
#4649 = LINE('',#4650,#4651);
#4650 = CARTESIAN_POINT('',(-0.118647916442,42.000041390641,
    -12.71731889571));
#4651 = VECTOR('',#4652,1.);
#4652 = DIRECTION('',(0.496780234046,-0.753087665415,0.43135642717));
#4653 = PCURVE('',#4329,#4654);
#4654 = DEFINITIONAL_REPRESENTATION('',(#4655),#4659);
#4655 = LINE('',#4656,#4657);
#4656 = CARTESIAN_POINT('',(2.507215988589,3.179861467659));
#4657 = VECTOR('',#4658,1.);
#4658 = DIRECTION('',(-0.602327380861,0.798249163022));
#4659 = ( GEOMETRIC_REPRESENTATION_CONTEXT(2) 
PARAMETRIC_REPRESENTATION_CONTEXT() REPRESENTATION_CONTEXT('2D SPACE',''
  ) );
#4660 = ORIENTED_EDGE('',*,*,#4661,.T.);
#4661 = EDGE_CURVE('',#4646,#4662,#4664,.T.);
#4662 = VERTEX_POINT('',#4663);
#4663 = CARTESIAN_POINT('',(-3.902929147492E-02,41.891764221477,
    -12.63797484242));
#4664 = SURFACE_CURVE('',#4665,(#4669),.PCURVE_S1.);
#4665 = LINE('',#4666,#4667);
#4666 = CARTESIAN_POINT('',(-7.969353411154E-02,41.940988991136,
    -12.68349463695));
#4667 = VECTOR('',#4668,1.);
#4668 = DIRECTION('',(0.51858586289,-0.627757164373,0.580508092441));
#4669 = PCURVE('',#4329,#4670);
#4670 = DEFINITIONAL_REPRESENTATION('',(#4671),#4675);
#4671 = LINE('',#4672,#4673);
#4672 = CARTESIAN_POINT('',(2.459985262658,3.242455147843));
#4673 = VECTOR('',#4674,1.);
#4674 = DIRECTION('',(-0.746484515395,0.665402786495));
#4675 = ( GEOMETRIC_REPRESENTATION_CONTEXT(2) 
PARAMETRIC_REPRESENTATION_CONTEXT() REPRESENTATION_CONTEXT('2D SPACE',''
  ) );
#4676 = ORIENTED_EDGE('',*,*,#4677,.T.);
#4677 = EDGE_CURVE('',#4662,#4678,#4680,.T.);
#4678 = VERTEX_POINT('',#4679);
#4679 = CARTESIAN_POINT('',(1.782107427787E-03,41.854258761958,
    -12.5825088123));
#4680 = SURFACE_CURVE('',#4681,(#4685),.PCURVE_S1.);
#4681 = LINE('',#4682,#4683);
#4682 = CARTESIAN_POINT('',(-3.902929147492E-02,41.891764221477,
    -12.63797484242));
#4683 = VECTOR('',#4684,1.);
#4684 = DIRECTION('',(0.520462527848,-0.478302307555,0.707351157271));
#4685 = PCURVE('',#4329,#4686);
#4686 = DEFINITIONAL_REPRESENTATION('',(#4687),#4691);
#4687 = LINE('',#4688,#4689);
#4688 = CARTESIAN_POINT('',(2.401450640659,3.294631850483));
#4689 = VECTOR('',#4690,1.);
#4690 = DIRECTION('',(-0.861954668636,0.506985354045));
#4691 = ( GEOMETRIC_REPRESENTATION_CONTEXT(2) 
PARAMETRIC_REPRESENTATION_CONTEXT() REPRESENTATION_CONTEXT('2D SPACE',''
  ) );
#4692 = ORIENTED_EDGE('',*,*,#4693,.T.);
#4693 = EDGE_CURVE('',#4678,#4694,#4696,.T.);
#4694 = VERTEX_POINT('',#4695);
#4695 = CARTESIAN_POINT('',(4.117230342405E-02,41.829913926353,
    -12.51922807503));
#4696 = SURFACE_CURVE('',#4697,(#4701),.PCURVE_S1.);
#4697 = LINE('',#4698,#4699);
#4698 = CARTESIAN_POINT('',(1.782107427787E-03,41.854258761958,
    -12.5825088123));
#4699 = VECTOR('',#4700,1.);
#4700 = DIRECTION('',(0.502338109741,-0.310466561293,0.807011113815));
#4701 = PCURVE('',#4329,#4702);
#4702 = DEFINITIONAL_REPRESENTATION('',(#4703),#4707);
#4703 = LINE('',#4704,#4705);
#4704 = CARTESIAN_POINT('',(2.333861575288,3.334386454157));
#4705 = VECTOR('',#4706,1.);
#4706 = DIRECTION('',(-0.944300387351,0.32908475876));
#4707 = ( GEOMETRIC_REPRESENTATION_CONTEXT(2) 
PARAMETRIC_REPRESENTATION_CONTEXT() REPRESENTATION_CONTEXT('2D SPACE',''
  ) );
#4708 = ORIENTED_EDGE('',*,*,#4709,.T.);
#4709 = EDGE_CURVE('',#4694,#4710,#4712,.T.);
#4710 = VERTEX_POINT('',#4711);
#4711 = CARTESIAN_POINT('',(7.762755337201E-02,41.819665273043,
    -12.45056447385));
#4712 = SURFACE_CURVE('',#4713,(#4717),.PCURVE_S1.);
#4713 = LINE('',#4714,#4715);
#4714 = CARTESIAN_POINT('',(4.117230342405E-02,41.829913926353,
    -12.51922807503));
#4715 = VECTOR('',#4716,1.);
#4716 = DIRECTION('',(0.46490911979,-0.130699759191,0.875658085832));
#4717 = PCURVE('',#4329,#4718);
#4718 = DEFINITIONAL_REPRESENTATION('',(#4719),#4723);
#4719 = LINE('',#4720,#4721);
#4720 = CARTESIAN_POINT('',(2.259815476424,3.360191211741));
#4721 = VECTOR('',#4722,1.);
#4722 = DIRECTION('',(-0.99035717175,0.138537620749));
#4723 = ( GEOMETRIC_REPRESENTATION_CONTEXT(2) 
PARAMETRIC_REPRESENTATION_CONTEXT() REPRESENTATION_CONTEXT('2D SPACE',''
  ) );
#4724 = ORIENTED_EDGE('',*,*,#4725,.T.);
#4725 = EDGE_CURVE('',#4710,#4726,#4728,.T.);
#4726 = VERTEX_POINT('',#4727);
#4727 = CARTESIAN_POINT('',(0.109746902461,41.823906652026,
    -12.37915671244));
#4728 = SURFACE_CURVE('',#4729,(#4733),.PCURVE_S1.);
#4729 = LINE('',#4730,#4731);
#4730 = CARTESIAN_POINT('',(7.762755337201E-02,41.819665273043,
    -12.45056447385));
#4731 = VECTOR('',#4732,1.);
#4732 = DIRECTION('',(0.40961393309,5.408976135846E-02,0.910654008685));
#4733 = PCURVE('',#4329,#4734);
#4734 = DEFINITIONAL_REPRESENTATION('',(#4735),#4739);
#4735 = LINE('',#4736,#4737);
#4736 = CARTESIAN_POINT('',(2.18215789412,3.371054460872));
#4737 = VECTOR('',#4738,1.);
#4738 = DIRECTION('',(-0.998355085438,-5.733344033551E-02));
#4739 = ( GEOMETRIC_REPRESENTATION_CONTEXT(2) 
PARAMETRIC_REPRESENTATION_CONTEXT() REPRESENTATION_CONTEXT('2D SPACE',''
  ) );
#4740 = ORIENTED_EDGE('',*,*,#4741,.T.);
#4741 = EDGE_CURVE('',#4726,#4742,#4744,.T.);
#4742 = VERTEX_POINT('',#4743);
#4743 = CARTESIAN_POINT('',(2.064457125398,42.583881187724,
    -7.620843287558));
#4744 = SURFACE_CURVE('',#4745,(#4749),.PCURVE_S1.);
#4745 = LINE('',#4746,#4747);
#4746 = CARTESIAN_POINT('',(0.109746902461,41.823906652026,
    -12.37915671244));
#4747 = VECTOR('',#4748,1.);
#4748 = DIRECTION('',(0.375905812103,0.146148949173,0.915060274016));
#4749 = PCURVE('',#4329,#4750);
#4750 = DEFINITIONAL_REPRESENTATION('',(#4751),#4755);
#4751 = LINE('',#4752,#4753);
#4752 = CARTESIAN_POINT('',(2.103873165713,3.366558732978));
#4753 = VECTOR('',#4754,1.);
#4754 = DIRECTION('',(-0.987928072956,-0.154913274658));
#4755 = ( GEOMETRIC_REPRESENTATION_CONTEXT(2) 
PARAMETRIC_REPRESENTATION_CONTEXT() REPRESENTATION_CONTEXT('2D SPACE',''
  ) );
#4756 = ORIENTED_EDGE('',*,*,#4757,.T.);
#4757 = EDGE_CURVE('',#4742,#4758,#4760,.T.);
#4758 = VERTEX_POINT('',#4759);
#4759 = CARTESIAN_POINT('',(2.091006245055,42.602449605186,
    -7.549435526149));
#4760 = SURFACE_CURVE('',#4761,(#4765),.PCURVE_S1.);
#4761 = LINE('',#4762,#4763);
#4762 = CARTESIAN_POINT('',(2.064457125398,42.583881187724,
    -7.620843287558));
#4763 = VECTOR('',#4764,1.);
#4764 = DIRECTION('',(0.338577512655,0.236800642713,0.910654008685));
#4765 = PCURVE('',#4329,#4766);
#4766 = DEFINITIONAL_REPRESENTATION('',(#4767),#4771);
#4767 = LINE('',#4768,#4769);
#4768 = CARTESIAN_POINT('',(-3.033352813659,2.561009704759));
#4769 = VECTOR('',#4770,1.);
#4770 = DIRECTION('',(-0.967986773076,-0.25100120946));
#4771 = ( GEOMETRIC_REPRESENTATION_CONTEXT(2) 
PARAMETRIC_REPRESENTATION_CONTEXT() REPRESENTATION_CONTEXT('2D SPACE',''
  ) );
#4772 = ORIENTED_EDGE('',*,*,#4773,.T.);
#4773 = EDGE_CURVE('',#4758,#4774,#4776,.T.);
#4774 = VERTEX_POINT('',#4775);
#4775 = CARTESIAN_POINT('',(2.110964867499,42.634631487255,
    -7.480771924965));
#4776 = SURFACE_CURVE('',#4777,(#4781),.PCURVE_S1.);
#4777 = LINE('',#4778,#4779);
#4778 = CARTESIAN_POINT('',(2.091006245055,42.602449605186,
    -7.549435526149));
#4779 = VECTOR('',#4780,1.);
#4780 = DIRECTION('',(0.254529748286,0.410411408168,0.875658085832));
#4781 = PCURVE('',#4329,#4782);
#4782 = DEFINITIONAL_REPRESENTATION('',(#4783),#4787);
#4783 = LINE('',#4784,#4785);
#4784 = CARTESIAN_POINT('',(-3.109256249958,2.541327768142));
#4785 = VECTOR('',#4786,1.);
#4786 = DIRECTION('',(-0.900419271878,-0.435023142869));
#4787 = ( GEOMETRIC_REPRESENTATION_CONTEXT(2) 
PARAMETRIC_REPRESENTATION_CONTEXT() REPRESENTATION_CONTEXT('2D SPACE',''
  ) );
#4788 = ORIENTED_EDGE('',*,*,#4789,.T.);
#4789 = EDGE_CURVE('',#4774,#4790,#4792,.T.);
#4790 = VERTEX_POINT('',#4791);
#4791 = CARTESIAN_POINT('',(2.123565994065,42.679190102253,
    -7.417491187693));
#4792 = SURFACE_CURVE('',#4793,(#4797),.PCURVE_S1.);
#4793 = LINE('',#4794,#4795);
#4794 = CARTESIAN_POINT('',(2.110964867499,42.634631487255,
    -7.480771924965));
#4795 = VECTOR('',#4796,1.);
#4796 = DIRECTION('',(0.160700548432,0.568250293368,0.807011113815));
#4797 = PCURVE('',#4329,#4798);
#4798 = DEFINITIONAL_REPRESENTATION('',(#4799),#4803);
#4799 = LINE('',#4800,#4801);
#4800 = CARTESIAN_POINT('',(-3.179861467659,2.507215988589));
#4801 = VECTOR('',#4802,1.);
#4802 = DIRECTION('',(-0.798249163022,-0.602327380861));
#4803 = ( GEOMETRIC_REPRESENTATION_CONTEXT(2) 
PARAMETRIC_REPRESENTATION_CONTEXT() REPRESENTATION_CONTEXT('2D SPACE',''
  ) );
#4804 = ORIENTED_EDGE('',*,*,#4805,.T.);
#4805 = EDGE_CURVE('',#4790,#4806,#4808,.T.);
#4806 = VERTEX_POINT('',#4807);
#4807 = CARTESIAN_POINT('',(2.128325370523,42.734413087594,
    -7.362025157577));
#4808 = SURFACE_CURVE('',#4809,(#4813),.PCURVE_S1.);
#4809 = LINE('',#4810,#4811);
#4810 = CARTESIAN_POINT('',(2.123565994065,42.679190102253,
    -7.417491187693));
#4811 = VECTOR('',#4812,1.);
#4812 = DIRECTION('',(6.069571662322E-02,0.704251638472,0.707351157271)
  );
#4813 = PCURVE('',#4329,#4814);
#4814 = DEFINITIONAL_REPRESENTATION('',(#4815),#4819);
#4815 = LINE('',#4816,#4817);
#4816 = CARTESIAN_POINT('',(-3.242455147843,2.459985262658));
#4817 = VECTOR('',#4818,1.);
#4818 = DIRECTION('',(-0.665402786495,-0.746484515395));
#4819 = ( GEOMETRIC_REPRESENTATION_CONTEXT(2) 
PARAMETRIC_REPRESENTATION_CONTEXT() REPRESENTATION_CONTEXT('2D SPACE',''
  ) );
#4820 = ORIENTED_EDGE('',*,*,#4821,.T.);
#4821 = EDGE_CURVE('',#4806,#4822,#4824,.T.);
#4822 = VERTEX_POINT('',#4823);
#4823 = CARTESIAN_POINT('',(2.125060096708,42.798178254919,
    -7.31650536305));
#4824 = SURFACE_CURVE('',#4825,(#4829),.PCURVE_S1.);
#4825 = LINE('',#4826,#4827);
#4826 = CARTESIAN_POINT('',(2.128325370523,42.734413087594,
    -7.362025157577));
#4827 = VECTOR('',#4828,1.);
#4828 = DIRECTION('',(-4.164161753654E-02,0.813188988059,0.580508092441)
  );
#4829 = PCURVE('',#4329,#4830);
#4830 = DEFINITIONAL_REPRESENTATION('',(#4831),#4835);
#4831 = LINE('',#4832,#4833);
#4832 = CARTESIAN_POINT('',(-3.294631850483,2.401450640659));
#4833 = VECTOR('',#4834,1.);
#4834 = DIRECTION('',(-0.506985354045,-0.861954668636));
#4835 = ( GEOMETRIC_REPRESENTATION_CONTEXT(2) 
PARAMETRIC_REPRESENTATION_CONTEXT() REPRESENTATION_CONTEXT('2D SPACE',''
  ) );
#4836 = ORIENTED_EDGE('',*,*,#4837,.T.);
#4837 = EDGE_CURVE('',#4822,#4838,#4840,.T.);
#4838 = VERTEX_POINT('',#4839);
#4839 = CARTESIAN_POINT('',(2.113895655259,42.86803514461,
    -7.282681104287));
#4840 = SURFACE_CURVE('',#4841,(#4845),.PCURVE_S1.);
#4841 = LINE('',#4842,#4843);
#4842 = CARTESIAN_POINT('',(2.125060096708,42.798178254919,
    -7.31650536305));
#4843 = VECTOR('',#4844,1.);
#4844 = DIRECTION('',(-0.142378687687,0.890875940876,0.43135642717));
#4845 = PCURVE('',#4329,#4846);
#4846 = DEFINITIONAL_REPRESENTATION('',(#4847),#4851);
#4847 = LINE('',#4848,#4849);
#4848 = CARTESIAN_POINT('',(-3.334386454157,2.333861575288));
#4849 = VECTOR('',#4850,1.);
#4850 = DIRECTION('',(-0.32908475876,-0.944300387351));
#4851 = ( GEOMETRIC_REPRESENTATION_CONTEXT(2) 
PARAMETRIC_REPRESENTATION_CONTEXT() REPRESENTATION_CONTEXT('2D SPACE',''
  ) );
#4852 = ORIENTED_EDGE('',*,*,#4853,.T.);
#4853 = EDGE_CURVE('',#4838,#4854,#4856,.T.);
#4854 = VERTEX_POINT('',#4855);
#4855 = CARTESIAN_POINT('',(2.095261089401,42.94129919557,
    -7.261852228583));
#4856 = SURFACE_CURVE('',#4857,(#4861),.PCURVE_S1.);
#4857 = LINE('',#4858,#4859);
#4858 = CARTESIAN_POINT('',(2.113895655259,42.86803514461,
    -7.282681104287));
#4859 = VECTOR('',#4860,1.);
#4860 = DIRECTION('',(-0.237644224717,0.934327030894,0.265627976311));
#4861 = PCURVE('',#4329,#4862);
#4862 = DEFINITIONAL_REPRESENTATION('',(#4863),#4867);
#4863 = LINE('',#4864,#4865);
#4864 = CARTESIAN_POINT('',(-3.360191211741,2.259815476424));
#4865 = VECTOR('',#4866,1.);
#4866 = DIRECTION('',(-0.138537620749,-0.99035717175));
#4867 = ( GEOMETRIC_REPRESENTATION_CONTEXT(2) 
PARAMETRIC_REPRESENTATION_CONTEXT() REPRESENTATION_CONTEXT('2D SPACE',''
  ) );
#4868 = ORIENTED_EDGE('',*,*,#4869,.T.);
#4869 = EDGE_CURVE('',#4854,#4870,#4872,.T.);
#4870 = VERTEX_POINT('',#4871);
#4871 = CARTESIAN_POINT('',(2.069872515049,43.01515491141,
    -7.254819177951));
#4872 = SURFACE_CURVE('',#4873,(#4877),.PCURVE_S1.);
#4873 = LINE('',#4874,#4875);
#4874 = CARTESIAN_POINT('',(2.095261089401,42.94129919557,
    -7.261852228583));
#4875 = VECTOR('',#4876,1.);
#4876 = DIRECTION('',(-0.323777227463,0.941872457092,8.969159128825E-02)
  );
#4877 = PCURVE('',#4329,#4878);
#4878 = DEFINITIONAL_REPRESENTATION('',(#4879),#4883);
#4879 = LINE('',#4880,#4881);
#4880 = CARTESIAN_POINT('',(-3.371054460872,2.18215789412));
#4881 = VECTOR('',#4882,1.);
#4882 = DIRECTION('',(5.733344033551E-02,-0.998355085438));
#4883 = ( GEOMETRIC_REPRESENTATION_CONTEXT(2) 
PARAMETRIC_REPRESENTATION_CONTEXT() REPRESENTATION_CONTEXT('2D SPACE',''
  ) );
#4884 = ORIENTED_EDGE('',*,*,#4885,.T.);
#4885 = EDGE_CURVE('',#4870,#4319,#4886,.T.);
#4886 = SURFACE_CURVE('',#4887,(#4891),.PCURVE_S1.);
#4887 = LINE('',#4888,#4889);
#4888 = CARTESIAN_POINT('',(2.069872515049,43.01515491141,
    -7.254819177951));
#4889 = VECTOR('',#4890,1.);
#4890 = DIRECTION('',(-0.362367337976,0.932035360042,0.));
#4891 = PCURVE('',#4329,#4892);
#4892 = DEFINITIONAL_REPRESENTATION('',(#4893),#4897);
#4893 = LINE('',#4894,#4895);
#4894 = CARTESIAN_POINT('',(-3.366558732978,2.103873165713));
#4895 = VECTOR('',#4896,1.);
#4896 = DIRECTION('',(0.154913274658,-0.987928072956));
#4897 = ( GEOMETRIC_REPRESENTATION_CONTEXT(2) 
PARAMETRIC_REPRESENTATION_CONTEXT() REPRESENTATION_CONTEXT('2D SPACE',''
  ) );
#4898 = ( GEOMETRIC_REPRESENTATION_CONTEXT(3) 
GLOBAL_UNCERTAINTY_ASSIGNED_CONTEXT((#4902)) 
GLOBAL_UNIT_ASSIGNED_CONTEXT((#4899,#4900,#4901)) REPRESENTATION_CONTEXT
('Context #1','3D Context with UNIT and UNCERTAINTY') );
#4899 = ( LENGTH_UNIT() NAMED_UNIT(*) SI_UNIT(.MILLI.,.METRE.) );
#4900 = ( NAMED_UNIT(*) PLANE_ANGLE_UNIT() SI_UNIT($,.RADIAN.) );
#4901 = ( NAMED_UNIT(*) SI_UNIT($,.STERADIAN.) SOLID_ANGLE_UNIT() );
#4902 = UNCERTAINTY_MEASURE_WITH_UNIT(LENGTH_MEASURE(1.E-07),#4899,
  'distance_accuracy_value','confusion accuracy');
#4903 = CONTEXT_DEPENDENT_SHAPE_REPRESENTATION(#4904,#4906);
#4904 = ( REPRESENTATION_RELATIONSHIP('','',#4311,#10) 
REPRESENTATION_RELATIONSHIP_WITH_TRANSFORMATION(#4905) 
SHAPE_REPRESENTATION_RELATIONSHIP() );
#4905 = ITEM_DEFINED_TRANSFORMATION('','',#11,#43);
#4906 = PRODUCT_DEFINITION_SHAPE('Placement','Placement of an item',
  #4907);
#4907 = NEXT_ASSEMBLY_USAGE_OCCURRENCE('8','','',#5,#4306,$);
#4908 = PRODUCT_RELATED_PRODUCT_CATEGORY('part',$,(#4308));
#4909 = SHAPE_DEFINITION_REPRESENTATION(#4910,#4916);
#4910 = PRODUCT_DEFINITION_SHAPE('','',#4911);
#4911 = PRODUCT_DEFINITION('design','',#4912,#4915);
#4912 = PRODUCT_DEFINITION_FORMATION('','',#4913);
#4913 = PRODUCT('Open CASCADE STEP translator 7.8 1.9',
  'Open CASCADE STEP translator 7.8 1.9','',(#4914));
#4914 = PRODUCT_CONTEXT('',#2,'mechanical');
#4915 = PRODUCT_DEFINITION_CONTEXT('part definition',#2,'design');
#4916 = MANIFOLD_SURFACE_SHAPE_REPRESENTATION('',(#11,#4917),#5503);
#4917 = SHELL_BASED_SURFACE_MODEL('',(#4918));
#4918 = OPEN_SHELL('',(#4919));
#4919 = ADVANCED_FACE('',(#4920),#4934,.T.);
#4920 = FACE_BOUND('',#4921,.T.);
#4921 = EDGE_LOOP('',(#4922,#4945,#4961,#4977,#4993,#5009,#5025,#5041,
    #5057,#5073,#5089,#5105,#5121,#5137,#5153,#5169,#5185,#5201,#5217,
    #5233,#5249,#5265,#5281,#5297,#5313,#5329,#5345,#5361,#5377,#5393,
    #5409,#5425,#5441,#5457,#5473,#5489));
#4922 = ORIENTED_EDGE('',*,*,#4923,.T.);
#4923 = EDGE_CURVE('',#4924,#4926,#4928,.T.);
#4924 = VERTEX_POINT('',#4925);
#4925 = CARTESIAN_POINT('',(2.069872515049,-43.01515491141,
    -7.254819177951));
#4926 = VERTEX_POINT('',#4927);
#4927 = CARTESIAN_POINT('',(2.095261089401,-42.94129919557,
    -7.261852228583));
#4928 = SURFACE_CURVE('',#4929,(#4933),.PCURVE_S1.);
#4929 = LINE('',#4930,#4931);
#4930 = CARTESIAN_POINT('',(2.069872515049,-43.01515491141,
    -7.254819177951));
#4931 = VECTOR('',#4932,1.);
#4932 = DIRECTION('',(0.323777227463,0.941872457092,-8.969159128825E-02)
  );
#4933 = PCURVE('',#4934,#4939);
#4934 = PLANE('',#4935);
#4935 = AXIS2_PLACEMENT_3D('',#4936,#4937,#4938);
#4936 = CARTESIAN_POINT('',(-3.810413663051E-17,-45.,-10.));
#4937 = DIRECTION('',(-0.852868531952,0.331587955583,0.403317114585));
#4938 = DIRECTION('',(-0.427503415519,0.,-0.904013733148));
#4939 = DEFINITIONAL_REPRESENTATION('',(#4940),#4944);
#4940 = LINE('',#4941,#4942);
#4941 = CARTESIAN_POINT('',(-3.366558732978,-2.103873165713));
#4942 = VECTOR('',#4943,1.);
#4943 = DIRECTION('',(-5.733344033551E-02,-0.998355085438));
#4944 = ( GEOMETRIC_REPRESENTATION_CONTEXT(2) 
PARAMETRIC_REPRESENTATION_CONTEXT() REPRESENTATION_CONTEXT('2D SPACE',''
  ) );
#4945 = ORIENTED_EDGE('',*,*,#4946,.T.);
#4946 = EDGE_CURVE('',#4926,#4947,#4949,.T.);
#4947 = VERTEX_POINT('',#4948);
#4948 = CARTESIAN_POINT('',(2.113895655259,-42.86803514461,
    -7.282681104287));
#4949 = SURFACE_CURVE('',#4950,(#4954),.PCURVE_S1.);
#4950 = LINE('',#4951,#4952);
#4951 = CARTESIAN_POINT('',(2.095261089401,-42.94129919557,
    -7.261852228583));
#4952 = VECTOR('',#4953,1.);
#4953 = DIRECTION('',(0.237644224717,0.934327030894,-0.265627976311));
#4954 = PCURVE('',#4934,#4955);
#4955 = DEFINITIONAL_REPRESENTATION('',(#4956),#4960);
#4956 = LINE('',#4957,#4958);
#4957 = CARTESIAN_POINT('',(-3.371054460872,-2.18215789412));
#4958 = VECTOR('',#4959,1.);
#4959 = DIRECTION('',(0.138537620749,-0.99035717175));
#4960 = ( GEOMETRIC_REPRESENTATION_CONTEXT(2) 
PARAMETRIC_REPRESENTATION_CONTEXT() REPRESENTATION_CONTEXT('2D SPACE',''
  ) );
#4961 = ORIENTED_EDGE('',*,*,#4962,.T.);
#4962 = EDGE_CURVE('',#4947,#4963,#4965,.T.);
#4963 = VERTEX_POINT('',#4964);
#4964 = CARTESIAN_POINT('',(2.125060096708,-42.79817825491,
    -7.31650536305));
#4965 = SURFACE_CURVE('',#4966,(#4970),.PCURVE_S1.);
#4966 = LINE('',#4967,#4968);
#4967 = CARTESIAN_POINT('',(2.113895655259,-42.86803514461,
    -7.282681104287));
#4968 = VECTOR('',#4969,1.);
#4969 = DIRECTION('',(0.142378687687,0.890875940876,-0.43135642717));
#4970 = PCURVE('',#4934,#4971);
#4971 = DEFINITIONAL_REPRESENTATION('',(#4972),#4976);
#4972 = LINE('',#4973,#4974);
#4973 = CARTESIAN_POINT('',(-3.360191211741,-2.259815476424));
#4974 = VECTOR('',#4975,1.);
#4975 = DIRECTION('',(0.32908475876,-0.944300387351));
#4976 = ( GEOMETRIC_REPRESENTATION_CONTEXT(2) 
PARAMETRIC_REPRESENTATION_CONTEXT() REPRESENTATION_CONTEXT('2D SPACE',''
  ) );
#4977 = ORIENTED_EDGE('',*,*,#4978,.T.);
#4978 = EDGE_CURVE('',#4963,#4979,#4981,.T.);
#4979 = VERTEX_POINT('',#4980);
#4980 = CARTESIAN_POINT('',(2.128325370523,-42.73441308759,
    -7.362025157577));
#4981 = SURFACE_CURVE('',#4982,(#4986),.PCURVE_S1.);
#4982 = LINE('',#4983,#4984);
#4983 = CARTESIAN_POINT('',(2.125060096708,-42.79817825491,
    -7.31650536305));
#4984 = VECTOR('',#4985,1.);
#4985 = DIRECTION('',(4.164161753654E-02,0.813188988059,-0.580508092441)
  );
#4986 = PCURVE('',#4934,#4987);
#4987 = DEFINITIONAL_REPRESENTATION('',(#4988),#4992);
#4988 = LINE('',#4989,#4990);
#4989 = CARTESIAN_POINT('',(-3.334386454157,-2.333861575288));
#4990 = VECTOR('',#4991,1.);
#4991 = DIRECTION('',(0.506985354045,-0.861954668636));
#4992 = ( GEOMETRIC_REPRESENTATION_CONTEXT(2) 
PARAMETRIC_REPRESENTATION_CONTEXT() REPRESENTATION_CONTEXT('2D SPACE',''
  ) );
#4993 = ORIENTED_EDGE('',*,*,#4994,.T.);
#4994 = EDGE_CURVE('',#4979,#4995,#4997,.T.);
#4995 = VERTEX_POINT('',#4996);
#4996 = CARTESIAN_POINT('',(2.123565994065,-42.67919010225,
    -7.417491187693));
#4997 = SURFACE_CURVE('',#4998,(#5002),.PCURVE_S1.);
#4998 = LINE('',#4999,#5000);
#4999 = CARTESIAN_POINT('',(2.128325370523,-42.73441308759,
    -7.362025157577));
#5000 = VECTOR('',#5001,1.);
#5001 = DIRECTION('',(-6.069571662322E-02,0.704251638472,-0.707351157271
    ));
#5002 = PCURVE('',#4934,#5003);
#5003 = DEFINITIONAL_REPRESENTATION('',(#5004),#5008);
#5004 = LINE('',#5005,#5006);
#5005 = CARTESIAN_POINT('',(-3.294631850483,-2.401450640659));
#5006 = VECTOR('',#5007,1.);
#5007 = DIRECTION('',(0.665402786495,-0.746484515395));
#5008 = ( GEOMETRIC_REPRESENTATION_CONTEXT(2) 
PARAMETRIC_REPRESENTATION_CONTEXT() REPRESENTATION_CONTEXT('2D SPACE',''
  ) );
#5009 = ORIENTED_EDGE('',*,*,#5010,.T.);
#5010 = EDGE_CURVE('',#4995,#5011,#5013,.T.);
#5011 = VERTEX_POINT('',#5012);
#5012 = CARTESIAN_POINT('',(2.110964867499,-42.63463148725,
    -7.480771924965));
#5013 = SURFACE_CURVE('',#5014,(#5018),.PCURVE_S1.);
#5014 = LINE('',#5015,#5016);
#5015 = CARTESIAN_POINT('',(2.123565994065,-42.67919010225,
    -7.417491187693));
#5016 = VECTOR('',#5017,1.);
#5017 = DIRECTION('',(-0.160700548432,0.568250293368,-0.807011113815));
#5018 = PCURVE('',#4934,#5019);
#5019 = DEFINITIONAL_REPRESENTATION('',(#5020),#5024);
#5020 = LINE('',#5021,#5022);
#5021 = CARTESIAN_POINT('',(-3.242455147843,-2.459985262658));
#5022 = VECTOR('',#5023,1.);
#5023 = DIRECTION('',(0.798249163022,-0.602327380861));
#5024 = ( GEOMETRIC_REPRESENTATION_CONTEXT(2) 
PARAMETRIC_REPRESENTATION_CONTEXT() REPRESENTATION_CONTEXT('2D SPACE',''
  ) );
#5025 = ORIENTED_EDGE('',*,*,#5026,.T.);
#5026 = EDGE_CURVE('',#5011,#5027,#5029,.T.);
#5027 = VERTEX_POINT('',#5028);
#5028 = CARTESIAN_POINT('',(2.091006245055,-42.60244960518,
    -7.549435526149));
#5029 = SURFACE_CURVE('',#5030,(#5034),.PCURVE_S1.);
#5030 = LINE('',#5031,#5032);
#5031 = CARTESIAN_POINT('',(2.110964867499,-42.63463148725,
    -7.480771924965));
#5032 = VECTOR('',#5033,1.);
#5033 = DIRECTION('',(-0.254529748286,0.410411408168,-0.875658085832));
#5034 = PCURVE('',#4934,#5035);
#5035 = DEFINITIONAL_REPRESENTATION('',(#5036),#5040);
#5036 = LINE('',#5037,#5038);
#5037 = CARTESIAN_POINT('',(-3.179861467659,-2.507215988589));
#5038 = VECTOR('',#5039,1.);
#5039 = DIRECTION('',(0.900419271878,-0.435023142869));
#5040 = ( GEOMETRIC_REPRESENTATION_CONTEXT(2) 
PARAMETRIC_REPRESENTATION_CONTEXT() REPRESENTATION_CONTEXT('2D SPACE',''
  ) );
#5041 = ORIENTED_EDGE('',*,*,#5042,.T.);
#5042 = EDGE_CURVE('',#5027,#5043,#5045,.T.);
#5043 = VERTEX_POINT('',#5044);
#5044 = CARTESIAN_POINT('',(2.064457125398,-42.58388118772,
    -7.620843287558));
#5045 = SURFACE_CURVE('',#5046,(#5050),.PCURVE_S1.);
#5046 = LINE('',#5047,#5048);
#5047 = CARTESIAN_POINT('',(2.091006245055,-42.60244960518,
    -7.549435526149));
#5048 = VECTOR('',#5049,1.);
#5049 = DIRECTION('',(-0.338577512655,0.236800642713,-0.910654008685));
#5050 = PCURVE('',#4934,#5051);
#5051 = DEFINITIONAL_REPRESENTATION('',(#5052),#5056);
#5052 = LINE('',#5053,#5054);
#5053 = CARTESIAN_POINT('',(-3.109256249958,-2.541327768142));
#5054 = VECTOR('',#5055,1.);
#5055 = DIRECTION('',(0.967986773076,-0.25100120946));
#5056 = ( GEOMETRIC_REPRESENTATION_CONTEXT(2) 
PARAMETRIC_REPRESENTATION_CONTEXT() REPRESENTATION_CONTEXT('2D SPACE',''
  ) );
#5057 = ORIENTED_EDGE('',*,*,#5058,.T.);
#5058 = EDGE_CURVE('',#5043,#5059,#5061,.T.);
#5059 = VERTEX_POINT('',#5060);
#5060 = CARTESIAN_POINT('',(0.109746902461,-41.82390665202,
    -12.37915671244));
#5061 = SURFACE_CURVE('',#5062,(#5066),.PCURVE_S1.);
#5062 = LINE('',#5063,#5064);
#5063 = CARTESIAN_POINT('',(2.064457125398,-42.58388118772,
    -7.620843287558));
#5064 = VECTOR('',#5065,1.);
#5065 = DIRECTION('',(-0.375905812103,0.146148949173,-0.915060274016));
#5066 = PCURVE('',#4934,#5067);
#5067 = DEFINITIONAL_REPRESENTATION('',(#5068),#5072);
#5068 = LINE('',#5069,#5070);
#5069 = CARTESIAN_POINT('',(-3.033352813659,-2.561009704759));
#5070 = VECTOR('',#5071,1.);
#5071 = DIRECTION('',(0.987928072956,-0.154913274658));
#5072 = ( GEOMETRIC_REPRESENTATION_CONTEXT(2) 
PARAMETRIC_REPRESENTATION_CONTEXT() REPRESENTATION_CONTEXT('2D SPACE',''
  ) );
#5073 = ORIENTED_EDGE('',*,*,#5074,.T.);
#5074 = EDGE_CURVE('',#5059,#5075,#5077,.T.);
#5075 = VERTEX_POINT('',#5076);
#5076 = CARTESIAN_POINT('',(7.762755337201E-02,-41.81966527304,
    -12.45056447385));
#5077 = SURFACE_CURVE('',#5078,(#5082),.PCURVE_S1.);
#5078 = LINE('',#5079,#5080);
#5079 = CARTESIAN_POINT('',(0.109746902461,-41.82390665202,
    -12.37915671244));
#5080 = VECTOR('',#5081,1.);
#5081 = DIRECTION('',(-0.40961393309,5.408976135846E-02,-0.910654008685)
  );
#5082 = PCURVE('',#4934,#5083);
#5083 = DEFINITIONAL_REPRESENTATION('',(#5084),#5088);
#5084 = LINE('',#5085,#5086);
#5085 = CARTESIAN_POINT('',(2.103873165713,-3.366558732978));
#5086 = VECTOR('',#5087,1.);
#5087 = DIRECTION('',(0.998355085438,-5.733344033551E-02));
#5088 = ( GEOMETRIC_REPRESENTATION_CONTEXT(2) 
PARAMETRIC_REPRESENTATION_CONTEXT() REPRESENTATION_CONTEXT('2D SPACE',''
  ) );
#5089 = ORIENTED_EDGE('',*,*,#5090,.T.);
#5090 = EDGE_CURVE('',#5075,#5091,#5093,.T.);
#5091 = VERTEX_POINT('',#5092);
#5092 = CARTESIAN_POINT('',(4.117230342405E-02,-41.82991392635,
    -12.51922807503));
#5093 = SURFACE_CURVE('',#5094,(#5098),.PCURVE_S1.);
#5094 = LINE('',#5095,#5096);
#5095 = CARTESIAN_POINT('',(7.762755337201E-02,-41.81966527304,
    -12.45056447385));
#5096 = VECTOR('',#5097,1.);
#5097 = DIRECTION('',(-0.46490911979,-0.130699759191,-0.875658085832));
#5098 = PCURVE('',#4934,#5099);
#5099 = DEFINITIONAL_REPRESENTATION('',(#5100),#5104);
#5100 = LINE('',#5101,#5102);
#5101 = CARTESIAN_POINT('',(2.18215789412,-3.371054460872));
#5102 = VECTOR('',#5103,1.);
#5103 = DIRECTION('',(0.99035717175,0.138537620749));
#5104 = ( GEOMETRIC_REPRESENTATION_CONTEXT(2) 
PARAMETRIC_REPRESENTATION_CONTEXT() REPRESENTATION_CONTEXT('2D SPACE',''
  ) );
#5105 = ORIENTED_EDGE('',*,*,#5106,.T.);
#5106 = EDGE_CURVE('',#5091,#5107,#5109,.T.);
#5107 = VERTEX_POINT('',#5108);
#5108 = CARTESIAN_POINT('',(1.782107427787E-03,-41.85425876195,
    -12.5825088123));
#5109 = SURFACE_CURVE('',#5110,(#5114),.PCURVE_S1.);
#5110 = LINE('',#5111,#5112);
#5111 = CARTESIAN_POINT('',(4.117230342405E-02,-41.82991392635,
    -12.51922807503));
#5112 = VECTOR('',#5113,1.);
#5113 = DIRECTION('',(-0.502338109741,-0.310466561293,-0.807011113815));
#5114 = PCURVE('',#4934,#5115);
#5115 = DEFINITIONAL_REPRESENTATION('',(#5116),#5120);
#5116 = LINE('',#5117,#5118);
#5117 = CARTESIAN_POINT('',(2.259815476424,-3.360191211741));
#5118 = VECTOR('',#5119,1.);
#5119 = DIRECTION('',(0.944300387351,0.32908475876));
#5120 = ( GEOMETRIC_REPRESENTATION_CONTEXT(2) 
PARAMETRIC_REPRESENTATION_CONTEXT() REPRESENTATION_CONTEXT('2D SPACE',''
  ) );
#5121 = ORIENTED_EDGE('',*,*,#5122,.T.);
#5122 = EDGE_CURVE('',#5107,#5123,#5125,.T.);
#5123 = VERTEX_POINT('',#5124);
#5124 = CARTESIAN_POINT('',(-3.902929147492E-02,-41.89176422147,
    -12.63797484242));
#5125 = SURFACE_CURVE('',#5126,(#5130),.PCURVE_S1.);
#5126 = LINE('',#5127,#5128);
#5127 = CARTESIAN_POINT('',(1.782107427787E-03,-41.85425876195,
    -12.5825088123));
#5128 = VECTOR('',#5129,1.);
#5129 = DIRECTION('',(-0.520462527848,-0.478302307555,-0.707351157271));
#5130 = PCURVE('',#4934,#5131);
#5131 = DEFINITIONAL_REPRESENTATION('',(#5132),#5136);
#5132 = LINE('',#5133,#5134);
#5133 = CARTESIAN_POINT('',(2.333861575288,-3.334386454157));
#5134 = VECTOR('',#5135,1.);
#5135 = DIRECTION('',(0.861954668636,0.506985354045));
#5136 = ( GEOMETRIC_REPRESENTATION_CONTEXT(2) 
PARAMETRIC_REPRESENTATION_CONTEXT() REPRESENTATION_CONTEXT('2D SPACE',''
  ) );
#5137 = ORIENTED_EDGE('',*,*,#5138,.T.);
#5138 = EDGE_CURVE('',#5123,#5139,#5141,.T.);
#5139 = VERTEX_POINT('',#5140);
#5140 = CARTESIAN_POINT('',(-7.969353411154E-02,-41.94098899113,
    -12.68349463695));
#5141 = SURFACE_CURVE('',#5142,(#5146),.PCURVE_S1.);
#5142 = LINE('',#5143,#5144);
#5143 = CARTESIAN_POINT('',(-3.902929147492E-02,-41.89176422147,
    -12.63797484242));
#5144 = VECTOR('',#5145,1.);
#5145 = DIRECTION('',(-0.51858586289,-0.627757164373,-0.580508092441));
#5146 = PCURVE('',#4934,#5147);
#5147 = DEFINITIONAL_REPRESENTATION('',(#5148),#5152);
#5148 = LINE('',#5149,#5150);
#5149 = CARTESIAN_POINT('',(2.401450640659,-3.294631850483));
#5150 = VECTOR('',#5151,1.);
#5151 = DIRECTION('',(0.746484515395,0.665402786495));
#5152 = ( GEOMETRIC_REPRESENTATION_CONTEXT(2) 
PARAMETRIC_REPRESENTATION_CONTEXT() REPRESENTATION_CONTEXT('2D SPACE',''
  ) );
#5153 = ORIENTED_EDGE('',*,*,#5154,.T.);
#5154 = EDGE_CURVE('',#5139,#5155,#5157,.T.);
#5155 = VERTEX_POINT('',#5156);
#5156 = CARTESIAN_POINT('',(-0.118647916442,-42.00004139064,
    -12.71731889571));
#5157 = SURFACE_CURVE('',#5158,(#5162),.PCURVE_S1.);
#5158 = LINE('',#5159,#5160);
#5159 = CARTESIAN_POINT('',(-7.969353411154E-02,-41.94098899113,
    -12.68349463695));
#5160 = VECTOR('',#5161,1.);
#5161 = DIRECTION('',(-0.496780234046,-0.753087665415,-0.43135642717));
#5162 = PCURVE('',#4934,#5163);
#5163 = DEFINITIONAL_REPRESENTATION('',(#5164),#5168);
#5164 = LINE('',#5165,#5166);
#5165 = CARTESIAN_POINT('',(2.459985262658,-3.242455147843));
#5166 = VECTOR('',#5167,1.);
#5167 = DIRECTION('',(0.602327380861,0.798249163022));
#5168 = ( GEOMETRIC_REPRESENTATION_CONTEXT(2) 
PARAMETRIC_REPRESENTATION_CONTEXT() REPRESENTATION_CONTEXT('2D SPACE',''
  ) );
#5169 = ORIENTED_EDGE('',*,*,#5170,.T.);
#5170 = EDGE_CURVE('',#5155,#5171,#5173,.T.);
#5171 = VERTEX_POINT('',#5172);
#5172 = CARTESIAN_POINT('',(-0.1543954434,-42.06665206939,
    -12.73814777141));
#5173 = SURFACE_CURVE('',#5174,(#5178),.PCURVE_S1.);
#5174 = LINE('',#5175,#5176);
#5175 = CARTESIAN_POINT('',(-0.118647916442,-42.00004139064,
    -12.71731889571));
#5176 = VECTOR('',#5177,1.);
#5177 = DIRECTION('',(-0.455883619406,-0.849477429811,-0.265627976311));
#5178 = PCURVE('',#4934,#5179);
#5179 = DEFINITIONAL_REPRESENTATION('',(#5180),#5184);
#5180 = LINE('',#5181,#5182);
#5181 = CARTESIAN_POINT('',(2.507215988589,-3.179861467659));
#5182 = VECTOR('',#5183,1.);
#5183 = DIRECTION('',(0.435023142869,0.900419271878));
#5184 = ( GEOMETRIC_REPRESENTATION_CONTEXT(2) 
PARAMETRIC_REPRESENTATION_CONTEXT() REPRESENTATION_CONTEXT('2D SPACE',''
  ) );
#5185 = ORIENTED_EDGE('',*,*,#5186,.T.);
#5186 = EDGE_CURVE('',#5171,#5187,#5189,.T.);
#5187 = VERTEX_POINT('',#5188);
#5188 = CARTESIAN_POINT('',(-0.185562357571,-42.13826121637,
    -12.74518082204));
#5189 = SURFACE_CURVE('',#5190,(#5194),.PCURVE_S1.);
#5190 = LINE('',#5191,#5192);
#5191 = CARTESIAN_POINT('',(-0.1543954434,-42.06665206939,
    -12.73814777141));
#5192 = VECTOR('',#5193,1.);
#5193 = DIRECTION('',(-0.397467652935,-0.913222252972,
    -8.969159128825E-02));
#5194 = PCURVE('',#4934,#5195);
#5195 = DEFINITIONAL_REPRESENTATION('',(#5196),#5200);
#5196 = LINE('',#5197,#5198);
#5197 = CARTESIAN_POINT('',(2.541327768142,-3.109256249958));
#5198 = VECTOR('',#5199,1.);
#5199 = DIRECTION('',(0.25100120946,0.967986773076));
#5200 = ( GEOMETRIC_REPRESENTATION_CONTEXT(2) 
PARAMETRIC_REPRESENTATION_CONTEXT() REPRESENTATION_CONTEXT('2D SPACE',''
  ) );
#5201 = ORIENTED_EDGE('',*,*,#5202,.T.);
#5202 = EDGE_CURVE('',#5187,#5203,#5205,.T.);
#5203 = VERTEX_POINT('',#5204);
#5204 = CARTESIAN_POINT('',(-2.069872515049,-46.98484508859,
    -12.74518082204));
#5205 = SURFACE_CURVE('',#5206,(#5210),.PCURVE_S1.);
#5206 = LINE('',#5207,#5208);
#5207 = CARTESIAN_POINT('',(-0.185562357571,-42.13826121637,
    -12.74518082204));
#5208 = VECTOR('',#5209,1.);
#5209 = DIRECTION('',(-0.362367337976,-0.932035360042,0.));
#5210 = PCURVE('',#4934,#5211);
#5211 = DEFINITIONAL_REPRESENTATION('',(#5212),#5216);
#5212 = LINE('',#5213,#5214);
#5213 = CARTESIAN_POINT('',(2.561009704759,-3.033352813659));
#5214 = VECTOR('',#5215,1.);
#5215 = DIRECTION('',(0.154913274658,0.987928072956));
#5216 = ( GEOMETRIC_REPRESENTATION_CONTEXT(2) 
PARAMETRIC_REPRESENTATION_CONTEXT() REPRESENTATION_CONTEXT('2D SPACE',''
  ) );
#5217 = ORIENTED_EDGE('',*,*,#5218,.T.);
#5218 = EDGE_CURVE('',#5203,#5219,#5221,.T.);
#5219 = VERTEX_POINT('',#5220);
#5220 = CARTESIAN_POINT('',(-2.095261089401,-47.05870080443,
    -12.73814777141));
#5221 = SURFACE_CURVE('',#5222,(#5226),.PCURVE_S1.);
#5222 = LINE('',#5223,#5224);
#5223 = CARTESIAN_POINT('',(-2.069872515049,-46.98484508859,
    -12.74518082204));
#5224 = VECTOR('',#5225,1.);
#5225 = DIRECTION('',(-0.323777227463,-0.941872457092,8.969159128825E-02
    ));
#5226 = PCURVE('',#4934,#5227);
#5227 = DEFINITIONAL_REPRESENTATION('',(#5228),#5232);
#5228 = LINE('',#5229,#5230);
#5229 = CARTESIAN_POINT('',(3.366558732978,2.103873165713));
#5230 = VECTOR('',#5231,1.);
#5231 = DIRECTION('',(5.733344033551E-02,0.998355085438));
#5232 = ( GEOMETRIC_REPRESENTATION_CONTEXT(2) 
PARAMETRIC_REPRESENTATION_CONTEXT() REPRESENTATION_CONTEXT('2D SPACE',''
  ) );
#5233 = ORIENTED_EDGE('',*,*,#5234,.T.);
#5234 = EDGE_CURVE('',#5219,#5235,#5237,.T.);
#5235 = VERTEX_POINT('',#5236);
#5236 = CARTESIAN_POINT('',(-2.113895655259,-47.13196485539,
    -12.71731889571));
#5237 = SURFACE_CURVE('',#5238,(#5242),.PCURVE_S1.);
#5238 = LINE('',#5239,#5240);
#5239 = CARTESIAN_POINT('',(-2.095261089401,-47.05870080443,
    -12.73814777141));
#5240 = VECTOR('',#5241,1.);
#5241 = DIRECTION('',(-0.237644224717,-0.934327030894,0.265627976311));
#5242 = PCURVE('',#4934,#5243);
#5243 = DEFINITIONAL_REPRESENTATION('',(#5244),#5248);
#5244 = LINE('',#5245,#5246);
#5245 = CARTESIAN_POINT('',(3.371054460872,2.18215789412));
#5246 = VECTOR('',#5247,1.);
#5247 = DIRECTION('',(-0.138537620749,0.99035717175));
#5248 = ( GEOMETRIC_REPRESENTATION_CONTEXT(2) 
PARAMETRIC_REPRESENTATION_CONTEXT() REPRESENTATION_CONTEXT('2D SPACE',''
  ) );
#5249 = ORIENTED_EDGE('',*,*,#5250,.T.);
#5250 = EDGE_CURVE('',#5235,#5251,#5253,.T.);
#5251 = VERTEX_POINT('',#5252);
#5252 = CARTESIAN_POINT('',(-2.125060096708,-47.20182174508,
    -12.68349463695));
#5253 = SURFACE_CURVE('',#5254,(#5258),.PCURVE_S1.);
#5254 = LINE('',#5255,#5256);
#5255 = CARTESIAN_POINT('',(-2.113895655259,-47.13196485539,
    -12.71731889571));
#5256 = VECTOR('',#5257,1.);
#5257 = DIRECTION('',(-0.142378687687,-0.890875940876,0.43135642717));
#5258 = PCURVE('',#4934,#5259);
#5259 = DEFINITIONAL_REPRESENTATION('',(#5260),#5264);
#5260 = LINE('',#5261,#5262);
#5261 = CARTESIAN_POINT('',(3.360191211741,2.259815476424));
#5262 = VECTOR('',#5263,1.);
#5263 = DIRECTION('',(-0.32908475876,0.944300387351));
#5264 = ( GEOMETRIC_REPRESENTATION_CONTEXT(2) 
PARAMETRIC_REPRESENTATION_CONTEXT() REPRESENTATION_CONTEXT('2D SPACE',''
  ) );
#5265 = ORIENTED_EDGE('',*,*,#5266,.T.);
#5266 = EDGE_CURVE('',#5251,#5267,#5269,.T.);
#5267 = VERTEX_POINT('',#5268);
#5268 = CARTESIAN_POINT('',(-2.128325370523,-47.2655869124,
    -12.63797484242));
#5269 = SURFACE_CURVE('',#5270,(#5274),.PCURVE_S1.);
#5270 = LINE('',#5271,#5272);
#5271 = CARTESIAN_POINT('',(-2.125060096708,-47.20182174508,
    -12.68349463695));
#5272 = VECTOR('',#5273,1.);
#5273 = DIRECTION('',(-4.164161753654E-02,-0.813188988059,0.580508092441
    ));
#5274 = PCURVE('',#4934,#5275);
#5275 = DEFINITIONAL_REPRESENTATION('',(#5276),#5280);
#5276 = LINE('',#5277,#5278);
#5277 = CARTESIAN_POINT('',(3.334386454157,2.333861575288));
#5278 = VECTOR('',#5279,1.);
#5279 = DIRECTION('',(-0.506985354045,0.861954668636));
#5280 = ( GEOMETRIC_REPRESENTATION_CONTEXT(2) 
PARAMETRIC_REPRESENTATION_CONTEXT() REPRESENTATION_CONTEXT('2D SPACE',''
  ) );
#5281 = ORIENTED_EDGE('',*,*,#5282,.T.);
#5282 = EDGE_CURVE('',#5267,#5283,#5285,.T.);
#5283 = VERTEX_POINT('',#5284);
#5284 = CARTESIAN_POINT('',(-2.123565994065,-47.32080989774,
    -12.5825088123));
#5285 = SURFACE_CURVE('',#5286,(#5290),.PCURVE_S1.);
#5286 = LINE('',#5287,#5288);
#5287 = CARTESIAN_POINT('',(-2.128325370523,-47.2655869124,
    -12.63797484242));
#5288 = VECTOR('',#5289,1.);
#5289 = DIRECTION('',(6.069571662322E-02,-0.704251638472,0.707351157271)
  );
#5290 = PCURVE('',#4934,#5291);
#5291 = DEFINITIONAL_REPRESENTATION('',(#5292),#5296);
#5292 = LINE('',#5293,#5294);
#5293 = CARTESIAN_POINT('',(3.294631850483,2.401450640659));
#5294 = VECTOR('',#5295,1.);
#5295 = DIRECTION('',(-0.665402786495,0.746484515395));
#5296 = ( GEOMETRIC_REPRESENTATION_CONTEXT(2) 
PARAMETRIC_REPRESENTATION_CONTEXT() REPRESENTATION_CONTEXT('2D SPACE',''
  ) );
#5297 = ORIENTED_EDGE('',*,*,#5298,.T.);
#5298 = EDGE_CURVE('',#5283,#5299,#5301,.T.);
#5299 = VERTEX_POINT('',#5300);
#5300 = CARTESIAN_POINT('',(-2.110964867499,-47.36536851274,
    -12.51922807503));
#5301 = SURFACE_CURVE('',#5302,(#5306),.PCURVE_S1.);
#5302 = LINE('',#5303,#5304);
#5303 = CARTESIAN_POINT('',(-2.123565994065,-47.32080989774,
    -12.5825088123));
#5304 = VECTOR('',#5305,1.);
#5305 = DIRECTION('',(0.160700548432,-0.568250293368,0.807011113815));
#5306 = PCURVE('',#4934,#5307);
#5307 = DEFINITIONAL_REPRESENTATION('',(#5308),#5312);
#5308 = LINE('',#5309,#5310);
#5309 = CARTESIAN_POINT('',(3.242455147843,2.459985262658));
#5310 = VECTOR('',#5311,1.);
#5311 = DIRECTION('',(-0.798249163022,0.602327380861));
#5312 = ( GEOMETRIC_REPRESENTATION_CONTEXT(2) 
PARAMETRIC_REPRESENTATION_CONTEXT() REPRESENTATION_CONTEXT('2D SPACE',''
  ) );
#5313 = ORIENTED_EDGE('',*,*,#5314,.T.);
#5314 = EDGE_CURVE('',#5299,#5315,#5317,.T.);
#5315 = VERTEX_POINT('',#5316);
#5316 = CARTESIAN_POINT('',(-2.091006245055,-47.39755039481,
    -12.45056447385));
#5317 = SURFACE_CURVE('',#5318,(#5322),.PCURVE_S1.);
#5318 = LINE('',#5319,#5320);
#5319 = CARTESIAN_POINT('',(-2.110964867499,-47.36536851274,
    -12.51922807503));
#5320 = VECTOR('',#5321,1.);
#5321 = DIRECTION('',(0.254529748286,-0.410411408168,0.875658085832));
#5322 = PCURVE('',#4934,#5323);
#5323 = DEFINITIONAL_REPRESENTATION('',(#5324),#5328);
#5324 = LINE('',#5325,#5326);
#5325 = CARTESIAN_POINT('',(3.179861467659,2.507215988589));
#5326 = VECTOR('',#5327,1.);
#5327 = DIRECTION('',(-0.900419271878,0.435023142869));
#5328 = ( GEOMETRIC_REPRESENTATION_CONTEXT(2) 
PARAMETRIC_REPRESENTATION_CONTEXT() REPRESENTATION_CONTEXT('2D SPACE',''
  ) );
#5329 = ORIENTED_EDGE('',*,*,#5330,.T.);
#5330 = EDGE_CURVE('',#5315,#5331,#5333,.T.);
#5331 = VERTEX_POINT('',#5332);
#5332 = CARTESIAN_POINT('',(-2.064457125398,-47.41611881227,
    -12.37915671244));
#5333 = SURFACE_CURVE('',#5334,(#5338),.PCURVE_S1.);
#5334 = LINE('',#5335,#5336);
#5335 = CARTESIAN_POINT('',(-2.091006245055,-47.39755039481,
    -12.45056447385));
#5336 = VECTOR('',#5337,1.);
#5337 = DIRECTION('',(0.338577512655,-0.236800642713,0.910654008685));
#5338 = PCURVE('',#4934,#5339);
#5339 = DEFINITIONAL_REPRESENTATION('',(#5340),#5344);
#5340 = LINE('',#5341,#5342);
#5341 = CARTESIAN_POINT('',(3.109256249958,2.541327768142));
#5342 = VECTOR('',#5343,1.);
#5343 = DIRECTION('',(-0.967986773076,0.25100120946));
#5344 = ( GEOMETRIC_REPRESENTATION_CONTEXT(2) 
PARAMETRIC_REPRESENTATION_CONTEXT() REPRESENTATION_CONTEXT('2D SPACE',''
  ) );
#5345 = ORIENTED_EDGE('',*,*,#5346,.T.);
#5346 = EDGE_CURVE('',#5331,#5347,#5349,.T.);
#5347 = VERTEX_POINT('',#5348);
#5348 = CARTESIAN_POINT('',(-0.109746902461,-48.17609334797,
    -7.620843287558));
#5349 = SURFACE_CURVE('',#5350,(#5354),.PCURVE_S1.);
#5350 = LINE('',#5351,#5352);
#5351 = CARTESIAN_POINT('',(-2.064457125398,-47.41611881227,
    -12.37915671244));
#5352 = VECTOR('',#5353,1.);
#5353 = DIRECTION('',(0.375905812103,-0.146148949173,0.915060274016));
#5354 = PCURVE('',#4934,#5355);
#5355 = DEFINITIONAL_REPRESENTATION('',(#5356),#5360);
#5356 = LINE('',#5357,#5358);
#5357 = CARTESIAN_POINT('',(3.033352813659,2.561009704759));
#5358 = VECTOR('',#5359,1.);
#5359 = DIRECTION('',(-0.987928072956,0.154913274658));
#5360 = ( GEOMETRIC_REPRESENTATION_CONTEXT(2) 
PARAMETRIC_REPRESENTATION_CONTEXT() REPRESENTATION_CONTEXT('2D SPACE',''
  ) );
#5361 = ORIENTED_EDGE('',*,*,#5362,.T.);
#5362 = EDGE_CURVE('',#5347,#5363,#5365,.T.);
#5363 = VERTEX_POINT('',#5364);
#5364 = CARTESIAN_POINT('',(-7.762755337201E-02,-48.18033472695,
    -7.549435526149));
#5365 = SURFACE_CURVE('',#5366,(#5370),.PCURVE_S1.);
#5366 = LINE('',#5367,#5368);
#5367 = CARTESIAN_POINT('',(-0.109746902461,-48.17609334797,
    -7.620843287558));
#5368 = VECTOR('',#5369,1.);
#5369 = DIRECTION('',(0.40961393309,-5.408976135846E-02,0.910654008685)
  );
#5370 = PCURVE('',#4934,#5371);
#5371 = DEFINITIONAL_REPRESENTATION('',(#5372),#5376);
#5372 = LINE('',#5373,#5374);
#5373 = CARTESIAN_POINT('',(-2.103873165713,3.366558732978));
#5374 = VECTOR('',#5375,1.);
#5375 = DIRECTION('',(-0.998355085438,5.733344033551E-02));
#5376 = ( GEOMETRIC_REPRESENTATION_CONTEXT(2) 
PARAMETRIC_REPRESENTATION_CONTEXT() REPRESENTATION_CONTEXT('2D SPACE',''
  ) );
#5377 = ORIENTED_EDGE('',*,*,#5378,.T.);
#5378 = EDGE_CURVE('',#5363,#5379,#5381,.T.);
#5379 = VERTEX_POINT('',#5380);
#5380 = CARTESIAN_POINT('',(-4.117230342405E-02,-48.17008607364,
    -7.480771924965));
#5381 = SURFACE_CURVE('',#5382,(#5386),.PCURVE_S1.);
#5382 = LINE('',#5383,#5384);
#5383 = CARTESIAN_POINT('',(-7.762755337201E-02,-48.18033472695,
    -7.549435526149));
#5384 = VECTOR('',#5385,1.);
#5385 = DIRECTION('',(0.46490911979,0.130699759191,0.875658085832));
#5386 = PCURVE('',#4934,#5387);
#5387 = DEFINITIONAL_REPRESENTATION('',(#5388),#5392);
#5388 = LINE('',#5389,#5390);
#5389 = CARTESIAN_POINT('',(-2.18215789412,3.371054460872));
#5390 = VECTOR('',#5391,1.);
#5391 = DIRECTION('',(-0.99035717175,-0.138537620749));
#5392 = ( GEOMETRIC_REPRESENTATION_CONTEXT(2) 
PARAMETRIC_REPRESENTATION_CONTEXT() REPRESENTATION_CONTEXT('2D SPACE',''
  ) );
#5393 = ORIENTED_EDGE('',*,*,#5394,.T.);
#5394 = EDGE_CURVE('',#5379,#5395,#5397,.T.);
#5395 = VERTEX_POINT('',#5396);
#5396 = CARTESIAN_POINT('',(-1.782107427787E-03,-48.14574123804,
    -7.417491187693));
#5397 = SURFACE_CURVE('',#5398,(#5402),.PCURVE_S1.);
#5398 = LINE('',#5399,#5400);
#5399 = CARTESIAN_POINT('',(-4.117230342405E-02,-48.17008607364,
    -7.480771924965));
#5400 = VECTOR('',#5401,1.);
#5401 = DIRECTION('',(0.502338109741,0.310466561293,0.807011113815));
#5402 = PCURVE('',#4934,#5403);
#5403 = DEFINITIONAL_REPRESENTATION('',(#5404),#5408);
#5404 = LINE('',#5405,#5406);
#5405 = CARTESIAN_POINT('',(-2.259815476424,3.360191211741));
#5406 = VECTOR('',#5407,1.);
#5407 = DIRECTION('',(-0.944300387351,-0.32908475876));
#5408 = ( GEOMETRIC_REPRESENTATION_CONTEXT(2) 
PARAMETRIC_REPRESENTATION_CONTEXT() REPRESENTATION_CONTEXT('2D SPACE',''
  ) );
#5409 = ORIENTED_EDGE('',*,*,#5410,.T.);
#5410 = EDGE_CURVE('',#5395,#5411,#5413,.T.);
#5411 = VERTEX_POINT('',#5412);
#5412 = CARTESIAN_POINT('',(3.902929147492E-02,-48.10823577852,
    -7.362025157577));
#5413 = SURFACE_CURVE('',#5414,(#5418),.PCURVE_S1.);
#5414 = LINE('',#5415,#5416);
#5415 = CARTESIAN_POINT('',(-1.782107427787E-03,-48.14574123804,
    -7.417491187693));
#5416 = VECTOR('',#5417,1.);
#5417 = DIRECTION('',(0.520462527848,0.478302307555,0.707351157271));
#5418 = PCURVE('',#4934,#5419);
#5419 = DEFINITIONAL_REPRESENTATION('',(#5420),#5424);
#5420 = LINE('',#5421,#5422);
#5421 = CARTESIAN_POINT('',(-2.333861575288,3.334386454157));
#5422 = VECTOR('',#5423,1.);
#5423 = DIRECTION('',(-0.861954668636,-0.506985354045));
#5424 = ( GEOMETRIC_REPRESENTATION_CONTEXT(2) 
PARAMETRIC_REPRESENTATION_CONTEXT() REPRESENTATION_CONTEXT('2D SPACE',''
  ) );
#5425 = ORIENTED_EDGE('',*,*,#5426,.T.);
#5426 = EDGE_CURVE('',#5411,#5427,#5429,.T.);
#5427 = VERTEX_POINT('',#5428);
#5428 = CARTESIAN_POINT('',(7.969353411154E-02,-48.05901100886,
    -7.31650536305));
#5429 = SURFACE_CURVE('',#5430,(#5434),.PCURVE_S1.);
#5430 = LINE('',#5431,#5432);
#5431 = CARTESIAN_POINT('',(3.902929147492E-02,-48.10823577852,
    -7.362025157577));
#5432 = VECTOR('',#5433,1.);
#5433 = DIRECTION('',(0.51858586289,0.627757164373,0.580508092441));
#5434 = PCURVE('',#4934,#5435);
#5435 = DEFINITIONAL_REPRESENTATION('',(#5436),#5440);
#5436 = LINE('',#5437,#5438);
#5437 = CARTESIAN_POINT('',(-2.401450640659,3.294631850483));
#5438 = VECTOR('',#5439,1.);
#5439 = DIRECTION('',(-0.746484515395,-0.665402786495));
#5440 = ( GEOMETRIC_REPRESENTATION_CONTEXT(2) 
PARAMETRIC_REPRESENTATION_CONTEXT() REPRESENTATION_CONTEXT('2D SPACE',''
  ) );
#5441 = ORIENTED_EDGE('',*,*,#5442,.T.);
#5442 = EDGE_CURVE('',#5427,#5443,#5445,.T.);
#5443 = VERTEX_POINT('',#5444);
#5444 = CARTESIAN_POINT('',(0.118647916442,-47.99995860935,
    -7.282681104287));
#5445 = SURFACE_CURVE('',#5446,(#5450),.PCURVE_S1.);
#5446 = LINE('',#5447,#5448);
#5447 = CARTESIAN_POINT('',(7.969353411154E-02,-48.05901100886,
    -7.31650536305));
#5448 = VECTOR('',#5449,1.);
#5449 = DIRECTION('',(0.496780234046,0.753087665415,0.43135642717));
#5450 = PCURVE('',#4934,#5451);
#5451 = DEFINITIONAL_REPRESENTATION('',(#5452),#5456);
#5452 = LINE('',#5453,#5454);
#5453 = CARTESIAN_POINT('',(-2.459985262658,3.242455147843));
#5454 = VECTOR('',#5455,1.);
#5455 = DIRECTION('',(-0.602327380861,-0.798249163022));
#5456 = ( GEOMETRIC_REPRESENTATION_CONTEXT(2) 
PARAMETRIC_REPRESENTATION_CONTEXT() REPRESENTATION_CONTEXT('2D SPACE',''
  ) );
#5457 = ORIENTED_EDGE('',*,*,#5458,.T.);
#5458 = EDGE_CURVE('',#5443,#5459,#5461,.T.);
#5459 = VERTEX_POINT('',#5460);
#5460 = CARTESIAN_POINT('',(0.1543954434,-47.9333479306,-7.261852228583)
  );
#5461 = SURFACE_CURVE('',#5462,(#5466),.PCURVE_S1.);
#5462 = LINE('',#5463,#5464);
#5463 = CARTESIAN_POINT('',(0.118647916442,-47.99995860935,
    -7.282681104287));
#5464 = VECTOR('',#5465,1.);
#5465 = DIRECTION('',(0.455883619406,0.849477429811,0.265627976311));
#5466 = PCURVE('',#4934,#5467);
#5467 = DEFINITIONAL_REPRESENTATION('',(#5468),#5472);
#5468 = LINE('',#5469,#5470);
#5469 = CARTESIAN_POINT('',(-2.507215988589,3.179861467659));
#5470 = VECTOR('',#5471,1.);
#5471 = DIRECTION('',(-0.435023142869,-0.900419271878));
#5472 = ( GEOMETRIC_REPRESENTATION_CONTEXT(2) 
PARAMETRIC_REPRESENTATION_CONTEXT() REPRESENTATION_CONTEXT('2D SPACE',''
  ) );
#5473 = ORIENTED_EDGE('',*,*,#5474,.T.);
#5474 = EDGE_CURVE('',#5459,#5475,#5477,.T.);
#5475 = VERTEX_POINT('',#5476);
#5476 = CARTESIAN_POINT('',(0.185562357571,-47.86173878362,
    -7.254819177951));
#5477 = SURFACE_CURVE('',#5478,(#5482),.PCURVE_S1.);
#5478 = LINE('',#5479,#5480);
#5479 = CARTESIAN_POINT('',(0.1543954434,-47.9333479306,-7.261852228583)
  );
#5480 = VECTOR('',#5481,1.);
#5481 = DIRECTION('',(0.397467652935,0.913222252972,8.969159128825E-02)
  );
#5482 = PCURVE('',#4934,#5483);
#5483 = DEFINITIONAL_REPRESENTATION('',(#5484),#5488);
#5484 = LINE('',#5485,#5486);
#5485 = CARTESIAN_POINT('',(-2.541327768142,3.109256249958));
#5486 = VECTOR('',#5487,1.);
#5487 = DIRECTION('',(-0.25100120946,-0.967986773076));
#5488 = ( GEOMETRIC_REPRESENTATION_CONTEXT(2) 
PARAMETRIC_REPRESENTATION_CONTEXT() REPRESENTATION_CONTEXT('2D SPACE',''
  ) );
#5489 = ORIENTED_EDGE('',*,*,#5490,.T.);
#5490 = EDGE_CURVE('',#5475,#4924,#5491,.T.);
#5491 = SURFACE_CURVE('',#5492,(#5496),.PCURVE_S1.);
#5492 = LINE('',#5493,#5494);
#5493 = CARTESIAN_POINT('',(0.185562357571,-47.86173878362,
    -7.254819177951));
#5494 = VECTOR('',#5495,1.);
#5495 = DIRECTION('',(0.362367337976,0.932035360042,0.));
#5496 = PCURVE('',#4934,#5497);
#5497 = DEFINITIONAL_REPRESENTATION('',(#5498),#5502);
#5498 = LINE('',#5499,#5500);
#5499 = CARTESIAN_POINT('',(-2.561009704759,3.033352813659));
#5500 = VECTOR('',#5501,1.);
#5501 = DIRECTION('',(-0.154913274658,-0.987928072956));
#5502 = ( GEOMETRIC_REPRESENTATION_CONTEXT(2) 
PARAMETRIC_REPRESENTATION_CONTEXT() REPRESENTATION_CONTEXT('2D SPACE',''
  ) );
#5503 = ( GEOMETRIC_REPRESENTATION_CONTEXT(3) 
GLOBAL_UNCERTAINTY_ASSIGNED_CONTEXT((#5507)) 
GLOBAL_UNIT_ASSIGNED_CONTEXT((#5504,#5505,#5506)) REPRESENTATION_CONTEXT
('Context #1','3D Context with UNIT and UNCERTAINTY') );
#5504 = ( LENGTH_UNIT() NAMED_UNIT(*) SI_UNIT(.MILLI.,.METRE.) );
#5505 = ( NAMED_UNIT(*) PLANE_ANGLE_UNIT() SI_UNIT($,.RADIAN.) );
#5506 = ( NAMED_UNIT(*) SI_UNIT($,.STERADIAN.) SOLID_ANGLE_UNIT() );
#5507 = UNCERTAINTY_MEASURE_WITH_UNIT(LENGTH_MEASURE(1.E-07),#5504,
  'distance_accuracy_value','confusion accuracy');
#5508 = CONTEXT_DEPENDENT_SHAPE_REPRESENTATION(#5509,#5511);
#5509 = ( REPRESENTATION_RELATIONSHIP('','',#4916,#10) 
REPRESENTATION_RELATIONSHIP_WITH_TRANSFORMATION(#5510) 
SHAPE_REPRESENTATION_RELATIONSHIP() );
#5510 = ITEM_DEFINED_TRANSFORMATION('','',#11,#47);
#5511 = PRODUCT_DEFINITION_SHAPE('Placement','Placement of an item',
  #5512);
#5512 = NEXT_ASSEMBLY_USAGE_OCCURRENCE('9','','',#5,#4911,$);
#5513 = PRODUCT_RELATED_PRODUCT_CATEGORY('part',$,(#4913));
#5514 = SHAPE_DEFINITION_REPRESENTATION(#5515,#5521);
#5515 = PRODUCT_DEFINITION_SHAPE('','',#5516);
#5516 = PRODUCT_DEFINITION('design','',#5517,#5520);
#5517 = PRODUCT_DEFINITION_FORMATION('','',#5518);
#5518 = PRODUCT('Open CASCADE STEP translator 7.8 1.10',
  'Open CASCADE STEP translator 7.8 1.10','',(#5519));
#5519 = PRODUCT_CONTEXT('',#2,'mechanical');
#5520 = PRODUCT_DEFINITION_CONTEXT('part definition',#2,'design');
#5521 = MANIFOLD_SURFACE_SHAPE_REPRESENTATION('',(#11,#5522),#6108);
#5522 = SHELL_BASED_SURFACE_MODEL('',(#5523));
#5523 = OPEN_SHELL('',(#5524));
#5524 = ADVANCED_FACE('',(#5525),#5539,.T.);
#5525 = FACE_BOUND('',#5526,.T.);
#5526 = EDGE_LOOP('',(#5527,#5550,#5566,#5582,#5598,#5614,#5630,#5646,
    #5662,#5678,#5694,#5710,#5726,#5742,#5758,#5774,#5790,#5806,#5822,
    #5838,#5854,#5870,#5886,#5902,#5918,#5934,#5950,#5966,#5982,#5998,
    #6014,#6030,#6046,#6062,#6078,#6094));
#5527 = ORIENTED_EDGE('',*,*,#5528,.T.);
#5528 = EDGE_CURVE('',#5529,#5531,#5533,.T.);
#5529 = VERTEX_POINT('',#5530);
#5530 = CARTESIAN_POINT('',(1.210478304225,27.734391426512,
    -12.38889950373));
#5531 = VERTEX_POINT('',#5532);
#5532 = CARTESIAN_POINT('',(1.198928068913,27.811660775966,
    -12.39558904558));
#5533 = SURFACE_CURVE('',#5534,(#5538),.PCURVE_S1.);
#5534 = LINE('',#5535,#5536);
#5535 = CARTESIAN_POINT('',(1.210478304225,27.734391426512,
    -12.38889950373));
#5536 = VECTOR('',#5537,1.);
#5537 = DIRECTION('',(-0.147298667271,0.985406088085,-8.531086791913E-02
    ));
#5538 = PCURVE('',#5539,#5544);
#5539 = PLANE('',#5540);
#5540 = AXIS2_PLACEMENT_3D('',#5541,#5542,#5543);
#5541 = CARTESIAN_POINT('',(-3.048330930441E-16,25.,-15.));
#5542 = DIRECTION('',(-0.866025403784,-8.682408883347E-02,0.492403876506
    ));
#5543 = DIRECTION('',(-0.494270410408,0.,-0.869308208517));
#5544 = DEFINITIONAL_REPRESENTATION('',(#5545),#5549);
#5545 = LINE('',#5546,#5547);
#5546 = CARTESIAN_POINT('',(-2.868154702889,-2.744756564852));
#5547 = VECTOR('',#5548,1.);
#5548 = DIRECTION('',(0.146966810482,-0.989141423972));
#5549 = ( GEOMETRIC_REPRESENTATION_CONTEXT(2) 
PARAMETRIC_REPRESENTATION_CONTEXT() REPRESENTATION_CONTEXT('2D SPACE',''
  ) );
#5550 = ORIENTED_EDGE('',*,*,#5551,.T.);
#5551 = EDGE_CURVE('',#5531,#5552,#5554,.T.);
#5552 = VERTEX_POINT('',#5553);
#5553 = CARTESIAN_POINT('',(1.180290335849,27.885205644282,
    -12.41540059578));
#5554 = SURFACE_CURVE('',#5555,(#5559),.PCURVE_S1.);
#5555 = LINE('',#5556,#5557);
#5556 = CARTESIAN_POINT('',(1.198928068913,27.811660775966,
    -12.39558904558));
#5557 = VECTOR('',#5558,1.);
#5558 = DIRECTION('',(-0.237684615681,0.93790825855,-0.252654154946));
#5559 = PCURVE('',#5539,#5560);
#5560 = DEFINITIONAL_REPRESENTATION('',(#5561),#5565);
#5561 = LINE('',#5562,#5563);
#5562 = CARTESIAN_POINT('',(-2.856630489699,-2.822318815859));
#5563 = VECTOR('',#5564,1.);
#5564 = DIRECTION('',(0.337114803351,-0.941463546486));
#5565 = ( GEOMETRIC_REPRESENTATION_CONTEXT(2) 
PARAMETRIC_REPRESENTATION_CONTEXT() REPRESENTATION_CONTEXT('2D SPACE',''
  ) );
#5566 = ORIENTED_EDGE('',*,*,#5567,.T.);
#5567 = EDGE_CURVE('',#5552,#5568,#5570,.T.);
#5568 = VERTEX_POINT('',#5569);
#5569 = CARTESIAN_POINT('',(1.155281342664,27.952199743414,
    -12.44757280759));
#5570 = SURFACE_CURVE('',#5571,(#5575),.PCURVE_S1.);
#5571 = LINE('',#5572,#5573);
#5572 = CARTESIAN_POINT('',(1.180290335849,27.885205644282,
    -12.41540059578));
#5573 = VECTOR('',#5574,1.);
#5574 = DIRECTION('',(-0.318936477606,0.854367140624,-0.410288084489));
#5575 = PCURVE('',#5539,#5576);
#5576 = DEFINITIONAL_REPRESENTATION('',(#5577),#5581);
#5577 = LINE('',#5578,#5579);
#5578 = CARTESIAN_POINT('',(-2.83019606651,-2.8961424675));
#5579 = VECTOR('',#5580,1.);
#5580 = DIRECTION('',(0.514307663383,-0.857605752887));
#5581 = ( GEOMETRIC_REPRESENTATION_CONTEXT(2) 
PARAMETRIC_REPRESENTATION_CONTEXT() REPRESENTATION_CONTEXT('2D SPACE',''
  ) );
#5582 = ORIENTED_EDGE('',*,*,#5583,.T.);
#5583 = EDGE_CURVE('',#5568,#5584,#5586,.T.);
#5584 = VERTEX_POINT('',#5585);
#5585 = CARTESIAN_POINT('',(1.12486217094,28.010068527705,
    -12.49086932093));
#5586 = SURFACE_CURVE('',#5587,(#5591),.PCURVE_S1.);
#5587 = LINE('',#5588,#5589);
#5588 = CARTESIAN_POINT('',(1.155281342664,27.952199743414,
    -12.44757280759));
#5589 = VECTOR('',#5590,1.);
#5590 = DIRECTION('',(-0.387931789558,0.737993172619,-0.552154873036));
#5591 = PCURVE('',#5539,#5592);
#5592 = DEFINITIONAL_REPRESENTATION('',(#5593),#5597);
#5593 = LINE('',#5594,#5595);
#5594 = CARTESIAN_POINT('',(-2.789867293378,-2.963390518243));
#5595 = VECTOR('',#5596,1.);
#5596 = DIRECTION('',(0.671735968338,-0.740790651156));
#5597 = ( GEOMETRIC_REPRESENTATION_CONTEXT(2) 
PARAMETRIC_REPRESENTATION_CONTEXT() REPRESENTATION_CONTEXT('2D SPACE',''
  ) );
#5598 = ORIENTED_EDGE('',*,*,#5599,.T.);
#5599 = EDGE_CURVE('',#5584,#5600,#5602,.T.);
#5600 = VERTEX_POINT('',#5601);
#5601 = CARTESIAN_POINT('',(1.090201812386,28.056588132226,
    -12.54362627508));
#5602 = SURFACE_CURVE('',#5603,(#5607),.PCURVE_S1.);
#5603 = LINE('',#5604,#5605);
#5604 = CARTESIAN_POINT('',(1.12486217094,28.010068527705,
    -12.49086932093));
#5605 = VECTOR('',#5606,1.);
#5606 = DIRECTION('',(-0.442019100392,0.593258540861,-0.672802659465));
#5607 = PCURVE('',#5539,#5608);
#5608 = DEFINITIONAL_REPRESENTATION('',(#5609),#5613);
#5609 = LINE('',#5610,#5611);
#5610 = CARTESIAN_POINT('',(-2.73719398244,-3.02147866321));
#5611 = VECTOR('',#5612,1.);
#5612 = DIRECTION('',(0.803349836744,-0.595507380141));
#5613 = ( GEOMETRIC_REPRESENTATION_CONTEXT(2) 
PARAMETRIC_REPRESENTATION_CONTEXT() REPRESENTATION_CONTEXT('2D SPACE',''
  ) );
#5614 = ORIENTED_EDGE('',*,*,#5615,.T.);
#5615 = EDGE_CURVE('',#5600,#5616,#5618,.T.);
#5616 = VERTEX_POINT('',#5617);
#5617 = CARTESIAN_POINT('',(1.052632245146,28.089970834664,
    -12.60381624987));
#5618 = SURFACE_CURVE('',#5619,(#5623),.PCURVE_S1.);
#5619 = LINE('',#5620,#5621);
#5620 = CARTESIAN_POINT('',(1.090201812386,28.056588132226,
    -12.54362627508));
#5621 = VECTOR('',#5622,1.);
#5622 = DIRECTION('',(-0.479119865085,0.425725316081,-0.767595017003));
#5623 = PCURVE('',#5539,#5624);
#5624 = DEFINITIONAL_REPRESENTATION('',(#5625),#5629);
#5625 = LINE('',#5626,#5627);
#5626 = CARTESIAN_POINT('',(-2.674200339494,-3.068174607567));
#5627 = VECTOR('',#5628,1.);
#5628 = DIRECTION('',(0.904091421448,-0.427339094472));
#5629 = ( GEOMETRIC_REPRESENTATION_CONTEXT(2) 
PARAMETRIC_REPRESENTATION_CONTEXT() REPRESENTATION_CONTEXT('2D SPACE',''
  ) );
#5630 = ORIENTED_EDGE('',*,*,#5631,.T.);
#5631 = EDGE_CURVE('',#5616,#5632,#5634,.T.);
#5632 = VERTEX_POINT('',#5633);
#5633 = CARTESIAN_POINT('',(1.013597246618,28.108933756487,
    -12.66912617834));
#5634 = SURFACE_CURVE('',#5635,(#5639),.PCURVE_S1.);
#5635 = LINE('',#5636,#5637);
#5636 = CARTESIAN_POINT('',(1.052632245146,28.089970834664,
    -12.60381624987));
#5637 = VECTOR('',#5638,1.);
#5638 = DIRECTION('',(-0.497808322056,0.241831706154,-0.83288912851));
#5639 = PCURVE('',#5539,#5640);
#5640 = DEFINITIONAL_REPRESENTATION('',(#5641),#5645);
#5641 = LINE('',#5642,#5643);
#5642 = CARTESIAN_POINT('',(-2.603307174913,-3.10168385236));
#5643 = VECTOR('',#5644,1.);
#5644 = DIRECTION('',(0.970089279846,-0.242748407057));
#5645 = ( GEOMETRIC_REPRESENTATION_CONTEXT(2) 
PARAMETRIC_REPRESENTATION_CONTEXT() REPRESENTATION_CONTEXT('2D SPACE',''
  ) );
#5646 = ORIENTED_EDGE('',*,*,#5647,.T.);
#5647 = EDGE_CURVE('',#5632,#5648,#5650,.T.);
#5648 = VERTEX_POINT('',#5649);
#5649 = CARTESIAN_POINT('',(0.974596909904,28.112748163242,
    -12.73704623656));
#5650 = SURFACE_CURVE('',#5651,(#5655),.PCURVE_S1.);
#5651 = LINE('',#5652,#5653);
#5652 = CARTESIAN_POINT('',(1.013597246618,28.108933756487,
    -12.66912617834));
#5653 = VECTOR('',#5654,1.);
#5654 = DIRECTION('',(-0.497366284385,4.864463937987E-02,-0.866175777898
    ));
#5655 = PCURVE('',#5539,#5656);
#5656 = DEFINITIONAL_REPRESENTATION('',(#5657),#5661);
#5657 = LINE('',#5658,#5659);
#5658 = CARTESIAN_POINT('',(-2.527238873253,-3.120718656103));
#5659 = VECTOR('',#5660,1.);
#5660 = DIRECTION('',(0.998807151251,-4.882903449308E-02));
#5661 = ( GEOMETRIC_REPRESENTATION_CONTEXT(2) 
PARAMETRIC_REPRESENTATION_CONTEXT() REPRESENTATION_CONTEXT('2D SPACE',''
  ) );
#5662 = ORIENTED_EDGE('',*,*,#5663,.T.);
#5663 = EDGE_CURVE('',#5648,#5664,#5666,.T.);
#5664 = VERTEX_POINT('',#5665);
#5665 = CARTESIAN_POINT('',(-1.573131359741,27.85732357103,
    -17.26295376343));
#5666 = SURFACE_CURVE('',#5667,(#5671),.PCURVE_S1.);
#5667 = LINE('',#5668,#5669);
#5668 = CARTESIAN_POINT('',(0.974596909904,28.112748163242,
    -12.73704623656));
#5669 = VECTOR('',#5670,1.);
#5670 = DIRECTION('',(-0.489947744163,-4.9120113887E-02,-0.87036683209)
  );
#5671 = PCURVE('',#5539,#5672);
#5672 = DEFINITIONAL_REPRESENTATION('',(#5673),#5677);
#5673 = LINE('',#5674,#5675);
#5674 = CARTESIAN_POINT('',(-2.448918696688,-3.124547521964));
#5675 = VECTOR('',#5676,1.);
#5676 = DIRECTION('',(0.998783704142,4.930631136068E-02));
#5677 = ( GEOMETRIC_REPRESENTATION_CONTEXT(2) 
PARAMETRIC_REPRESENTATION_CONTEXT() REPRESENTATION_CONTEXT('2D SPACE',''
  ) );
#5678 = ORIENTED_EDGE('',*,*,#5679,.T.);
#5679 = EDGE_CURVE('',#5664,#5680,#5682,.T.);
#5680 = VERTEX_POINT('',#5681);
#5681 = CARTESIAN_POINT('',(-1.610598273571,27.845842877206,
    -17.33087382165));
#5682 = SURFACE_CURVE('',#5683,(#5687),.PCURVE_S1.);
#5683 = LINE('',#5684,#5685);
#5684 = CARTESIAN_POINT('',(-1.573131359741,27.85732357103,
    -17.26295376343));
#5685 = VECTOR('',#5686,1.);
#5686 = DIRECTION('',(-0.477810739331,-0.146411813605,-0.866175777898));
#5687 = PCURVE('',#5539,#5688);
#5688 = DEFINITIONAL_REPRESENTATION('',(#5689),#5693);
#5689 = LINE('',#5690,#5691);
#5690 = CARTESIAN_POINT('',(2.744756564852,-2.868154702889));
#5691 = VECTOR('',#5692,1.);
#5692 = DIRECTION('',(0.989141423972,0.146966810483));
#5693 = ( GEOMETRIC_REPRESENTATION_CONTEXT(2) 
PARAMETRIC_REPRESENTATION_CONTEXT() REPRESENTATION_CONTEXT('2D SPACE',''
  ) );
#5694 = ORIENTED_EDGE('',*,*,#5695,.T.);
#5695 = EDGE_CURVE('',#5680,#5696,#5698,.T.);
#5696 = VERTEX_POINT('',#5697);
#5697 = CARTESIAN_POINT('',(-1.645091932032,27.819508279428,
    -17.39618375012));
#5698 = SURFACE_CURVE('',#5699,(#5703),.PCURVE_S1.);
#5699 = LINE('',#5700,#5701);
#5700 = CARTESIAN_POINT('',(-1.610598273571,27.845842877206,
    -17.33087382165));
#5701 = VECTOR('',#5702,1.);
#5702 = DIRECTION('',(-0.439893195524,-0.335841742702,-0.83288912851));
#5703 = PCURVE('',#5539,#5704);
#5704 = DEFINITIONAL_REPRESENTATION('',(#5705),#5709);
#5705 = LINE('',#5706,#5707);
#5706 = CARTESIAN_POINT('',(2.822318815859,-2.856630489699));
#5707 = VECTOR('',#5708,1.);
#5708 = DIRECTION('',(0.941463546486,0.337114803351));
#5709 = ( GEOMETRIC_REPRESENTATION_CONTEXT(2) 
PARAMETRIC_REPRESENTATION_CONTEXT() REPRESENTATION_CONTEXT('2D SPACE',''
  ) );
#5710 = ORIENTED_EDGE('',*,*,#5711,.T.);
#5711 = EDGE_CURVE('',#5696,#5712,#5714,.T.);
#5712 = VERTEX_POINT('',#5713);
#5713 = CARTESIAN_POINT('',(-1.675286763172,27.779331801519,
    -17.45637372492));
#5714 = SURFACE_CURVE('',#5715,(#5719),.PCURVE_S1.);
#5715 = LINE('',#5716,#5717);
#5716 = CARTESIAN_POINT('',(-1.645091932032,27.819508279428,
    -17.39618375012));
#5717 = VECTOR('',#5718,1.);
#5718 = DIRECTION('',(-0.385070802908,-0.51236546197,-0.767595017003));
#5719 = PCURVE('',#5539,#5720);
#5720 = DEFINITIONAL_REPRESENTATION('',(#5721),#5725);
#5721 = LINE('',#5722,#5723);
#5722 = CARTESIAN_POINT('',(2.8961424675,-2.83019606651));
#5723 = VECTOR('',#5724,1.);
#5724 = DIRECTION('',(0.857605752887,0.514307663383));
#5725 = ( GEOMETRIC_REPRESENTATION_CONTEXT(2) 
PARAMETRIC_REPRESENTATION_CONTEXT() REPRESENTATION_CONTEXT('2D SPACE',''
  ) );
#5726 = ORIENTED_EDGE('',*,*,#5727,.T.);
#5727 = EDGE_CURVE('',#5712,#5728,#5730,.T.);
#5728 = VERTEX_POINT('',#5729);
#5729 = CARTESIAN_POINT('',(-1.700022396565,27.726857402995,
    -17.50913067906));
#5730 = SURFACE_CURVE('',#5731,(#5735),.PCURVE_S1.);
#5731 = LINE('',#5732,#5733);
#5732 = CARTESIAN_POINT('',(-1.675286763172,27.779331801519,
    -17.45637372492));
#5733 = VECTOR('',#5734,1.);
#5734 = DIRECTION('',(-0.315450355286,-0.669199263871,-0.672802659466));
#5735 = PCURVE('',#5539,#5736);
#5736 = DEFINITIONAL_REPRESENTATION('',(#5737),#5741);
#5737 = LINE('',#5738,#5739);
#5738 = CARTESIAN_POINT('',(2.963390518243,-2.789867293378));
#5739 = VECTOR('',#5740,1.);
#5740 = DIRECTION('',(0.740790651156,0.671735968338));
#5741 = ( GEOMETRIC_REPRESENTATION_CONTEXT(2) 
PARAMETRIC_REPRESENTATION_CONTEXT() REPRESENTATION_CONTEXT('2D SPACE',''
  ) );
#5742 = ORIENTED_EDGE('',*,*,#5743,.T.);
#5743 = EDGE_CURVE('',#5728,#5744,#5746,.T.);
#5744 = VERTEX_POINT('',#5745);
#5745 = CARTESIAN_POINT('',(-1.718348255691,27.664101645562,
    -17.5524271924));
#5746 = SURFACE_CURVE('',#5747,(#5751),.PCURVE_S1.);
#5747 = LINE('',#5748,#5749);
#5748 = CARTESIAN_POINT('',(-1.700022396565,27.726857402995,
    -17.50913067906));
#5749 = VECTOR('',#5750,1.);
#5750 = DIRECTION('',(-0.233707327418,-0.800316113354,-0.552154873036));
#5751 = PCURVE('',#5539,#5752);
#5752 = DEFINITIONAL_REPRESENTATION('',(#5753),#5757);
#5753 = LINE('',#5754,#5755);
#5754 = CARTESIAN_POINT('',(3.02147866321,-2.73719398244));
#5755 = VECTOR('',#5756,1.);
#5756 = DIRECTION('',(0.595507380141,0.803349836744));
#5757 = ( GEOMETRIC_REPRESENTATION_CONTEXT(2) 
PARAMETRIC_REPRESENTATION_CONTEXT() REPRESENTATION_CONTEXT('2D SPACE',''
  ) );
#5758 = ORIENTED_EDGE('',*,*,#5759,.T.);
#5759 = EDGE_CURVE('',#5744,#5760,#5762,.T.);
#5760 = VERTEX_POINT('',#5761);
#5761 = CARTESIAN_POINT('',(-1.729560088061,27.593476197786,
    -17.58459940421));
#5762 = SURFACE_CURVE('',#5763,(#5767),.PCURVE_S1.);
#5763 = LINE('',#5764,#5765);
#5764 = CARTESIAN_POINT('',(-1.718348255691,27.664101645562,
    -17.5524271924));
#5765 = VECTOR('',#5766,1.);
#5766 = DIRECTION('',(-0.142983058021,-0.900677263422,-0.410288084489));
#5767 = PCURVE('',#5539,#5768);
#5768 = DEFINITIONAL_REPRESENTATION('',(#5769),#5773);
#5769 = LINE('',#5770,#5771);
#5770 = CARTESIAN_POINT('',(3.068174607567,-2.674200339494));
#5771 = VECTOR('',#5772,1.);
#5772 = DIRECTION('',(0.427339094472,0.904091421448));
#5773 = ( GEOMETRIC_REPRESENTATION_CONTEXT(2) 
PARAMETRIC_REPRESENTATION_CONTEXT() REPRESENTATION_CONTEXT('2D SPACE',''
  ) );
#5774 = ORIENTED_EDGE('',*,*,#5775,.T.);
#5775 = EDGE_CURVE('',#5760,#5776,#5778,.T.);
#5776 = VERTEX_POINT('',#5777);
#5777 = CARTESIAN_POINT('',(-1.733227029245,27.517695156016,
    -17.60441095441));
#5778 = SURFACE_CURVE('',#5779,(#5783),.PCURVE_S1.);
#5779 = LINE('',#5780,#5781);
#5780 = CARTESIAN_POINT('',(-1.729560088061,27.593476197786,
    -17.58459940421));
#5781 = VECTOR('',#5782,1.);
#5782 = DIRECTION('',(-4.676402989012E-02,-0.966425891363,
    -0.252654154946));
#5783 = PCURVE('',#5539,#5784);
#5784 = DEFINITIONAL_REPRESENTATION('',(#5785),#5789);
#5785 = LINE('',#5786,#5787);
#5786 = CARTESIAN_POINT('',(3.10168385236,-2.603307174913));
#5787 = VECTOR('',#5788,1.);
#5788 = DIRECTION('',(0.242748407057,0.970089279846));
#5789 = ( GEOMETRIC_REPRESENTATION_CONTEXT(2) 
PARAMETRIC_REPRESENTATION_CONTEXT() REPRESENTATION_CONTEXT('2D SPACE',''
  ) );
#5790 = ORIENTED_EDGE('',*,*,#5791,.T.);
#5791 = EDGE_CURVE('',#5776,#5792,#5794,.T.);
#5792 = VERTEX_POINT('',#5793);
#5793 = CARTESIAN_POINT('',(-1.72920816075,27.43967074319,
    -17.61110049626));
#5794 = SURFACE_CURVE('',#5795,(#5799),.PCURVE_S1.);
#5795 = LINE('',#5796,#5797);
#5796 = CARTESIAN_POINT('',(-1.733227029245,27.517695156016,
    -17.60441095441));
#5797 = VECTOR('',#5798,1.);
#5798 = DIRECTION('',(5.125211368369E-02,-0.995035314277,
    -8.531086791913E-02));
#5799 = PCURVE('',#5539,#5800);
#5800 = DEFINITIONAL_REPRESENTATION('',(#5801),#5805);
#5801 = LINE('',#5802,#5803);
#5802 = CARTESIAN_POINT('',(3.120718656104,-2.527238873253));
#5803 = VECTOR('',#5804,1.);
#5804 = DIRECTION('',(4.882903449309E-02,0.998807151251));
#5805 = ( GEOMETRIC_REPRESENTATION_CONTEXT(2) 
PARAMETRIC_REPRESENTATION_CONTEXT() REPRESENTATION_CONTEXT('2D SPACE',''
  ) );
#5806 = ORIENTED_EDGE('',*,*,#5807,.T.);
#5807 = EDGE_CURVE('',#5792,#5808,#5810,.T.);
#5808 = VERTEX_POINT('',#5809);
#5809 = CARTESIAN_POINT('',(-1.210478304225,22.265608573488,
    -17.61110049626));
#5810 = SURFACE_CURVE('',#5811,(#5815),.PCURVE_S1.);
#5811 = LINE('',#5812,#5813);
#5812 = CARTESIAN_POINT('',(-1.72920816075,27.43967074319,
    -17.61110049626));
#5813 = VECTOR('',#5814,1.);
#5814 = DIRECTION('',(9.975574163943E-02,-0.995011955712,0.));
#5815 = PCURVE('',#5539,#5816);
#5816 = DEFINITIONAL_REPRESENTATION('',(#5817),#5821);
#5817 = LINE('',#5818,#5819);
#5818 = CARTESIAN_POINT('',(3.124547521964,-2.448918696688));
#5819 = VECTOR('',#5820,1.);
#5820 = DIRECTION('',(-4.930631136068E-02,0.998783704142));
#5821 = ( GEOMETRIC_REPRESENTATION_CONTEXT(2) 
PARAMETRIC_REPRESENTATION_CONTEXT() REPRESENTATION_CONTEXT('2D SPACE',''
  ) );
#5822 = ORIENTED_EDGE('',*,*,#5823,.T.);
#5823 = EDGE_CURVE('',#5808,#5824,#5826,.T.);
#5824 = VERTEX_POINT('',#5825);
#5825 = CARTESIAN_POINT('',(-1.198928068913,22.188339224034,
    -17.60441095441));
#5826 = SURFACE_CURVE('',#5827,(#5831),.PCURVE_S1.);
#5827 = LINE('',#5828,#5829);
#5828 = CARTESIAN_POINT('',(-1.210478304225,22.265608573488,
    -17.61110049626));
#5829 = VECTOR('',#5830,1.);
#5830 = DIRECTION('',(0.147298667271,-0.985406088085,8.531086791913E-02)
  );
#5831 = PCURVE('',#5539,#5832);
#5832 = DEFINITIONAL_REPRESENTATION('',(#5833),#5837);
#5833 = LINE('',#5834,#5835);
#5834 = CARTESIAN_POINT('',(2.868154702889,2.744756564852));
#5835 = VECTOR('',#5836,1.);
#5836 = DIRECTION('',(-0.146966810482,0.989141423972));
#5837 = ( GEOMETRIC_REPRESENTATION_CONTEXT(2) 
PARAMETRIC_REPRESENTATION_CONTEXT() REPRESENTATION_CONTEXT('2D SPACE',''
  ) );
#5838 = ORIENTED_EDGE('',*,*,#5839,.T.);
#5839 = EDGE_CURVE('',#5824,#5840,#5842,.T.);
#5840 = VERTEX_POINT('',#5841);
#5841 = CARTESIAN_POINT('',(-1.180290335849,22.114794355718,
    -17.58459940421));
#5842 = SURFACE_CURVE('',#5843,(#5847),.PCURVE_S1.);
#5843 = LINE('',#5844,#5845);
#5844 = CARTESIAN_POINT('',(-1.198928068913,22.188339224034,
    -17.60441095441));
#5845 = VECTOR('',#5846,1.);
#5846 = DIRECTION('',(0.237684615681,-0.93790825855,0.252654154946));
#5847 = PCURVE('',#5539,#5848);
#5848 = DEFINITIONAL_REPRESENTATION('',(#5849),#5853);
#5849 = LINE('',#5850,#5851);
#5850 = CARTESIAN_POINT('',(2.856630489699,2.822318815859));
#5851 = VECTOR('',#5852,1.);
#5852 = DIRECTION('',(-0.337114803351,0.941463546486));
#5853 = ( GEOMETRIC_REPRESENTATION_CONTEXT(2) 
PARAMETRIC_REPRESENTATION_CONTEXT() REPRESENTATION_CONTEXT('2D SPACE',''
  ) );
#5854 = ORIENTED_EDGE('',*,*,#5855,.T.);
#5855 = EDGE_CURVE('',#5840,#5856,#5858,.T.);
#5856 = VERTEX_POINT('',#5857);
#5857 = CARTESIAN_POINT('',(-1.155281342664,22.047800256586,
    -17.5524271924));
#5858 = SURFACE_CURVE('',#5859,(#5863),.PCURVE_S1.);
#5859 = LINE('',#5860,#5861);
#5860 = CARTESIAN_POINT('',(-1.180290335849,22.114794355718,
    -17.58459940421));
#5861 = VECTOR('',#5862,1.);
#5862 = DIRECTION('',(0.318936477606,-0.854367140624,0.410288084489));
#5863 = PCURVE('',#5539,#5864);
#5864 = DEFINITIONAL_REPRESENTATION('',(#5865),#5869);
#5865 = LINE('',#5866,#5867);
#5866 = CARTESIAN_POINT('',(2.83019606651,2.8961424675));
#5867 = VECTOR('',#5868,1.);
#5868 = DIRECTION('',(-0.514307663383,0.857605752887));
#5869 = ( GEOMETRIC_REPRESENTATION_CONTEXT(2) 
PARAMETRIC_REPRESENTATION_CONTEXT() REPRESENTATION_CONTEXT('2D SPACE',''
  ) );
#5870 = ORIENTED_EDGE('',*,*,#5871,.T.);
#5871 = EDGE_CURVE('',#5856,#5872,#5874,.T.);
#5872 = VERTEX_POINT('',#5873);
#5873 = CARTESIAN_POINT('',(-1.12486217094,21.989931472295,
    -17.50913067906));
#5874 = SURFACE_CURVE('',#5875,(#5879),.PCURVE_S1.);
#5875 = LINE('',#5876,#5877);
#5876 = CARTESIAN_POINT('',(-1.155281342664,22.047800256586,
    -17.5524271924));
#5877 = VECTOR('',#5878,1.);
#5878 = DIRECTION('',(0.387931789558,-0.737993172619,0.552154873036));
#5879 = PCURVE('',#5539,#5880);
#5880 = DEFINITIONAL_REPRESENTATION('',(#5881),#5885);
#5881 = LINE('',#5882,#5883);
#5882 = CARTESIAN_POINT('',(2.789867293378,2.963390518243));
#5883 = VECTOR('',#5884,1.);
#5884 = DIRECTION('',(-0.671735968338,0.740790651156));
#5885 = ( GEOMETRIC_REPRESENTATION_CONTEXT(2) 
PARAMETRIC_REPRESENTATION_CONTEXT() REPRESENTATION_CONTEXT('2D SPACE',''
  ) );
#5886 = ORIENTED_EDGE('',*,*,#5887,.T.);
#5887 = EDGE_CURVE('',#5872,#5888,#5890,.T.);
#5888 = VERTEX_POINT('',#5889);
#5889 = CARTESIAN_POINT('',(-1.090201812386,21.943411867774,
    -17.45637372492));
#5890 = SURFACE_CURVE('',#5891,(#5895),.PCURVE_S1.);
#5891 = LINE('',#5892,#5893);
#5892 = CARTESIAN_POINT('',(-1.12486217094,21.989931472295,
    -17.50913067906));
#5893 = VECTOR('',#5894,1.);
#5894 = DIRECTION('',(0.442019100392,-0.593258540861,0.672802659465));
#5895 = PCURVE('',#5539,#5896);
#5896 = DEFINITIONAL_REPRESENTATION('',(#5897),#5901);
#5897 = LINE('',#5898,#5899);
#5898 = CARTESIAN_POINT('',(2.73719398244,3.02147866321));
#5899 = VECTOR('',#5900,1.);
#5900 = DIRECTION('',(-0.803349836744,0.595507380141));
#5901 = ( GEOMETRIC_REPRESENTATION_CONTEXT(2) 
PARAMETRIC_REPRESENTATION_CONTEXT() REPRESENTATION_CONTEXT('2D SPACE',''
  ) );
#5902 = ORIENTED_EDGE('',*,*,#5903,.T.);
#5903 = EDGE_CURVE('',#5888,#5904,#5906,.T.);
#5904 = VERTEX_POINT('',#5905);
#5905 = CARTESIAN_POINT('',(-1.052632245146,21.910029165336,
    -17.39618375012));
#5906 = SURFACE_CURVE('',#5907,(#5911),.PCURVE_S1.);
#5907 = LINE('',#5908,#5909);
#5908 = CARTESIAN_POINT('',(-1.090201812386,21.943411867774,
    -17.45637372492));
#5909 = VECTOR('',#5910,1.);
#5910 = DIRECTION('',(0.479119865085,-0.425725316081,0.767595017003));
#5911 = PCURVE('',#5539,#5912);
#5912 = DEFINITIONAL_REPRESENTATION('',(#5913),#5917);
#5913 = LINE('',#5914,#5915);
#5914 = CARTESIAN_POINT('',(2.674200339494,3.068174607567));
#5915 = VECTOR('',#5916,1.);
#5916 = DIRECTION('',(-0.904091421448,0.427339094472));
#5917 = ( GEOMETRIC_REPRESENTATION_CONTEXT(2) 
PARAMETRIC_REPRESENTATION_CONTEXT() REPRESENTATION_CONTEXT('2D SPACE',''
  ) );
#5918 = ORIENTED_EDGE('',*,*,#5919,.T.);
#5919 = EDGE_CURVE('',#5904,#5920,#5922,.T.);
#5920 = VERTEX_POINT('',#5921);
#5921 = CARTESIAN_POINT('',(-1.013597246618,21.891066243513,
    -17.33087382165));
#5922 = SURFACE_CURVE('',#5923,(#5927),.PCURVE_S1.);
#5923 = LINE('',#5924,#5925);
#5924 = CARTESIAN_POINT('',(-1.052632245146,21.910029165336,
    -17.39618375012));
#5925 = VECTOR('',#5926,1.);
#5926 = DIRECTION('',(0.497808322056,-0.241831706154,0.83288912851));
#5927 = PCURVE('',#5539,#5928);
#5928 = DEFINITIONAL_REPRESENTATION('',(#5929),#5933);
#5929 = LINE('',#5930,#5931);
#5930 = CARTESIAN_POINT('',(2.603307174913,3.10168385236));
#5931 = VECTOR('',#5932,1.);
#5932 = DIRECTION('',(-0.970089279846,0.242748407057));
#5933 = ( GEOMETRIC_REPRESENTATION_CONTEXT(2) 
PARAMETRIC_REPRESENTATION_CONTEXT() REPRESENTATION_CONTEXT('2D SPACE',''
  ) );
#5934 = ORIENTED_EDGE('',*,*,#5935,.T.);
#5935 = EDGE_CURVE('',#5920,#5936,#5938,.T.);
#5936 = VERTEX_POINT('',#5937);
#5937 = CARTESIAN_POINT('',(-0.974596909904,21.887251836758,
    -17.26295376343));
#5938 = SURFACE_CURVE('',#5939,(#5943),.PCURVE_S1.);
#5939 = LINE('',#5940,#5941);
#5940 = CARTESIAN_POINT('',(-1.013597246618,21.891066243513,
    -17.33087382165));
#5941 = VECTOR('',#5942,1.);
#5942 = DIRECTION('',(0.497366284385,-4.864463937988E-02,0.866175777898)
  );
#5943 = PCURVE('',#5539,#5944);
#5944 = DEFINITIONAL_REPRESENTATION('',(#5945),#5949);
#5945 = LINE('',#5946,#5947);
#5946 = CARTESIAN_POINT('',(2.527238873253,3.120718656104));
#5947 = VECTOR('',#5948,1.);
#5948 = DIRECTION('',(-0.998807151251,4.882903449308E-02));
#5949 = ( GEOMETRIC_REPRESENTATION_CONTEXT(2) 
PARAMETRIC_REPRESENTATION_CONTEXT() REPRESENTATION_CONTEXT('2D SPACE',''
  ) );
#5950 = ORIENTED_EDGE('',*,*,#5951,.T.);
#5951 = EDGE_CURVE('',#5936,#5952,#5954,.T.);
#5952 = VERTEX_POINT('',#5953);
#5953 = CARTESIAN_POINT('',(1.573131359741,22.14267642897,
    -12.73704623656));
#5954 = SURFACE_CURVE('',#5955,(#5959),.PCURVE_S1.);
#5955 = LINE('',#5956,#5957);
#5956 = CARTESIAN_POINT('',(-0.974596909904,21.887251836758,
    -17.26295376343));
#5957 = VECTOR('',#5958,1.);
#5958 = DIRECTION('',(0.489947744163,4.9120113887E-02,0.87036683209));
#5959 = PCURVE('',#5539,#5960);
#5960 = DEFINITIONAL_REPRESENTATION('',(#5961),#5965);
#5961 = LINE('',#5962,#5963);
#5962 = CARTESIAN_POINT('',(2.448918696688,3.124547521964));
#5963 = VECTOR('',#5964,1.);
#5964 = DIRECTION('',(-0.998783704142,-4.930631136068E-02));
#5965 = ( GEOMETRIC_REPRESENTATION_CONTEXT(2) 
PARAMETRIC_REPRESENTATION_CONTEXT() REPRESENTATION_CONTEXT('2D SPACE',''
  ) );
#5966 = ORIENTED_EDGE('',*,*,#5967,.T.);
#5967 = EDGE_CURVE('',#5952,#5968,#5970,.T.);
#5968 = VERTEX_POINT('',#5969);
#5969 = CARTESIAN_POINT('',(1.610598273571,22.154157122794,
    -12.66912617834));
#5970 = SURFACE_CURVE('',#5971,(#5975),.PCURVE_S1.);
#5971 = LINE('',#5972,#5973);
#5972 = CARTESIAN_POINT('',(1.573131359741,22.14267642897,
    -12.73704623656));
#5973 = VECTOR('',#5974,1.);
#5974 = DIRECTION('',(0.477810739331,0.146411813605,0.866175777898));
#5975 = PCURVE('',#5539,#5976);
#5976 = DEFINITIONAL_REPRESENTATION('',(#5977),#5981);
#5977 = LINE('',#5978,#5979);
#5978 = CARTESIAN_POINT('',(-2.744756564852,2.868154702889));
#5979 = VECTOR('',#5980,1.);
#5980 = DIRECTION('',(-0.989141423972,-0.146966810483));
#5981 = ( GEOMETRIC_REPRESENTATION_CONTEXT(2) 
PARAMETRIC_REPRESENTATION_CONTEXT() REPRESENTATION_CONTEXT('2D SPACE',''
  ) );
#5982 = ORIENTED_EDGE('',*,*,#5983,.T.);
#5983 = EDGE_CURVE('',#5968,#5984,#5986,.T.);
#5984 = VERTEX_POINT('',#5985);
#5985 = CARTESIAN_POINT('',(1.645091932032,22.180491720572,
    -12.60381624987));
#5986 = SURFACE_CURVE('',#5987,(#5991),.PCURVE_S1.);
#5987 = LINE('',#5988,#5989);
#5988 = CARTESIAN_POINT('',(1.610598273571,22.154157122794,
    -12.66912617834));
#5989 = VECTOR('',#5990,1.);
#5990 = DIRECTION('',(0.439893195524,0.335841742702,0.83288912851));
#5991 = PCURVE('',#5539,#5992);
#5992 = DEFINITIONAL_REPRESENTATION('',(#5993),#5997);
#5993 = LINE('',#5994,#5995);
#5994 = CARTESIAN_POINT('',(-2.822318815859,2.856630489699));
#5995 = VECTOR('',#5996,1.);
#5996 = DIRECTION('',(-0.941463546486,-0.337114803351));
#5997 = ( GEOMETRIC_REPRESENTATION_CONTEXT(2) 
PARAMETRIC_REPRESENTATION_CONTEXT() REPRESENTATION_CONTEXT('2D SPACE',''
  ) );
#5998 = ORIENTED_EDGE('',*,*,#5999,.T.);
#5999 = EDGE_CURVE('',#5984,#6000,#6002,.T.);
#6000 = VERTEX_POINT('',#6001);
#6001 = CARTESIAN_POINT('',(1.675286763172,22.220668198481,
    -12.54362627508));
#6002 = SURFACE_CURVE('',#6003,(#6007),.PCURVE_S1.);
#6003 = LINE('',#6004,#6005);
#6004 = CARTESIAN_POINT('',(1.645091932032,22.180491720572,
    -12.60381624987));
#6005 = VECTOR('',#6006,1.);
#6006 = DIRECTION('',(0.385070802908,0.51236546197,0.767595017003));
#6007 = PCURVE('',#5539,#6008);
#6008 = DEFINITIONAL_REPRESENTATION('',(#6009),#6013);
#6009 = LINE('',#6010,#6011);
#6010 = CARTESIAN_POINT('',(-2.8961424675,2.83019606651));
#6011 = VECTOR('',#6012,1.);
#6012 = DIRECTION('',(-0.857605752887,-0.514307663383));
#6013 = ( GEOMETRIC_REPRESENTATION_CONTEXT(2) 
PARAMETRIC_REPRESENTATION_CONTEXT() REPRESENTATION_CONTEXT('2D SPACE',''
  ) );
#6014 = ORIENTED_EDGE('',*,*,#6015,.T.);
#6015 = EDGE_CURVE('',#6000,#6016,#6018,.T.);
#6016 = VERTEX_POINT('',#6017);
#6017 = CARTESIAN_POINT('',(1.700022396565,22.273142597005,
    -12.49086932093));
#6018 = SURFACE_CURVE('',#6019,(#6023),.PCURVE_S1.);
#6019 = LINE('',#6020,#6021);
#6020 = CARTESIAN_POINT('',(1.675286763172,22.220668198481,
    -12.54362627508));
#6021 = VECTOR('',#6022,1.);
#6022 = DIRECTION('',(0.315450355286,0.669199263871,0.672802659466));
#6023 = PCURVE('',#5539,#6024);
#6024 = DEFINITIONAL_REPRESENTATION('',(#6025),#6029);
#6025 = LINE('',#6026,#6027);
#6026 = CARTESIAN_POINT('',(-2.963390518243,2.789867293378));
#6027 = VECTOR('',#6028,1.);
#6028 = DIRECTION('',(-0.740790651156,-0.671735968338));
#6029 = ( GEOMETRIC_REPRESENTATION_CONTEXT(2) 
PARAMETRIC_REPRESENTATION_CONTEXT() REPRESENTATION_CONTEXT('2D SPACE',''
  ) );
#6030 = ORIENTED_EDGE('',*,*,#6031,.T.);
#6031 = EDGE_CURVE('',#6016,#6032,#6034,.T.);
#6032 = VERTEX_POINT('',#6033);
#6033 = CARTESIAN_POINT('',(1.718348255691,22.335898354438,
    -12.44757280759));
#6034 = SURFACE_CURVE('',#6035,(#6039),.PCURVE_S1.);
#6035 = LINE('',#6036,#6037);
#6036 = CARTESIAN_POINT('',(1.700022396565,22.273142597005,
    -12.49086932093));
#6037 = VECTOR('',#6038,1.);
#6038 = DIRECTION('',(0.233707327418,0.800316113354,0.552154873036));
#6039 = PCURVE('',#5539,#6040);
#6040 = DEFINITIONAL_REPRESENTATION('',(#6041),#6045);
#6041 = LINE('',#6042,#6043);
#6042 = CARTESIAN_POINT('',(-3.02147866321,2.73719398244));
#6043 = VECTOR('',#6044,1.);
#6044 = DIRECTION('',(-0.595507380141,-0.803349836744));
#6045 = ( GEOMETRIC_REPRESENTATION_CONTEXT(2) 
PARAMETRIC_REPRESENTATION_CONTEXT() REPRESENTATION_CONTEXT('2D SPACE',''
  ) );
#6046 = ORIENTED_EDGE('',*,*,#6047,.T.);
#6047 = EDGE_CURVE('',#6032,#6048,#6050,.T.);
#6048 = VERTEX_POINT('',#6049);
#6049 = CARTESIAN_POINT('',(1.729560088061,22.406523802214,
    -12.41540059578));
#6050 = SURFACE_CURVE('',#6051,(#6055),.PCURVE_S1.);
#6051 = LINE('',#6052,#6053);
#6052 = CARTESIAN_POINT('',(1.718348255691,22.335898354438,
    -12.44757280759));
#6053 = VECTOR('',#6054,1.);
#6054 = DIRECTION('',(0.142983058021,0.900677263422,0.410288084489));
#6055 = PCURVE('',#5539,#6056);
#6056 = DEFINITIONAL_REPRESENTATION('',(#6057),#6061);
#6057 = LINE('',#6058,#6059);
#6058 = CARTESIAN_POINT('',(-3.068174607567,2.674200339494));
#6059 = VECTOR('',#6060,1.);
#6060 = DIRECTION('',(-0.427339094472,-0.904091421448));
#6061 = ( GEOMETRIC_REPRESENTATION_CONTEXT(2) 
PARAMETRIC_REPRESENTATION_CONTEXT() REPRESENTATION_CONTEXT('2D SPACE',''
  ) );
#6062 = ORIENTED_EDGE('',*,*,#6063,.T.);
#6063 = EDGE_CURVE('',#6048,#6064,#6066,.T.);
#6064 = VERTEX_POINT('',#6065);
#6065 = CARTESIAN_POINT('',(1.733227029245,22.482304843984,
    -12.39558904558));
#6066 = SURFACE_CURVE('',#6067,(#6071),.PCURVE_S1.);
#6067 = LINE('',#6068,#6069);
#6068 = CARTESIAN_POINT('',(1.729560088061,22.406523802214,
    -12.41540059578));
#6069 = VECTOR('',#6070,1.);
#6070 = DIRECTION('',(4.676402989012E-02,0.966425891363,0.252654154946)
  );
#6071 = PCURVE('',#5539,#6072);
#6072 = DEFINITIONAL_REPRESENTATION('',(#6073),#6077);
#6073 = LINE('',#6074,#6075);
#6074 = CARTESIAN_POINT('',(-3.10168385236,2.603307174913));
#6075 = VECTOR('',#6076,1.);
#6076 = DIRECTION('',(-0.242748407057,-0.970089279846));
#6077 = ( GEOMETRIC_REPRESENTATION_CONTEXT(2) 
PARAMETRIC_REPRESENTATION_CONTEXT() REPRESENTATION_CONTEXT('2D SPACE',''
  ) );
#6078 = ORIENTED_EDGE('',*,*,#6079,.T.);
#6079 = EDGE_CURVE('',#6064,#6080,#6082,.T.);
#6080 = VERTEX_POINT('',#6081);
#6081 = CARTESIAN_POINT('',(1.72920816075,22.56032925681,-12.38889950373
    ));
#6082 = SURFACE_CURVE('',#6083,(#6087),.PCURVE_S1.);
#6083 = LINE('',#6084,#6085);
#6084 = CARTESIAN_POINT('',(1.733227029245,22.482304843984,
    -12.39558904558));
#6085 = VECTOR('',#6086,1.);
#6086 = DIRECTION('',(-5.125211368369E-02,0.995035314277,
    8.531086791913E-02));
#6087 = PCURVE('',#5539,#6088);
#6088 = DEFINITIONAL_REPRESENTATION('',(#6089),#6093);
#6089 = LINE('',#6090,#6091);
#6090 = CARTESIAN_POINT('',(-3.120718656104,2.527238873253));
#6091 = VECTOR('',#6092,1.);
#6092 = DIRECTION('',(-4.882903449309E-02,-0.998807151251));
#6093 = ( GEOMETRIC_REPRESENTATION_CONTEXT(2) 
PARAMETRIC_REPRESENTATION_CONTEXT() REPRESENTATION_CONTEXT('2D SPACE',''
  ) );
#6094 = ORIENTED_EDGE('',*,*,#6095,.T.);
#6095 = EDGE_CURVE('',#6080,#5529,#6096,.T.);
#6096 = SURFACE_CURVE('',#6097,(#6101),.PCURVE_S1.);
#6097 = LINE('',#6098,#6099);
#6098 = CARTESIAN_POINT('',(1.72920816075,22.56032925681,-12.38889950373
    ));
#6099 = VECTOR('',#6100,1.);
#6100 = DIRECTION('',(-9.975574163943E-02,0.995011955712,0.));
#6101 = PCURVE('',#5539,#6102);
#6102 = DEFINITIONAL_REPRESENTATION('',(#6103),#6107);
#6103 = LINE('',#6104,#6105);
#6104 = CARTESIAN_POINT('',(-3.124547521964,2.448918696688));
#6105 = VECTOR('',#6106,1.);
#6106 = DIRECTION('',(4.930631136068E-02,-0.998783704142));
#6107 = ( GEOMETRIC_REPRESENTATION_CONTEXT(2) 
PARAMETRIC_REPRESENTATION_CONTEXT() REPRESENTATION_CONTEXT('2D SPACE',''
  ) );
#6108 = ( GEOMETRIC_REPRESENTATION_CONTEXT(3) 
GLOBAL_UNCERTAINTY_ASSIGNED_CONTEXT((#6112)) 
GLOBAL_UNIT_ASSIGNED_CONTEXT((#6109,#6110,#6111)) REPRESENTATION_CONTEXT
('Context #1','3D Context with UNIT and UNCERTAINTY') );
#6109 = ( LENGTH_UNIT() NAMED_UNIT(*) SI_UNIT(.MILLI.,.METRE.) );
#6110 = ( NAMED_UNIT(*) PLANE_ANGLE_UNIT() SI_UNIT($,.RADIAN.) );
#6111 = ( NAMED_UNIT(*) SI_UNIT($,.STERADIAN.) SOLID_ANGLE_UNIT() );
#6112 = UNCERTAINTY_MEASURE_WITH_UNIT(LENGTH_MEASURE(1.E-07),#6109,
  'distance_accuracy_value','confusion accuracy');
#6113 = CONTEXT_DEPENDENT_SHAPE_REPRESENTATION(#6114,#6116);
#6114 = ( REPRESENTATION_RELATIONSHIP('','',#5521,#10) 
REPRESENTATION_RELATIONSHIP_WITH_TRANSFORMATION(#6115) 
SHAPE_REPRESENTATION_RELATIONSHIP() );
#6115 = ITEM_DEFINED_TRANSFORMATION('','',#11,#51);
#6116 = PRODUCT_DEFINITION_SHAPE('Placement','Placement of an item',
  #6117);
#6117 = NEXT_ASSEMBLY_USAGE_OCCURRENCE('10','','',#5,#5516,$);
#6118 = PRODUCT_RELATED_PRODUCT_CATEGORY('part',$,(#5518));
#6119 = SHAPE_DEFINITION_REPRESENTATION(#6120,#6126);
#6120 = PRODUCT_DEFINITION_SHAPE('','',#6121);
#6121 = PRODUCT_DEFINITION('design','',#6122,#6125);
#6122 = PRODUCT_DEFINITION_FORMATION('','',#6123);
#6123 = PRODUCT('Open CASCADE STEP translator 7.8 1.11',
  'Open CASCADE STEP translator 7.8 1.11','',(#6124));
#6124 = PRODUCT_CONTEXT('',#2,'mechanical');
#6125 = PRODUCT_DEFINITION_CONTEXT('part definition',#2,'design');
#6126 = MANIFOLD_SURFACE_SHAPE_REPRESENTATION('',(#11,#6127),#6713);
#6127 = SHELL_BASED_SURFACE_MODEL('',(#6128));
#6128 = OPEN_SHELL('',(#6129));
#6129 = ADVANCED_FACE('',(#6130),#6144,.T.);
#6130 = FACE_BOUND('',#6131,.T.);
#6131 = EDGE_LOOP('',(#6132,#6155,#6171,#6187,#6203,#6219,#6235,#6251,
    #6267,#6283,#6299,#6315,#6331,#6347,#6363,#6379,#6395,#6411,#6427,
    #6443,#6459,#6475,#6491,#6507,#6523,#6539,#6555,#6571,#6587,#6603,
    #6619,#6635,#6651,#6667,#6683,#6699));
#6132 = ORIENTED_EDGE('',*,*,#6133,.T.);
#6133 = EDGE_CURVE('',#6134,#6136,#6138,.T.);
#6134 = VERTEX_POINT('',#6135);
#6135 = CARTESIAN_POINT('',(1.72920816075,-22.56032925681,
    -12.38889950373));
#6136 = VERTEX_POINT('',#6137);
#6137 = CARTESIAN_POINT('',(1.733227029245,-22.48230484398,
    -12.39558904558));
#6138 = SURFACE_CURVE('',#6139,(#6143),.PCURVE_S1.);
#6139 = LINE('',#6140,#6141);
#6140 = CARTESIAN_POINT('',(1.72920816075,-22.56032925681,
    -12.38889950373));
#6141 = VECTOR('',#6142,1.);
#6142 = DIRECTION('',(5.125211368369E-02,0.995035314277,
    -8.531086791913E-02));
#6143 = PCURVE('',#6144,#6149);
#6144 = PLANE('',#6145);
#6145 = AXIS2_PLACEMENT_3D('',#6146,#6147,#6148);
#6146 = CARTESIAN_POINT('',(-2.667289564135E-16,-25.,-15.));
#6147 = DIRECTION('',(-0.866025403784,8.682408883347E-02,0.492403876506)
  );
#6148 = DIRECTION('',(-0.494270410408,0.,-0.869308208517));
#6149 = DEFINITIONAL_REPRESENTATION('',(#6150),#6154);
#6150 = LINE('',#6151,#6152);
#6151 = CARTESIAN_POINT('',(-3.124547521964,-2.448918696688));
#6152 = VECTOR('',#6153,1.);
#6153 = DIRECTION('',(4.882903449309E-02,-0.998807151251));
#6154 = ( GEOMETRIC_REPRESENTATION_CONTEXT(2) 
PARAMETRIC_REPRESENTATION_CONTEXT() REPRESENTATION_CONTEXT('2D SPACE',''
  ) );
#6155 = ORIENTED_EDGE('',*,*,#6156,.T.);
#6156 = EDGE_CURVE('',#6136,#6157,#6159,.T.);
#6157 = VERTEX_POINT('',#6158);
#6158 = CARTESIAN_POINT('',(1.729560088061,-22.40652380221,
    -12.41540059578));
#6159 = SURFACE_CURVE('',#6160,(#6164),.PCURVE_S1.);
#6160 = LINE('',#6161,#6162);
#6161 = CARTESIAN_POINT('',(1.733227029245,-22.48230484398,
    -12.39558904558));
#6162 = VECTOR('',#6163,1.);
#6163 = DIRECTION('',(-4.676402989012E-02,0.966425891363,-0.252654154946
    ));
#6164 = PCURVE('',#6144,#6165);
#6165 = DEFINITIONAL_REPRESENTATION('',(#6166),#6170);
#6166 = LINE('',#6167,#6168);
#6167 = CARTESIAN_POINT('',(-3.120718656104,-2.527238873253));
#6168 = VECTOR('',#6169,1.);
#6169 = DIRECTION('',(0.242748407057,-0.970089279846));
#6170 = ( GEOMETRIC_REPRESENTATION_CONTEXT(2) 
PARAMETRIC_REPRESENTATION_CONTEXT() REPRESENTATION_CONTEXT('2D SPACE',''
  ) );
#6171 = ORIENTED_EDGE('',*,*,#6172,.T.);
#6172 = EDGE_CURVE('',#6157,#6173,#6175,.T.);
#6173 = VERTEX_POINT('',#6174);
#6174 = CARTESIAN_POINT('',(1.718348255691,-22.33589835443,
    -12.44757280759));
#6175 = SURFACE_CURVE('',#6176,(#6180),.PCURVE_S1.);
#6176 = LINE('',#6177,#6178);
#6177 = CARTESIAN_POINT('',(1.729560088061,-22.40652380221,
    -12.41540059578));
#6178 = VECTOR('',#6179,1.);
#6179 = DIRECTION('',(-0.142983058021,0.900677263422,-0.410288084489));
#6180 = PCURVE('',#6144,#6181);
#6181 = DEFINITIONAL_REPRESENTATION('',(#6182),#6186);
#6182 = LINE('',#6183,#6184);
#6183 = CARTESIAN_POINT('',(-3.10168385236,-2.603307174913));
#6184 = VECTOR('',#6185,1.);
#6185 = DIRECTION('',(0.427339094472,-0.904091421448));
#6186 = ( GEOMETRIC_REPRESENTATION_CONTEXT(2) 
PARAMETRIC_REPRESENTATION_CONTEXT() REPRESENTATION_CONTEXT('2D SPACE',''
  ) );
#6187 = ORIENTED_EDGE('',*,*,#6188,.T.);
#6188 = EDGE_CURVE('',#6173,#6189,#6191,.T.);
#6189 = VERTEX_POINT('',#6190);
#6190 = CARTESIAN_POINT('',(1.700022396565,-22.273142597,-12.49086932093
    ));
#6191 = SURFACE_CURVE('',#6192,(#6196),.PCURVE_S1.);
#6192 = LINE('',#6193,#6194);
#6193 = CARTESIAN_POINT('',(1.718348255691,-22.33589835443,
    -12.44757280759));
#6194 = VECTOR('',#6195,1.);
#6195 = DIRECTION('',(-0.233707327418,0.800316113354,-0.552154873036));
#6196 = PCURVE('',#6144,#6197);
#6197 = DEFINITIONAL_REPRESENTATION('',(#6198),#6202);
#6198 = LINE('',#6199,#6200);
#6199 = CARTESIAN_POINT('',(-3.068174607567,-2.674200339494));
#6200 = VECTOR('',#6201,1.);
#6201 = DIRECTION('',(0.595507380141,-0.803349836744));
#6202 = ( GEOMETRIC_REPRESENTATION_CONTEXT(2) 
PARAMETRIC_REPRESENTATION_CONTEXT() REPRESENTATION_CONTEXT('2D SPACE',''
  ) );
#6203 = ORIENTED_EDGE('',*,*,#6204,.T.);
#6204 = EDGE_CURVE('',#6189,#6205,#6207,.T.);
#6205 = VERTEX_POINT('',#6206);
#6206 = CARTESIAN_POINT('',(1.675286763172,-22.22066819848,
    -12.54362627508));
#6207 = SURFACE_CURVE('',#6208,(#6212),.PCURVE_S1.);
#6208 = LINE('',#6209,#6210);
#6209 = CARTESIAN_POINT('',(1.700022396565,-22.273142597,-12.49086932093
    ));
#6210 = VECTOR('',#6211,1.);
#6211 = DIRECTION('',(-0.315450355286,0.669199263871,-0.672802659466));
#6212 = PCURVE('',#6144,#6213);
#6213 = DEFINITIONAL_REPRESENTATION('',(#6214),#6218);
#6214 = LINE('',#6215,#6216);
#6215 = CARTESIAN_POINT('',(-3.02147866321,-2.73719398244));
#6216 = VECTOR('',#6217,1.);
#6217 = DIRECTION('',(0.740790651156,-0.671735968338));
#6218 = ( GEOMETRIC_REPRESENTATION_CONTEXT(2) 
PARAMETRIC_REPRESENTATION_CONTEXT() REPRESENTATION_CONTEXT('2D SPACE',''
  ) );
#6219 = ORIENTED_EDGE('',*,*,#6220,.T.);
#6220 = EDGE_CURVE('',#6205,#6221,#6223,.T.);
#6221 = VERTEX_POINT('',#6222);
#6222 = CARTESIAN_POINT('',(1.645091932032,-22.18049172057,
    -12.60381624987));
#6223 = SURFACE_CURVE('',#6224,(#6228),.PCURVE_S1.);
#6224 = LINE('',#6225,#6226);
#6225 = CARTESIAN_POINT('',(1.675286763172,-22.22066819848,
    -12.54362627508));
#6226 = VECTOR('',#6227,1.);
#6227 = DIRECTION('',(-0.385070802908,0.51236546197,-0.767595017003));
#6228 = PCURVE('',#6144,#6229);
#6229 = DEFINITIONAL_REPRESENTATION('',(#6230),#6234);
#6230 = LINE('',#6231,#6232);
#6231 = CARTESIAN_POINT('',(-2.963390518243,-2.789867293378));
#6232 = VECTOR('',#6233,1.);
#6233 = DIRECTION('',(0.857605752887,-0.514307663383));
#6234 = ( GEOMETRIC_REPRESENTATION_CONTEXT(2) 
PARAMETRIC_REPRESENTATION_CONTEXT() REPRESENTATION_CONTEXT('2D SPACE',''
  ) );
#6235 = ORIENTED_EDGE('',*,*,#6236,.T.);
#6236 = EDGE_CURVE('',#6221,#6237,#6239,.T.);
#6237 = VERTEX_POINT('',#6238);
#6238 = CARTESIAN_POINT('',(1.610598273571,-22.15415712279,
    -12.66912617834));
#6239 = SURFACE_CURVE('',#6240,(#6244),.PCURVE_S1.);
#6240 = LINE('',#6241,#6242);
#6241 = CARTESIAN_POINT('',(1.645091932032,-22.18049172057,
    -12.60381624987));
#6242 = VECTOR('',#6243,1.);
#6243 = DIRECTION('',(-0.439893195524,0.335841742702,-0.83288912851));
#6244 = PCURVE('',#6144,#6245);
#6245 = DEFINITIONAL_REPRESENTATION('',(#6246),#6250);
#6246 = LINE('',#6247,#6248);
#6247 = CARTESIAN_POINT('',(-2.8961424675,-2.83019606651));
#6248 = VECTOR('',#6249,1.);
#6249 = DIRECTION('',(0.941463546486,-0.337114803351));
#6250 = ( GEOMETRIC_REPRESENTATION_CONTEXT(2) 
PARAMETRIC_REPRESENTATION_CONTEXT() REPRESENTATION_CONTEXT('2D SPACE',''
  ) );
#6251 = ORIENTED_EDGE('',*,*,#6252,.T.);
#6252 = EDGE_CURVE('',#6237,#6253,#6255,.T.);
#6253 = VERTEX_POINT('',#6254);
#6254 = CARTESIAN_POINT('',(1.573131359741,-22.14267642897,
    -12.73704623656));
#6255 = SURFACE_CURVE('',#6256,(#6260),.PCURVE_S1.);
#6256 = LINE('',#6257,#6258);
#6257 = CARTESIAN_POINT('',(1.610598273571,-22.15415712279,
    -12.66912617834));
#6258 = VECTOR('',#6259,1.);
#6259 = DIRECTION('',(-0.477810739331,0.146411813605,-0.866175777898));
#6260 = PCURVE('',#6144,#6261);
#6261 = DEFINITIONAL_REPRESENTATION('',(#6262),#6266);
#6262 = LINE('',#6263,#6264);
#6263 = CARTESIAN_POINT('',(-2.822318815859,-2.856630489699));
#6264 = VECTOR('',#6265,1.);
#6265 = DIRECTION('',(0.989141423972,-0.146966810483));
#6266 = ( GEOMETRIC_REPRESENTATION_CONTEXT(2) 
PARAMETRIC_REPRESENTATION_CONTEXT() REPRESENTATION_CONTEXT('2D SPACE',''
  ) );
#6267 = ORIENTED_EDGE('',*,*,#6268,.T.);
#6268 = EDGE_CURVE('',#6253,#6269,#6271,.T.);
#6269 = VERTEX_POINT('',#6270);
#6270 = CARTESIAN_POINT('',(-0.974596909904,-21.88725183675,
    -17.26295376343));
#6271 = SURFACE_CURVE('',#6272,(#6276),.PCURVE_S1.);
#6272 = LINE('',#6273,#6274);
#6273 = CARTESIAN_POINT('',(1.573131359741,-22.14267642897,
    -12.73704623656));
#6274 = VECTOR('',#6275,1.);
#6275 = DIRECTION('',(-0.489947744163,4.9120113887E-02,-0.87036683209));
#6276 = PCURVE('',#6144,#6277);
#6277 = DEFINITIONAL_REPRESENTATION('',(#6278),#6282);
#6278 = LINE('',#6279,#6280);
#6279 = CARTESIAN_POINT('',(-2.744756564852,-2.868154702889));
#6280 = VECTOR('',#6281,1.);
#6281 = DIRECTION('',(0.998783704142,-4.930631136068E-02));
#6282 = ( GEOMETRIC_REPRESENTATION_CONTEXT(2) 
PARAMETRIC_REPRESENTATION_CONTEXT() REPRESENTATION_CONTEXT('2D SPACE',''
  ) );
#6283 = ORIENTED_EDGE('',*,*,#6284,.T.);
#6284 = EDGE_CURVE('',#6269,#6285,#6287,.T.);
#6285 = VERTEX_POINT('',#6286);
#6286 = CARTESIAN_POINT('',(-1.013597246618,-21.89106624351,
    -17.33087382165));
#6287 = SURFACE_CURVE('',#6288,(#6292),.PCURVE_S1.);
#6288 = LINE('',#6289,#6290);
#6289 = CARTESIAN_POINT('',(-0.974596909904,-21.88725183675,
    -17.26295376343));
#6290 = VECTOR('',#6291,1.);
#6291 = DIRECTION('',(-0.497366284385,-4.864463937988E-02,
    -0.866175777898));
#6292 = PCURVE('',#6144,#6293);
#6293 = DEFINITIONAL_REPRESENTATION('',(#6294),#6298);
#6294 = LINE('',#6295,#6296);
#6295 = CARTESIAN_POINT('',(2.448918696688,-3.124547521964));
#6296 = VECTOR('',#6297,1.);
#6297 = DIRECTION('',(0.998807151251,4.882903449308E-02));
#6298 = ( GEOMETRIC_REPRESENTATION_CONTEXT(2) 
PARAMETRIC_REPRESENTATION_CONTEXT() REPRESENTATION_CONTEXT('2D SPACE',''
  ) );
#6299 = ORIENTED_EDGE('',*,*,#6300,.T.);
#6300 = EDGE_CURVE('',#6285,#6301,#6303,.T.);
#6301 = VERTEX_POINT('',#6302);
#6302 = CARTESIAN_POINT('',(-1.052632245146,-21.91002916533,
    -17.39618375012));
#6303 = SURFACE_CURVE('',#6304,(#6308),.PCURVE_S1.);
#6304 = LINE('',#6305,#6306);
#6305 = CARTESIAN_POINT('',(-1.013597246618,-21.89106624351,
    -17.33087382165));
#6306 = VECTOR('',#6307,1.);
#6307 = DIRECTION('',(-0.497808322056,-0.241831706154,-0.83288912851));
#6308 = PCURVE('',#6144,#6309);
#6309 = DEFINITIONAL_REPRESENTATION('',(#6310),#6314);
#6310 = LINE('',#6311,#6312);
#6311 = CARTESIAN_POINT('',(2.527238873253,-3.120718656104));
#6312 = VECTOR('',#6313,1.);
#6313 = DIRECTION('',(0.970089279846,0.242748407057));
#6314 = ( GEOMETRIC_REPRESENTATION_CONTEXT(2) 
PARAMETRIC_REPRESENTATION_CONTEXT() REPRESENTATION_CONTEXT('2D SPACE',''
  ) );
#6315 = ORIENTED_EDGE('',*,*,#6316,.T.);
#6316 = EDGE_CURVE('',#6301,#6317,#6319,.T.);
#6317 = VERTEX_POINT('',#6318);
#6318 = CARTESIAN_POINT('',(-1.090201812386,-21.94341186777,
    -17.45637372492));
#6319 = SURFACE_CURVE('',#6320,(#6324),.PCURVE_S1.);
#6320 = LINE('',#6321,#6322);
#6321 = CARTESIAN_POINT('',(-1.052632245146,-21.91002916533,
    -17.39618375012));
#6322 = VECTOR('',#6323,1.);
#6323 = DIRECTION('',(-0.479119865085,-0.425725316081,-0.767595017003));
#6324 = PCURVE('',#6144,#6325);
#6325 = DEFINITIONAL_REPRESENTATION('',(#6326),#6330);
#6326 = LINE('',#6327,#6328);
#6327 = CARTESIAN_POINT('',(2.603307174913,-3.10168385236));
#6328 = VECTOR('',#6329,1.);
#6329 = DIRECTION('',(0.904091421448,0.427339094472));
#6330 = ( GEOMETRIC_REPRESENTATION_CONTEXT(2) 
PARAMETRIC_REPRESENTATION_CONTEXT() REPRESENTATION_CONTEXT('2D SPACE',''
  ) );
#6331 = ORIENTED_EDGE('',*,*,#6332,.T.);
#6332 = EDGE_CURVE('',#6317,#6333,#6335,.T.);
#6333 = VERTEX_POINT('',#6334);
#6334 = CARTESIAN_POINT('',(-1.12486217094,-21.98993147229,
    -17.50913067906));
#6335 = SURFACE_CURVE('',#6336,(#6340),.PCURVE_S1.);
#6336 = LINE('',#6337,#6338);
#6337 = CARTESIAN_POINT('',(-1.090201812386,-21.94341186777,
    -17.45637372492));
#6338 = VECTOR('',#6339,1.);
#6339 = DIRECTION('',(-0.442019100392,-0.593258540861,-0.672802659465));
#6340 = PCURVE('',#6144,#6341);
#6341 = DEFINITIONAL_REPRESENTATION('',(#6342),#6346);
#6342 = LINE('',#6343,#6344);
#6343 = CARTESIAN_POINT('',(2.674200339494,-3.068174607567));
#6344 = VECTOR('',#6345,1.);
#6345 = DIRECTION('',(0.803349836744,0.595507380141));
#6346 = ( GEOMETRIC_REPRESENTATION_CONTEXT(2) 
PARAMETRIC_REPRESENTATION_CONTEXT() REPRESENTATION_CONTEXT('2D SPACE',''
  ) );
#6347 = ORIENTED_EDGE('',*,*,#6348,.T.);
#6348 = EDGE_CURVE('',#6333,#6349,#6351,.T.);
#6349 = VERTEX_POINT('',#6350);
#6350 = CARTESIAN_POINT('',(-1.155281342664,-22.04780025658,
    -17.5524271924));
#6351 = SURFACE_CURVE('',#6352,(#6356),.PCURVE_S1.);
#6352 = LINE('',#6353,#6354);
#6353 = CARTESIAN_POINT('',(-1.12486217094,-21.98993147229,
    -17.50913067906));
#6354 = VECTOR('',#6355,1.);
#6355 = DIRECTION('',(-0.387931789558,-0.737993172619,-0.552154873036));
#6356 = PCURVE('',#6144,#6357);
#6357 = DEFINITIONAL_REPRESENTATION('',(#6358),#6362);
#6358 = LINE('',#6359,#6360);
#6359 = CARTESIAN_POINT('',(2.73719398244,-3.02147866321));
#6360 = VECTOR('',#6361,1.);
#6361 = DIRECTION('',(0.671735968338,0.740790651156));
#6362 = ( GEOMETRIC_REPRESENTATION_CONTEXT(2) 
PARAMETRIC_REPRESENTATION_CONTEXT() REPRESENTATION_CONTEXT('2D SPACE',''
  ) );
#6363 = ORIENTED_EDGE('',*,*,#6364,.T.);
#6364 = EDGE_CURVE('',#6349,#6365,#6367,.T.);
#6365 = VERTEX_POINT('',#6366);
#6366 = CARTESIAN_POINT('',(-1.180290335849,-22.11479435571,
    -17.58459940421));
#6367 = SURFACE_CURVE('',#6368,(#6372),.PCURVE_S1.);
#6368 = LINE('',#6369,#6370);
#6369 = CARTESIAN_POINT('',(-1.155281342664,-22.04780025658,
    -17.5524271924));
#6370 = VECTOR('',#6371,1.);
#6371 = DIRECTION('',(-0.318936477606,-0.854367140624,-0.410288084489));
#6372 = PCURVE('',#6144,#6373);
#6373 = DEFINITIONAL_REPRESENTATION('',(#6374),#6378);
#6374 = LINE('',#6375,#6376);
#6375 = CARTESIAN_POINT('',(2.789867293378,-2.963390518243));
#6376 = VECTOR('',#6377,1.);
#6377 = DIRECTION('',(0.514307663383,0.857605752887));
#6378 = ( GEOMETRIC_REPRESENTATION_CONTEXT(2) 
PARAMETRIC_REPRESENTATION_CONTEXT() REPRESENTATION_CONTEXT('2D SPACE',''
  ) );
#6379 = ORIENTED_EDGE('',*,*,#6380,.T.);
#6380 = EDGE_CURVE('',#6365,#6381,#6383,.T.);
#6381 = VERTEX_POINT('',#6382);
#6382 = CARTESIAN_POINT('',(-1.198928068913,-22.18833922403,
    -17.60441095441));
#6383 = SURFACE_CURVE('',#6384,(#6388),.PCURVE_S1.);
#6384 = LINE('',#6385,#6386);
#6385 = CARTESIAN_POINT('',(-1.180290335849,-22.11479435571,
    -17.58459940421));
#6386 = VECTOR('',#6387,1.);
#6387 = DIRECTION('',(-0.237684615681,-0.93790825855,-0.252654154946));
#6388 = PCURVE('',#6144,#6389);
#6389 = DEFINITIONAL_REPRESENTATION('',(#6390),#6394);
#6390 = LINE('',#6391,#6392);
#6391 = CARTESIAN_POINT('',(2.83019606651,-2.8961424675));
#6392 = VECTOR('',#6393,1.);
#6393 = DIRECTION('',(0.337114803351,0.941463546486));
#6394 = ( GEOMETRIC_REPRESENTATION_CONTEXT(2) 
PARAMETRIC_REPRESENTATION_CONTEXT() REPRESENTATION_CONTEXT('2D SPACE',''
  ) );
#6395 = ORIENTED_EDGE('',*,*,#6396,.T.);
#6396 = EDGE_CURVE('',#6381,#6397,#6399,.T.);
#6397 = VERTEX_POINT('',#6398);
#6398 = CARTESIAN_POINT('',(-1.210478304225,-22.26560857348,
    -17.61110049626));
#6399 = SURFACE_CURVE('',#6400,(#6404),.PCURVE_S1.);
#6400 = LINE('',#6401,#6402);
#6401 = CARTESIAN_POINT('',(-1.198928068913,-22.18833922403,
    -17.60441095441));
#6402 = VECTOR('',#6403,1.);
#6403 = DIRECTION('',(-0.147298667271,-0.985406088085,
    -8.531086791913E-02));
#6404 = PCURVE('',#6144,#6405);
#6405 = DEFINITIONAL_REPRESENTATION('',(#6406),#6410);
#6406 = LINE('',#6407,#6408);
#6407 = CARTESIAN_POINT('',(2.856630489699,-2.822318815859));
#6408 = VECTOR('',#6409,1.);
#6409 = DIRECTION('',(0.146966810482,0.989141423972));
#6410 = ( GEOMETRIC_REPRESENTATION_CONTEXT(2) 
PARAMETRIC_REPRESENTATION_CONTEXT() REPRESENTATION_CONTEXT('2D SPACE',''
  ) );
#6411 = ORIENTED_EDGE('',*,*,#6412,.T.);
#6412 = EDGE_CURVE('',#6397,#6413,#6415,.T.);
#6413 = VERTEX_POINT('',#6414);
#6414 = CARTESIAN_POINT('',(-1.72920816075,-27.43967074319,
    -17.61110049626));
#6415 = SURFACE_CURVE('',#6416,(#6420),.PCURVE_S1.);
#6416 = LINE('',#6417,#6418);
#6417 = CARTESIAN_POINT('',(-1.210478304225,-22.26560857348,
    -17.61110049626));
#6418 = VECTOR('',#6419,1.);
#6419 = DIRECTION('',(-9.975574163943E-02,-0.995011955712,0.));
#6420 = PCURVE('',#6144,#6421);
#6421 = DEFINITIONAL_REPRESENTATION('',(#6422),#6426);
#6422 = LINE('',#6423,#6424);
#6423 = CARTESIAN_POINT('',(2.868154702889,-2.744756564852));
#6424 = VECTOR('',#6425,1.);
#6425 = DIRECTION('',(4.930631136068E-02,0.998783704142));
#6426 = ( GEOMETRIC_REPRESENTATION_CONTEXT(2) 
PARAMETRIC_REPRESENTATION_CONTEXT() REPRESENTATION_CONTEXT('2D SPACE',''
  ) );
#6427 = ORIENTED_EDGE('',*,*,#6428,.T.);
#6428 = EDGE_CURVE('',#6413,#6429,#6431,.T.);
#6429 = VERTEX_POINT('',#6430);
#6430 = CARTESIAN_POINT('',(-1.733227029245,-27.51769515601,
    -17.60441095441));
#6431 = SURFACE_CURVE('',#6432,(#6436),.PCURVE_S1.);
#6432 = LINE('',#6433,#6434);
#6433 = CARTESIAN_POINT('',(-1.72920816075,-27.43967074319,
    -17.61110049626));
#6434 = VECTOR('',#6435,1.);
#6435 = DIRECTION('',(-5.125211368369E-02,-0.995035314277,
    8.531086791913E-02));
#6436 = PCURVE('',#6144,#6437);
#6437 = DEFINITIONAL_REPRESENTATION('',(#6438),#6442);
#6438 = LINE('',#6439,#6440);
#6439 = CARTESIAN_POINT('',(3.124547521964,2.448918696688));
#6440 = VECTOR('',#6441,1.);
#6441 = DIRECTION('',(-4.882903449309E-02,0.998807151251));
#6442 = ( GEOMETRIC_REPRESENTATION_CONTEXT(2) 
PARAMETRIC_REPRESENTATION_CONTEXT() REPRESENTATION_CONTEXT('2D SPACE',''
  ) );
#6443 = ORIENTED_EDGE('',*,*,#6444,.T.);
#6444 = EDGE_CURVE('',#6429,#6445,#6447,.T.);
#6445 = VERTEX_POINT('',#6446);
#6446 = CARTESIAN_POINT('',(-1.729560088061,-27.59347619778,
    -17.58459940421));
#6447 = SURFACE_CURVE('',#6448,(#6452),.PCURVE_S1.);
#6448 = LINE('',#6449,#6450);
#6449 = CARTESIAN_POINT('',(-1.733227029245,-27.51769515601,
    -17.60441095441));
#6450 = VECTOR('',#6451,1.);
#6451 = DIRECTION('',(4.676402989012E-02,-0.966425891363,0.252654154946)
  );
#6452 = PCURVE('',#6144,#6453);
#6453 = DEFINITIONAL_REPRESENTATION('',(#6454),#6458);
#6454 = LINE('',#6455,#6456);
#6455 = CARTESIAN_POINT('',(3.120718656104,2.527238873253));
#6456 = VECTOR('',#6457,1.);
#6457 = DIRECTION('',(-0.242748407057,0.970089279846));
#6458 = ( GEOMETRIC_REPRESENTATION_CONTEXT(2) 
PARAMETRIC_REPRESENTATION_CONTEXT() REPRESENTATION_CONTEXT('2D SPACE',''
  ) );
#6459 = ORIENTED_EDGE('',*,*,#6460,.T.);
#6460 = EDGE_CURVE('',#6445,#6461,#6463,.T.);
#6461 = VERTEX_POINT('',#6462);
#6462 = CARTESIAN_POINT('',(-1.718348255691,-27.66410164556,
    -17.5524271924));
#6463 = SURFACE_CURVE('',#6464,(#6468),.PCURVE_S1.);
#6464 = LINE('',#6465,#6466);
#6465 = CARTESIAN_POINT('',(-1.729560088061,-27.59347619778,
    -17.58459940421));
#6466 = VECTOR('',#6467,1.);
#6467 = DIRECTION('',(0.142983058021,-0.900677263422,0.410288084489));
#6468 = PCURVE('',#6144,#6469);
#6469 = DEFINITIONAL_REPRESENTATION('',(#6470),#6474);
#6470 = LINE('',#6471,#6472);
#6471 = CARTESIAN_POINT('',(3.10168385236,2.603307174913));
#6472 = VECTOR('',#6473,1.);
#6473 = DIRECTION('',(-0.427339094472,0.904091421448));
#6474 = ( GEOMETRIC_REPRESENTATION_CONTEXT(2) 
PARAMETRIC_REPRESENTATION_CONTEXT() REPRESENTATION_CONTEXT('2D SPACE',''
  ) );
#6475 = ORIENTED_EDGE('',*,*,#6476,.T.);
#6476 = EDGE_CURVE('',#6461,#6477,#6479,.T.);
#6477 = VERTEX_POINT('',#6478);
#6478 = CARTESIAN_POINT('',(-1.700022396565,-27.72685740299,
    -17.50913067906));
#6479 = SURFACE_CURVE('',#6480,(#6484),.PCURVE_S1.);
#6480 = LINE('',#6481,#6482);
#6481 = CARTESIAN_POINT('',(-1.718348255691,-27.66410164556,
    -17.5524271924));
#6482 = VECTOR('',#6483,1.);
#6483 = DIRECTION('',(0.233707327418,-0.800316113354,0.552154873036));
#6484 = PCURVE('',#6144,#6485);
#6485 = DEFINITIONAL_REPRESENTATION('',(#6486),#6490);
#6486 = LINE('',#6487,#6488);
#6487 = CARTESIAN_POINT('',(3.068174607567,2.674200339494));
#6488 = VECTOR('',#6489,1.);
#6489 = DIRECTION('',(-0.595507380141,0.803349836744));
#6490 = ( GEOMETRIC_REPRESENTATION_CONTEXT(2) 
PARAMETRIC_REPRESENTATION_CONTEXT() REPRESENTATION_CONTEXT('2D SPACE',''
  ) );
#6491 = ORIENTED_EDGE('',*,*,#6492,.T.);
#6492 = EDGE_CURVE('',#6477,#6493,#6495,.T.);
#6493 = VERTEX_POINT('',#6494);
#6494 = CARTESIAN_POINT('',(-1.675286763172,-27.77933180151,
    -17.45637372492));
#6495 = SURFACE_CURVE('',#6496,(#6500),.PCURVE_S1.);
#6496 = LINE('',#6497,#6498);
#6497 = CARTESIAN_POINT('',(-1.700022396565,-27.72685740299,
    -17.50913067906));
#6498 = VECTOR('',#6499,1.);
#6499 = DIRECTION('',(0.315450355286,-0.669199263871,0.672802659466));
#6500 = PCURVE('',#6144,#6501);
#6501 = DEFINITIONAL_REPRESENTATION('',(#6502),#6506);
#6502 = LINE('',#6503,#6504);
#6503 = CARTESIAN_POINT('',(3.02147866321,2.73719398244));
#6504 = VECTOR('',#6505,1.);
#6505 = DIRECTION('',(-0.740790651156,0.671735968338));
#6506 = ( GEOMETRIC_REPRESENTATION_CONTEXT(2) 
PARAMETRIC_REPRESENTATION_CONTEXT() REPRESENTATION_CONTEXT('2D SPACE',''
  ) );
#6507 = ORIENTED_EDGE('',*,*,#6508,.T.);
#6508 = EDGE_CURVE('',#6493,#6509,#6511,.T.);
#6509 = VERTEX_POINT('',#6510);
#6510 = CARTESIAN_POINT('',(-1.645091932032,-27.81950827942,
    -17.39618375012));
#6511 = SURFACE_CURVE('',#6512,(#6516),.PCURVE_S1.);
#6512 = LINE('',#6513,#6514);
#6513 = CARTESIAN_POINT('',(-1.675286763172,-27.77933180151,
    -17.45637372492));
#6514 = VECTOR('',#6515,1.);
#6515 = DIRECTION('',(0.385070802908,-0.51236546197,0.767595017003));
#6516 = PCURVE('',#6144,#6517);
#6517 = DEFINITIONAL_REPRESENTATION('',(#6518),#6522);
#6518 = LINE('',#6519,#6520);
#6519 = CARTESIAN_POINT('',(2.963390518243,2.789867293378));
#6520 = VECTOR('',#6521,1.);
#6521 = DIRECTION('',(-0.857605752887,0.514307663383));
#6522 = ( GEOMETRIC_REPRESENTATION_CONTEXT(2) 
PARAMETRIC_REPRESENTATION_CONTEXT() REPRESENTATION_CONTEXT('2D SPACE',''
  ) );
#6523 = ORIENTED_EDGE('',*,*,#6524,.T.);
#6524 = EDGE_CURVE('',#6509,#6525,#6527,.T.);
#6525 = VERTEX_POINT('',#6526);
#6526 = CARTESIAN_POINT('',(-1.610598273571,-27.8458428772,
    -17.33087382165));
#6527 = SURFACE_CURVE('',#6528,(#6532),.PCURVE_S1.);
#6528 = LINE('',#6529,#6530);
#6529 = CARTESIAN_POINT('',(-1.645091932032,-27.81950827942,
    -17.39618375012));
#6530 = VECTOR('',#6531,1.);
#6531 = DIRECTION('',(0.439893195524,-0.335841742702,0.83288912851));
#6532 = PCURVE('',#6144,#6533);
#6533 = DEFINITIONAL_REPRESENTATION('',(#6534),#6538);
#6534 = LINE('',#6535,#6536);
#6535 = CARTESIAN_POINT('',(2.8961424675,2.83019606651));
#6536 = VECTOR('',#6537,1.);
#6537 = DIRECTION('',(-0.941463546486,0.337114803351));
#6538 = ( GEOMETRIC_REPRESENTATION_CONTEXT(2) 
PARAMETRIC_REPRESENTATION_CONTEXT() REPRESENTATION_CONTEXT('2D SPACE',''
  ) );
#6539 = ORIENTED_EDGE('',*,*,#6540,.T.);
#6540 = EDGE_CURVE('',#6525,#6541,#6543,.T.);
#6541 = VERTEX_POINT('',#6542);
#6542 = CARTESIAN_POINT('',(-1.573131359741,-27.85732357103,
    -17.26295376343));
#6543 = SURFACE_CURVE('',#6544,(#6548),.PCURVE_S1.);
#6544 = LINE('',#6545,#6546);
#6545 = CARTESIAN_POINT('',(-1.610598273571,-27.8458428772,
    -17.33087382165));
#6546 = VECTOR('',#6547,1.);
#6547 = DIRECTION('',(0.477810739331,-0.146411813605,0.866175777898));
#6548 = PCURVE('',#6144,#6549);
#6549 = DEFINITIONAL_REPRESENTATION('',(#6550),#6554);
#6550 = LINE('',#6551,#6552);
#6551 = CARTESIAN_POINT('',(2.822318815859,2.856630489699));
#6552 = VECTOR('',#6553,1.);
#6553 = DIRECTION('',(-0.989141423972,0.146966810483));
#6554 = ( GEOMETRIC_REPRESENTATION_CONTEXT(2) 
PARAMETRIC_REPRESENTATION_CONTEXT() REPRESENTATION_CONTEXT('2D SPACE',''
  ) );
#6555 = ORIENTED_EDGE('',*,*,#6556,.T.);
#6556 = EDGE_CURVE('',#6541,#6557,#6559,.T.);
#6557 = VERTEX_POINT('',#6558);
#6558 = CARTESIAN_POINT('',(0.974596909904,-28.11274816324,
    -12.73704623656));
#6559 = SURFACE_CURVE('',#6560,(#6564),.PCURVE_S1.);
#6560 = LINE('',#6561,#6562);
#6561 = CARTESIAN_POINT('',(-1.573131359741,-27.85732357103,
    -17.26295376343));
#6562 = VECTOR('',#6563,1.);
#6563 = DIRECTION('',(0.489947744163,-4.9120113887E-02,0.87036683209));
#6564 = PCURVE('',#6144,#6565);
#6565 = DEFINITIONAL_REPRESENTATION('',(#6566),#6570);
#6566 = LINE('',#6567,#6568);
#6567 = CARTESIAN_POINT('',(2.744756564852,2.868154702889));
#6568 = VECTOR('',#6569,1.);
#6569 = DIRECTION('',(-0.998783704142,4.930631136068E-02));
#6570 = ( GEOMETRIC_REPRESENTATION_CONTEXT(2) 
PARAMETRIC_REPRESENTATION_CONTEXT() REPRESENTATION_CONTEXT('2D SPACE',''
  ) );
#6571 = ORIENTED_EDGE('',*,*,#6572,.T.);
#6572 = EDGE_CURVE('',#6557,#6573,#6575,.T.);
#6573 = VERTEX_POINT('',#6574);
#6574 = CARTESIAN_POINT('',(1.013597246618,-28.10893375648,
    -12.66912617834));
#6575 = SURFACE_CURVE('',#6576,(#6580),.PCURVE_S1.);
#6576 = LINE('',#6577,#6578);
#6577 = CARTESIAN_POINT('',(0.974596909904,-28.11274816324,
    -12.73704623656));
#6578 = VECTOR('',#6579,1.);
#6579 = DIRECTION('',(0.497366284385,4.864463937987E-02,0.866175777898)
  );
#6580 = PCURVE('',#6144,#6581);
#6581 = DEFINITIONAL_REPRESENTATION('',(#6582),#6586);
#6582 = LINE('',#6583,#6584);
#6583 = CARTESIAN_POINT('',(-2.448918696688,3.124547521964));
#6584 = VECTOR('',#6585,1.);
#6585 = DIRECTION('',(-0.998807151251,-4.882903449308E-02));
#6586 = ( GEOMETRIC_REPRESENTATION_CONTEXT(2) 
PARAMETRIC_REPRESENTATION_CONTEXT() REPRESENTATION_CONTEXT('2D SPACE',''
  ) );
#6587 = ORIENTED_EDGE('',*,*,#6588,.T.);
#6588 = EDGE_CURVE('',#6573,#6589,#6591,.T.);
#6589 = VERTEX_POINT('',#6590);
#6590 = CARTESIAN_POINT('',(1.052632245146,-28.08997083466,
    -12.60381624987));
#6591 = SURFACE_CURVE('',#6592,(#6596),.PCURVE_S1.);
#6592 = LINE('',#6593,#6594);
#6593 = CARTESIAN_POINT('',(1.013597246618,-28.10893375648,
    -12.66912617834));
#6594 = VECTOR('',#6595,1.);
#6595 = DIRECTION('',(0.497808322056,0.241831706154,0.83288912851));
#6596 = PCURVE('',#6144,#6597);
#6597 = DEFINITIONAL_REPRESENTATION('',(#6598),#6602);
#6598 = LINE('',#6599,#6600);
#6599 = CARTESIAN_POINT('',(-2.527238873253,3.120718656104));
#6600 = VECTOR('',#6601,1.);
#6601 = DIRECTION('',(-0.970089279846,-0.242748407057));
#6602 = ( GEOMETRIC_REPRESENTATION_CONTEXT(2) 
PARAMETRIC_REPRESENTATION_CONTEXT() REPRESENTATION_CONTEXT('2D SPACE',''
  ) );
#6603 = ORIENTED_EDGE('',*,*,#6604,.T.);
#6604 = EDGE_CURVE('',#6589,#6605,#6607,.T.);
#6605 = VERTEX_POINT('',#6606);
#6606 = CARTESIAN_POINT('',(1.090201812386,-28.05658813222,
    -12.54362627508));
#6607 = SURFACE_CURVE('',#6608,(#6612),.PCURVE_S1.);
#6608 = LINE('',#6609,#6610);
#6609 = CARTESIAN_POINT('',(1.052632245146,-28.08997083466,
    -12.60381624987));
#6610 = VECTOR('',#6611,1.);
#6611 = DIRECTION('',(0.479119865085,0.425725316081,0.767595017003));
#6612 = PCURVE('',#6144,#6613);
#6613 = DEFINITIONAL_REPRESENTATION('',(#6614),#6618);
#6614 = LINE('',#6615,#6616);
#6615 = CARTESIAN_POINT('',(-2.603307174913,3.10168385236));
#6616 = VECTOR('',#6617,1.);
#6617 = DIRECTION('',(-0.904091421448,-0.427339094472));
#6618 = ( GEOMETRIC_REPRESENTATION_CONTEXT(2) 
PARAMETRIC_REPRESENTATION_CONTEXT() REPRESENTATION_CONTEXT('2D SPACE',''
  ) );
#6619 = ORIENTED_EDGE('',*,*,#6620,.T.);
#6620 = EDGE_CURVE('',#6605,#6621,#6623,.T.);
#6621 = VERTEX_POINT('',#6622);
#6622 = CARTESIAN_POINT('',(1.12486217094,-28.0100685277,-12.49086932093
    ));
#6623 = SURFACE_CURVE('',#6624,(#6628),.PCURVE_S1.);
#6624 = LINE('',#6625,#6626);
#6625 = CARTESIAN_POINT('',(1.090201812386,-28.05658813222,
    -12.54362627508));
#6626 = VECTOR('',#6627,1.);
#6627 = DIRECTION('',(0.442019100392,0.593258540861,0.672802659465));
#6628 = PCURVE('',#6144,#6629);
#6629 = DEFINITIONAL_REPRESENTATION('',(#6630),#6634);
#6630 = LINE('',#6631,#6632);
#6631 = CARTESIAN_POINT('',(-2.674200339494,3.068174607567));
#6632 = VECTOR('',#6633,1.);
#6633 = DIRECTION('',(-0.803349836744,-0.595507380141));
#6634 = ( GEOMETRIC_REPRESENTATION_CONTEXT(2) 
PARAMETRIC_REPRESENTATION_CONTEXT() REPRESENTATION_CONTEXT('2D SPACE',''
  ) );
#6635 = ORIENTED_EDGE('',*,*,#6636,.T.);
#6636 = EDGE_CURVE('',#6621,#6637,#6639,.T.);
#6637 = VERTEX_POINT('',#6638);
#6638 = CARTESIAN_POINT('',(1.155281342664,-27.95219974341,
    -12.44757280759));
#6639 = SURFACE_CURVE('',#6640,(#6644),.PCURVE_S1.);
#6640 = LINE('',#6641,#6642);
#6641 = CARTESIAN_POINT('',(1.12486217094,-28.0100685277,-12.49086932093
    ));
#6642 = VECTOR('',#6643,1.);
#6643 = DIRECTION('',(0.387931789558,0.737993172619,0.552154873036));
#6644 = PCURVE('',#6144,#6645);
#6645 = DEFINITIONAL_REPRESENTATION('',(#6646),#6650);
#6646 = LINE('',#6647,#6648);
#6647 = CARTESIAN_POINT('',(-2.73719398244,3.02147866321));
#6648 = VECTOR('',#6649,1.);
#6649 = DIRECTION('',(-0.671735968338,-0.740790651156));
#6650 = ( GEOMETRIC_REPRESENTATION_CONTEXT(2) 
PARAMETRIC_REPRESENTATION_CONTEXT() REPRESENTATION_CONTEXT('2D SPACE',''
  ) );
#6651 = ORIENTED_EDGE('',*,*,#6652,.T.);
#6652 = EDGE_CURVE('',#6637,#6653,#6655,.T.);
#6653 = VERTEX_POINT('',#6654);
#6654 = CARTESIAN_POINT('',(1.180290335849,-27.88520564428,
    -12.41540059578));
#6655 = SURFACE_CURVE('',#6656,(#6660),.PCURVE_S1.);
#6656 = LINE('',#6657,#6658);
#6657 = CARTESIAN_POINT('',(1.155281342664,-27.95219974341,
    -12.44757280759));
#6658 = VECTOR('',#6659,1.);
#6659 = DIRECTION('',(0.318936477606,0.854367140624,0.410288084489));
#6660 = PCURVE('',#6144,#6661);
#6661 = DEFINITIONAL_REPRESENTATION('',(#6662),#6666);
#6662 = LINE('',#6663,#6664);
#6663 = CARTESIAN_POINT('',(-2.789867293378,2.963390518243));
#6664 = VECTOR('',#6665,1.);
#6665 = DIRECTION('',(-0.514307663383,-0.857605752887));
#6666 = ( GEOMETRIC_REPRESENTATION_CONTEXT(2) 
PARAMETRIC_REPRESENTATION_CONTEXT() REPRESENTATION_CONTEXT('2D SPACE',''
  ) );
#6667 = ORIENTED_EDGE('',*,*,#6668,.T.);
#6668 = EDGE_CURVE('',#6653,#6669,#6671,.T.);
#6669 = VERTEX_POINT('',#6670);
#6670 = CARTESIAN_POINT('',(1.198928068913,-27.81166077596,
    -12.39558904558));
#6671 = SURFACE_CURVE('',#6672,(#6676),.PCURVE_S1.);
#6672 = LINE('',#6673,#6674);
#6673 = CARTESIAN_POINT('',(1.180290335849,-27.88520564428,
    -12.41540059578));
#6674 = VECTOR('',#6675,1.);
#6675 = DIRECTION('',(0.237684615681,0.93790825855,0.252654154946));
#6676 = PCURVE('',#6144,#6677);
#6677 = DEFINITIONAL_REPRESENTATION('',(#6678),#6682);
#6678 = LINE('',#6679,#6680);
#6679 = CARTESIAN_POINT('',(-2.83019606651,2.8961424675));
#6680 = VECTOR('',#6681,1.);
#6681 = DIRECTION('',(-0.337114803351,-0.941463546486));
#6682 = ( GEOMETRIC_REPRESENTATION_CONTEXT(2) 
PARAMETRIC_REPRESENTATION_CONTEXT() REPRESENTATION_CONTEXT('2D SPACE',''
  ) );
#6683 = ORIENTED_EDGE('',*,*,#6684,.T.);
#6684 = EDGE_CURVE('',#6669,#6685,#6687,.T.);
#6685 = VERTEX_POINT('',#6686);
#6686 = CARTESIAN_POINT('',(1.210478304225,-27.73439142651,
    -12.38889950373));
#6687 = SURFACE_CURVE('',#6688,(#6692),.PCURVE_S1.);
#6688 = LINE('',#6689,#6690);
#6689 = CARTESIAN_POINT('',(1.198928068913,-27.81166077596,
    -12.39558904558));
#6690 = VECTOR('',#6691,1.);
#6691 = DIRECTION('',(0.147298667271,0.985406088085,8.531086791913E-02)
  );
#6692 = PCURVE('',#6144,#6693);
#6693 = DEFINITIONAL_REPRESENTATION('',(#6694),#6698);
#6694 = LINE('',#6695,#6696);
#6695 = CARTESIAN_POINT('',(-2.856630489699,2.822318815859));
#6696 = VECTOR('',#6697,1.);
#6697 = DIRECTION('',(-0.146966810482,-0.989141423972));
#6698 = ( GEOMETRIC_REPRESENTATION_CONTEXT(2) 
PARAMETRIC_REPRESENTATION_CONTEXT() REPRESENTATION_CONTEXT('2D SPACE',''
  ) );
#6699 = ORIENTED_EDGE('',*,*,#6700,.T.);
#6700 = EDGE_CURVE('',#6685,#6134,#6701,.T.);
#6701 = SURFACE_CURVE('',#6702,(#6706),.PCURVE_S1.);
#6702 = LINE('',#6703,#6704);
#6703 = CARTESIAN_POINT('',(1.210478304225,-27.73439142651,
    -12.38889950373));
#6704 = VECTOR('',#6705,1.);
#6705 = DIRECTION('',(9.975574163943E-02,0.995011955712,0.));
#6706 = PCURVE('',#6144,#6707);
#6707 = DEFINITIONAL_REPRESENTATION('',(#6708),#6712);
#6708 = LINE('',#6709,#6710);
#6709 = CARTESIAN_POINT('',(-2.868154702889,2.744756564852));
#6710 = VECTOR('',#6711,1.);
#6711 = DIRECTION('',(-4.930631136068E-02,-0.998783704142));
#6712 = ( GEOMETRIC_REPRESENTATION_CONTEXT(2) 
PARAMETRIC_REPRESENTATION_CONTEXT() REPRESENTATION_CONTEXT('2D SPACE',''
  ) );
#6713 = ( GEOMETRIC_REPRESENTATION_CONTEXT(3) 
GLOBAL_UNCERTAINTY_ASSIGNED_CONTEXT((#6717)) 
GLOBAL_UNIT_ASSIGNED_CONTEXT((#6714,#6715,#6716)) REPRESENTATION_CONTEXT
('Context #1','3D Context with UNIT and UNCERTAINTY') );
#6714 = ( LENGTH_UNIT() NAMED_UNIT(*) SI_UNIT(.MILLI.,.METRE.) );
#6715 = ( NAMED_UNIT(*) PLANE_ANGLE_UNIT() SI_UNIT($,.RADIAN.) );
#6716 = ( NAMED_UNIT(*) SI_UNIT($,.STERADIAN.) SOLID_ANGLE_UNIT() );
#6717 = UNCERTAINTY_MEASURE_WITH_UNIT(LENGTH_MEASURE(1.E-07),#6714,
  'distance_accuracy_value','confusion accuracy');
#6718 = CONTEXT_DEPENDENT_SHAPE_REPRESENTATION(#6719,#6721);
#6719 = ( REPRESENTATION_RELATIONSHIP('','',#6126,#10) 
REPRESENTATION_RELATIONSHIP_WITH_TRANSFORMATION(#6720) 
SHAPE_REPRESENTATION_RELATIONSHIP() );
#6720 = ITEM_DEFINED_TRANSFORMATION('','',#11,#55);
#6721 = PRODUCT_DEFINITION_SHAPE('Placement','Placement of an item',
  #6722);
#6722 = NEXT_ASSEMBLY_USAGE_OCCURRENCE('11','','',#5,#6121,$);
#6723 = PRODUCT_RELATED_PRODUCT_CATEGORY('part',$,(#6123));
#6724 = SHAPE_DEFINITION_REPRESENTATION(#6725,#6731);
#6725 = PRODUCT_DEFINITION_SHAPE('','',#6726);
#6726 = PRODUCT_DEFINITION('design','',#6727,#6730);
#6727 = PRODUCT_DEFINITION_FORMATION('','',#6728);
#6728 = PRODUCT('Open CASCADE STEP translator 7.8 1.12',
  'Open CASCADE STEP translator 7.8 1.12','',(#6729));
#6729 = PRODUCT_CONTEXT('',#2,'mechanical');
#6730 = PRODUCT_DEFINITION_CONTEXT('part definition',#2,'design');
#6731 = MANIFOLD_SURFACE_SHAPE_REPRESENTATION('',(#11,#6732),#7318);
#6732 = SHELL_BASED_SURFACE_MODEL('',(#6733));
#6733 = OPEN_SHELL('',(#6734));
#6734 = ADVANCED_FACE('',(#6735),#6749,.T.);
#6735 = FACE_BOUND('',#6736,.T.);
#6736 = EDGE_LOOP('',(#6737,#6760,#6776,#6792,#6808,#6824,#6840,#6856,
    #6872,#6888,#6904,#6920,#6936,#6952,#6968,#6984,#7000,#7016,#7032,
    #7048,#7064,#7080,#7096,#7112,#7128,#7144,#7160,#7176,#7192,#7208,
    #7224,#7240,#7256,#7272,#7288,#7304));
#6737 = ORIENTED_EDGE('',*,*,#6738,.T.);
#6738 = EDGE_CURVE('',#6739,#6741,#6743,.T.);
#6739 = VERTEX_POINT('',#6740);
#6740 = CARTESIAN_POINT('',(1.418734721221,2.644055393348,
    -17.40073801479));
#6741 = VERTEX_POINT('',#6742);
#6742 = CARTESIAN_POINT('',(1.412541916755,2.721940015315,
    -17.40739722682));
#6743 = SURFACE_CURVE('',#6744,(#6748),.PCURVE_S1.);
#6744 = LINE('',#6745,#6746);
#6745 = CARTESIAN_POINT('',(1.418734721221,2.644055393348,
    -17.40073801479));
#6746 = VECTOR('',#6747,1.);
#6747 = DIRECTION('',(-7.89760398645E-02,0.993252579414,
    -8.492407558557E-02));
#6748 = PCURVE('',#6749,#6754);
#6749 = PLANE('',#6750);
#6750 = AXIS2_PLACEMENT_3D('',#6751,#6752,#6753);
#6751 = CARTESIAN_POINT('',(2.476768880983E-16,2.667289564135E-16,-20.)
  );
#6752 = DIRECTION('',(-0.866025403784,-2.616797812147E-02,0.499314767377
    ));
#6753 = DIRECTION('',(-0.499485811385,-1.734723475977E-18,
    -0.866322067262));
#6754 = DEFINITIONAL_REPRESENTATION('',(#6755),#6759);
#6755 = LINE('',#6756,#6757);
#6756 = CARTESIAN_POINT('',(-2.960435879744,-2.644961134294));
#6757 = VECTOR('',#6758,1.);
#6758 = DIRECTION('',(0.113019012073,-0.993592825513));
#6759 = ( GEOMETRIC_REPRESENTATION_CONTEXT(2) 
PARAMETRIC_REPRESENTATION_CONTEXT() REPRESENTATION_CONTEXT('2D SPACE',''
  ) );
#6760 = ORIENTED_EDGE('',*,*,#6761,.T.);
#6761 = EDGE_CURVE('',#6741,#6762,#6764,.T.);
#6762 = VERTEX_POINT('',#6763);
#6763 = CARTESIAN_POINT('',(1.398915245164,2.796599760856,
    -17.42711895312));
#6764 = SURFACE_CURVE('',#6765,(#6769),.PCURVE_S1.);
#6765 = LINE('',#6766,#6767);
#6766 = CARTESIAN_POINT('',(1.412541916755,2.721940015315,
    -17.40739722682));
#6767 = VECTOR('',#6768,1.);
#6768 = DIRECTION('',(-0.173779192406,0.952126144587,-0.251508642158));
#6769 = PCURVE('',#6749,#6770);
#6770 = DEFINITIONAL_REPRESENTATION('',(#6771),#6775);
#6771 = LINE('',#6772,#6773);
#6772 = CARTESIAN_POINT('',(-2.951573639451,-2.722872436221));
#6773 = VECTOR('',#6774,1.);
#6774 = DIRECTION('',(0.304687727729,-0.952452302518));
#6775 = ( GEOMETRIC_REPRESENTATION_CONTEXT(2) 
PARAMETRIC_REPRESENTATION_CONTEXT() REPRESENTATION_CONTEXT('2D SPACE',''
  ) );
#6776 = ORIENTED_EDGE('',*,*,#6777,.T.);
#6777 = EDGE_CURVE('',#6762,#6778,#6780,.T.);
#6778 = VERTEX_POINT('',#6779);
#6779 = CARTESIAN_POINT('',(1.378378371796,2.865165497818,
    -17.45914529881));
#6780 = SURFACE_CURVE('',#6781,(#6785),.PCURVE_S1.);
#6781 = LINE('',#6782,#6783);
#6782 = CARTESIAN_POINT('',(1.398915245164,2.796599760856,
    -17.42711895312));
#6783 = VECTOR('',#6784,1.);
#6784 = DIRECTION('',(-0.26190410804,0.874410035982,-0.40842787266));
#6785 = PCURVE('',#6749,#6786);
#6786 = DEFINITIONAL_REPRESENTATION('',(#6787),#6791);
#6787 = LINE('',#6788,#6789);
#6788 = CARTESIAN_POINT('',(-2.927681943638,-2.797557757015));
#6789 = VECTOR('',#6790,1.);
#6790 = DIRECTION('',(0.48464746488,-0.874709571678));
#6791 = ( GEOMETRIC_REPRESENTATION_CONTEXT(2) 
PARAMETRIC_REPRESENTATION_CONTEXT() REPRESENTATION_CONTEXT('2D SPACE',''
  ) );
#6792 = ORIENTED_EDGE('',*,*,#6793,.T.);
#6793 = EDGE_CURVE('',#6778,#6794,#6796,.T.);
#6794 = VERTEX_POINT('',#6795);
#6795 = CARTESIAN_POINT('',(1.351720517176,2.925002283382,
    -17.50224550938));
#6796 = SURFACE_CURVE('',#6797,(#6801),.PCURVE_S1.);
#6797 = LINE('',#6798,#6799);
#6798 = CARTESIAN_POINT('',(1.378378371796,2.865165497818,
    -17.45914529881));
#6799 = VECTOR('',#6800,1.);
#6800 = DIRECTION('',(-0.33996419568,0.763090840069,-0.549651449064));
#6801 = PCURVE('',#6749,#6802);
#6802 = DEFINITIONAL_REPRESENTATION('',(#6803),#6807);
#6803 = LINE('',#6804,#6805);
#6804 = CARTESIAN_POINT('',(-2.889678936778,-2.866146981683));
#6805 = VECTOR('',#6806,1.);
#6806 = DIRECTION('',(0.645982471748,-0.763352242542));
#6807 = ( GEOMETRIC_REPRESENTATION_CONTEXT(2) 
PARAMETRIC_REPRESENTATION_CONTEXT() REPRESENTATION_CONTEXT('2D SPACE',''
  ) );
#6808 = ORIENTED_EDGE('',*,*,#6809,.T.);
#6809 = EDGE_CURVE('',#6794,#6810,#6812,.T.);
#6810 = VERTEX_POINT('',#6811);
#6811 = CARTESIAN_POINT('',(1.319966127707,2.973810623436,
    -17.55476326792));
#6812 = SURFACE_CURVE('',#6813,(#6817),.PCURVE_S1.);
#6813 = LINE('',#6814,#6815);
#6814 = CARTESIAN_POINT('',(1.351720517176,2.925002283382,
    -17.50224550938));
#6815 = VECTOR('',#6816,1.);
#6816 = DIRECTION('',(-0.404959649933,0.622446491118,-0.66975222853));
#6817 = PCURVE('',#6749,#6818);
#6818 = DEFINITIONAL_REPRESENTATION('',(#6819),#6823);
#6819 = LINE('',#6820,#6821);
#6820 = CARTESIAN_POINT('',(-2.839025053111,-2.926004264786));
#6821 = VECTOR('',#6822,1.);
#6822 = DIRECTION('',(0.782492734498,-0.622659714818));
#6823 = ( GEOMETRIC_REPRESENTATION_CONTEXT(2) 
PARAMETRIC_REPRESENTATION_CONTEXT() REPRESENTATION_CONTEXT('2D SPACE',''
  ) );
#6824 = ORIENTED_EDGE('',*,*,#6825,.T.);
#6825 = EDGE_CURVE('',#6810,#6826,#6828,.T.);
#6826 = VERTEX_POINT('',#6827);
#6827 = CARTESIAN_POINT('',(1.28433550677,3.009714840843,-17.61468034641
    ));
#6828 = SURFACE_CURVE('',#6829,(#6833),.PCURVE_S1.);
#6829 = LINE('',#6830,#6831);
#6830 = CARTESIAN_POINT('',(1.319966127707,2.973810623436,
    -17.55476326792));
#6831 = VECTOR('',#6832,1.);
#6832 = DIRECTION('',(-0.454392731944,0.457881872586,-0.764114805454));
#6833 = PCURVE('',#6749,#6834);
#6834 = DEFINITIONAL_REPRESENTATION('',(#6835),#6839);
#6835 = LINE('',#6836,#6837);
#6836 = CARTESIAN_POINT('',(-2.77766689298,-2.974829324502));
#6837 = VECTOR('',#6838,1.);
#6838 = DIRECTION('',(0.888932240289,-0.458038723445));
#6839 = ( GEOMETRIC_REPRESENTATION_CONTEXT(2) 
PARAMETRIC_REPRESENTATION_CONTEXT() REPRESENTATION_CONTEXT('2D SPACE',''
  ) );
#6840 = ORIENTED_EDGE('',*,*,#6841,.T.);
#6841 = EDGE_CURVE('',#6826,#6842,#6844,.T.);
#6842 = VERTEX_POINT('',#6843);
#6843 = CARTESIAN_POINT('',(1.246197919144,3.031335156665,
    -17.67969416513));
#6844 = SURFACE_CURVE('',#6845,(#6849),.PCURVE_S1.);
#6845 = LINE('',#6846,#6847);
#6846 = CARTESIAN_POINT('',(1.28433550677,3.009714840843,-17.61468034641
    ));
#6847 = VECTOR('',#6848,1.);
#6848 = DIRECTION('',(-0.486363756093,0.275721110473,-0.829112878925));
#6849 = PCURVE('',#6749,#6850);
#6850 = DEFINITIONAL_REPRESENTATION('',(#6851),#6855);
#6851 = LINE('',#6852,#6853);
#6852 = CARTESIAN_POINT('',(-2.707962416068,-3.010745841168));
#6853 = VECTOR('',#6854,1.);
#6854 = DIRECTION('',(0.961210578604,-0.275815560801));
#6855 = ( GEOMETRIC_REPRESENTATION_CONTEXT(2) 
PARAMETRIC_REPRESENTATION_CONTEXT() REPRESENTATION_CONTEXT('2D SPACE',''
  ) );
#6856 = ORIENTED_EDGE('',*,*,#6857,.T.);
#6857 = EDGE_CURVE('',#6842,#6858,#6860,.T.);
#6858 = VERTEX_POINT('',#6859);
#6859 = CARTESIAN_POINT('',(1.207018970935,3.037840714289,
    -17.74730627949));
#6860 = SURFACE_CURVE('',#6861,(#6865),.PCURVE_S1.);
#6861 = LINE('',#6862,#6863);
#6862 = CARTESIAN_POINT('',(1.246197919144,3.031335156665,
    -17.67969416513));
#6863 = VECTOR('',#6864,1.);
#6864 = DIRECTION('',(-0.499644093851,8.296454071116E-02,-0.862248609431
    ));
#6865 = PCURVE('',#6749,#6866);
#6866 = DEFINITIONAL_REPRESENTATION('',(#6867),#6871);
#6867 = LINE('',#6868,#6869);
#6868 = CARTESIAN_POINT('',(-2.632590326332,-3.03237356319));
#6869 = VECTOR('',#6870,1.);
#6870 = DIRECTION('',(0.996550133436,-8.299296083496E-02));
#6871 = ( GEOMETRIC_REPRESENTATION_CONTEXT(2) 
PARAMETRIC_REPRESENTATION_CONTEXT() REPRESENTATION_CONTEXT('2D SPACE',''
  ) );
#6872 = ORIENTED_EDGE('',*,*,#6873,.T.);
#6873 = EDGE_CURVE('',#6858,#6874,#6876,.T.);
#6874 = VERTEX_POINT('',#6875);
#6875 = CARTESIAN_POINT('',(-1.388233334423,2.959422107572,
    -22.2526937205));
#6876 = SURFACE_CURVE('',#6877,(#6881),.PCURVE_S1.);
#6877 = LINE('',#6878,#6879);
#6878 = CARTESIAN_POINT('',(1.207018970935,3.037840714289,
    -17.74730627949));
#6879 = VECTOR('',#6880,1.);
#6880 = DIRECTION('',(-0.4990869818,-1.508050129173E-02,-0.866420661734)
  );
#6881 = PCURVE('',#6749,#6882);
#6882 = DEFINITIONAL_REPRESENTATION('',(#6883),#6887);
#6883 = LINE('',#6884,#6885);
#6884 = CARTESIAN_POINT('',(-2.554447130913,-3.038881349341));
#6885 = VECTOR('',#6886,1.);
#6886 = DIRECTION('',(0.999886204847,1.508566723021E-02));
#6887 = ( GEOMETRIC_REPRESENTATION_CONTEXT(2) 
PARAMETRIC_REPRESENTATION_CONTEXT() REPRESENTATION_CONTEXT('2D SPACE',''
  ) );
#6888 = ORIENTED_EDGE('',*,*,#6889,.T.);
#6889 = EDGE_CURVE('',#6874,#6890,#6892,.T.);
#6890 = VERTEX_POINT('',#6891);
#6891 = CARTESIAN_POINT('',(-1.426948018208,2.950562902066,
    -22.32030583486));
#6892 = SURFACE_CURVE('',#6893,(#6897),.PCURVE_S1.);
#6893 = LINE('',#6894,#6895);
#6894 = CARTESIAN_POINT('',(-1.388233334423,2.959422107572,
    -22.2526937205));
#6895 = VECTOR('',#6896,1.);
#6896 = DIRECTION('',(-0.493723389285,-0.112980309823,-0.862248609431));
#6897 = PCURVE('',#6749,#6898);
#6898 = DEFINITIONAL_REPRESENTATION('',(#6899),#6903);
#6899 = LINE('',#6900,#6901);
#6900 = CARTESIAN_POINT('',(2.644961134294,-2.960435879744));
#6901 = VECTOR('',#6902,1.);
#6902 = DIRECTION('',(0.993592825513,0.113019012073));
#6903 = ( GEOMETRIC_REPRESENTATION_CONTEXT(2) 
PARAMETRIC_REPRESENTATION_CONTEXT() REPRESENTATION_CONTEXT('2D SPACE',''
  ) );
#6904 = ORIENTED_EDGE('',*,*,#6905,.T.);
#6905 = EDGE_CURVE('',#6890,#6906,#6908,.T.);
#6906 = VERTEX_POINT('',#6907);
#6907 = CARTESIAN_POINT('',(-1.463710653983,2.92667938773,
    -22.38531965358));
#6908 = SURFACE_CURVE('',#6909,(#6913),.PCURVE_S1.);
#6909 = LINE('',#6910,#6911);
#6910 = CARTESIAN_POINT('',(-1.426948018208,2.950562902066,
    -22.32030583486));
#6911 = VECTOR('',#6912,1.);
#6912 = DIRECTION('',(-0.468829171753,-0.304583390411,-0.829112878925));
#6913 = PCURVE('',#6749,#6914);
#6914 = DEFINITIONAL_REPRESENTATION('',(#6915),#6919);
#6915 = LINE('',#6916,#6917);
#6916 = CARTESIAN_POINT('',(2.722872436221,-2.951573639451));
#6917 = VECTOR('',#6918,1.);
#6918 = DIRECTION('',(0.952452302518,0.304687727729));
#6919 = ( GEOMETRIC_REPRESENTATION_CONTEXT(2) 
PARAMETRIC_REPRESENTATION_CONTEXT() REPRESENTATION_CONTEXT('2D SPACE',''
  ) );
#6920 = ORIENTED_EDGE('',*,*,#6921,.T.);
#6921 = EDGE_CURVE('',#6906,#6922,#6924,.T.);
#6922 = VERTEX_POINT('',#6923);
#6923 = CARTESIAN_POINT('',(-1.497108474271,2.888689394625,
    -22.44523673208));
#6924 = SURFACE_CURVE('',#6925,(#6929),.PCURVE_S1.);
#6925 = LINE('',#6926,#6927);
#6926 = CARTESIAN_POINT('',(-1.463710653983,2.92667938773,
    -22.38531965358));
#6927 = VECTOR('',#6928,1.);
#6928 = DIRECTION('',(-0.425918112073,-0.484481502118,-0.764114805454));
#6929 = PCURVE('',#6749,#6930);
#6930 = DEFINITIONAL_REPRESENTATION('',(#6931),#6935);
#6931 = LINE('',#6932,#6933);
#6932 = CARTESIAN_POINT('',(2.797557757015,-2.927681943638));
#6933 = VECTOR('',#6934,1.);
#6934 = DIRECTION('',(0.874709571678,0.48464746488));
#6935 = ( GEOMETRIC_REPRESENTATION_CONTEXT(2) 
PARAMETRIC_REPRESENTATION_CONTEXT() REPRESENTATION_CONTEXT('2D SPACE',''
  ) );
#6936 = ORIENTED_EDGE('',*,*,#6937,.T.);
#6937 = EDGE_CURVE('',#6922,#6938,#6940,.T.);
#6938 = VERTEX_POINT('',#6939);
#6939 = CARTESIAN_POINT('',(-1.525858019568,2.838052856883,
    -22.49775449061));
#6940 = SURFACE_CURVE('',#6941,(#6945),.PCURVE_S1.);
#6941 = LINE('',#6942,#6943);
#6942 = CARTESIAN_POINT('',(-1.497108474271,2.888689394625,
    -22.44523673208));
#6943 = VECTOR('',#6944,1.);
#6944 = DIRECTION('',(-0.366639258203,-0.645761261399,-0.66975222853));
#6945 = PCURVE('',#6749,#6946);
#6946 = DEFINITIONAL_REPRESENTATION('',(#6947),#6951);
#6947 = LINE('',#6948,#6949);
#6948 = CARTESIAN_POINT('',(2.866146981683,-2.889678936778));
#6949 = VECTOR('',#6950,1.);
#6950 = DIRECTION('',(0.763352242542,0.645982471748));
#6951 = ( GEOMETRIC_REPRESENTATION_CONTEXT(2) 
PARAMETRIC_REPRESENTATION_CONTEXT() REPRESENTATION_CONTEXT('2D SPACE',''
  ) );
#6952 = ORIENTED_EDGE('',*,*,#6953,.T.);
#6953 = EDGE_CURVE('',#6938,#6954,#6956,.T.);
#6954 = VERTEX_POINT('',#6955);
#6955 = CARTESIAN_POINT('',(-1.548854460972,2.776715708251,
    -22.54085470118));
#6956 = SURFACE_CURVE('',#6957,(#6961),.PCURVE_S1.);
#6957 = LINE('',#6958,#6959);
#6958 = CARTESIAN_POINT('',(-1.525858019568,2.838052856883,
    -22.49775449061));
#6959 = VECTOR('',#6960,1.);
#6960 = DIRECTION('',(-0.293270663255,-0.782224777552,-0.549651449064));
#6961 = PCURVE('',#6749,#6962);
#6962 = DEFINITIONAL_REPRESENTATION('',(#6963),#6967);
#6963 = LINE('',#6964,#6965);
#6964 = CARTESIAN_POINT('',(2.926004264786,-2.839025053111));
#6965 = VECTOR('',#6966,1.);
#6966 = DIRECTION('',(0.622659714818,0.782492734498));
#6967 = ( GEOMETRIC_REPRESENTATION_CONTEXT(2) 
PARAMETRIC_REPRESENTATION_CONTEXT() REPRESENTATION_CONTEXT('2D SPACE',''
  ) );
#6968 = ORIENTED_EDGE('',*,*,#6969,.T.);
#6969 = EDGE_CURVE('',#6954,#6970,#6972,.T.);
#6970 = VERTEX_POINT('',#6971);
#6971 = CARTESIAN_POINT('',(-1.565214058136,2.707035100952,
    -22.57288104687));
#6972 = SURFACE_CURVE('',#6973,(#6977),.PCURVE_S1.);
#6973 = LINE('',#6974,#6975);
#6974 = CARTESIAN_POINT('',(-1.548854460972,2.776715708251,
    -22.54085470118));
#6975 = VECTOR('',#6976,1.);
#6976 = DIRECTION('',(-0.208631841185,-0.888627834179,-0.40842787266));
#6977 = PCURVE('',#6749,#6978);
#6978 = DEFINITIONAL_REPRESENTATION('',(#6979),#6983);
#6979 = LINE('',#6980,#6981);
#6980 = CARTESIAN_POINT('',(2.974829324502,-2.77766689298));
#6981 = VECTOR('',#6982,1.);
#6982 = DIRECTION('',(0.458038723445,0.888932240289));
#6983 = ( GEOMETRIC_REPRESENTATION_CONTEXT(2) 
PARAMETRIC_REPRESENTATION_CONTEXT() REPRESENTATION_CONTEXT('2D SPACE',''
  ) );
#6984 = ORIENTED_EDGE('',*,*,#6985,.T.);
#6985 = EDGE_CURVE('',#6970,#6986,#6988,.T.);
#6986 = VERTEX_POINT('',#6987);
#6987 = CARTESIAN_POINT('',(-1.574308120915,2.631688821648,
    -22.59260277317));
#6988 = SURFACE_CURVE('',#6989,(#6993),.PCURVE_S1.);
#6989 = LINE('',#6990,#6991);
#6990 = CARTESIAN_POINT('',(-1.565214058136,2.707035100952,
    -22.57288104687));
#6991 = VECTOR('',#6992,1.);
#6992 = DIRECTION('',(-0.115975414461,-0.960881421488,-0.251508642158));
#6993 = PCURVE('',#6749,#6994);
#6994 = DEFINITIONAL_REPRESENTATION('',(#6995),#6999);
#6995 = LINE('',#6996,#6997);
#6996 = CARTESIAN_POINT('',(3.010745841168,-2.707962416068));
#6997 = VECTOR('',#6998,1.);
#6998 = DIRECTION('',(0.275815560801,0.961210578604));
#6999 = ( GEOMETRIC_REPRESENTATION_CONTEXT(2) 
PARAMETRIC_REPRESENTATION_CONTEXT() REPRESENTATION_CONTEXT('2D SPACE',''
  ) );
#7000 = ORIENTED_EDGE('',*,*,#7001,.T.);
#7001 = EDGE_CURVE('',#6986,#7002,#7004,.T.);
#7002 = VERTEX_POINT('',#7003);
#7003 = CARTESIAN_POINT('',(-1.575787169577,2.553572385598,
    -22.5992619852));
#7004 = SURFACE_CURVE('',#7005,(#7009),.PCURVE_S1.);
#7005 = LINE('',#7006,#7007);
#7006 = CARTESIAN_POINT('',(-1.574308120915,2.631688821648,
    -22.59260277317));
#7007 = VECTOR('',#7008,1.);
#7008 = DIRECTION('',(-1.886211759891E-02,-0.996208874637,
    -8.492407558557E-02));
#7009 = PCURVE('',#6749,#7010);
#7010 = DEFINITIONAL_REPRESENTATION('',(#7011),#7015);
#7011 = LINE('',#7012,#7013);
#7012 = CARTESIAN_POINT('',(3.03237356319,-2.632590326332));
#7013 = VECTOR('',#7014,1.);
#7014 = DIRECTION('',(8.299296083495E-02,0.996550133436));
#7015 = ( GEOMETRIC_REPRESENTATION_CONTEXT(2) 
PARAMETRIC_REPRESENTATION_CONTEXT() REPRESENTATION_CONTEXT('2D SPACE',''
  ) );
#7016 = ORIENTED_EDGE('',*,*,#7017,.T.);
#7017 = EDGE_CURVE('',#7002,#7018,#7020,.T.);
#7018 = VERTEX_POINT('',#7019);
#7019 = CARTESIAN_POINT('',(-1.418734721221,-2.644055393348,
    -22.5992619852));
#7020 = SURFACE_CURVE('',#7021,(#7025),.PCURVE_S1.);
#7021 = LINE('',#7022,#7023);
#7022 = CARTESIAN_POINT('',(-1.575787169577,2.553572385598,
    -22.5992619852));
#7023 = VECTOR('',#7024,1.);
#7024 = DIRECTION('',(3.020239391465E-02,-0.999543803643,0.));
#7025 = PCURVE('',#6749,#7026);
#7026 = DEFINITIONAL_REPRESENTATION('',(#7027),#7031);
#7027 = LINE('',#7028,#7029);
#7028 = CARTESIAN_POINT('',(3.038881349341,-2.554447130913));
#7029 = VECTOR('',#7030,1.);
#7030 = DIRECTION('',(-1.508566723021E-02,0.999886204847));
#7031 = ( GEOMETRIC_REPRESENTATION_CONTEXT(2) 
PARAMETRIC_REPRESENTATION_CONTEXT() REPRESENTATION_CONTEXT('2D SPACE',''
  ) );
#7032 = ORIENTED_EDGE('',*,*,#7033,.T.);
#7033 = EDGE_CURVE('',#7018,#7034,#7036,.T.);
#7034 = VERTEX_POINT('',#7035);
#7035 = CARTESIAN_POINT('',(-1.412541916755,-2.721940015315,
    -22.59260277317));
#7036 = SURFACE_CURVE('',#7037,(#7041),.PCURVE_S1.);
#7037 = LINE('',#7038,#7039);
#7038 = CARTESIAN_POINT('',(-1.418734721221,-2.644055393348,
    -22.5992619852));
#7039 = VECTOR('',#7040,1.);
#7040 = DIRECTION('',(7.89760398645E-02,-0.993252579414,
    8.492407558557E-02));
#7041 = PCURVE('',#6749,#7042);
#7042 = DEFINITIONAL_REPRESENTATION('',(#7043),#7047);
#7043 = LINE('',#7044,#7045);
#7044 = CARTESIAN_POINT('',(2.960435879744,2.644961134294));
#7045 = VECTOR('',#7046,1.);
#7046 = DIRECTION('',(-0.113019012073,0.993592825513));
#7047 = ( GEOMETRIC_REPRESENTATION_CONTEXT(2) 
PARAMETRIC_REPRESENTATION_CONTEXT() REPRESENTATION_CONTEXT('2D SPACE',''
  ) );
#7048 = ORIENTED_EDGE('',*,*,#7049,.T.);
#7049 = EDGE_CURVE('',#7034,#7050,#7052,.T.);
#7050 = VERTEX_POINT('',#7051);
#7051 = CARTESIAN_POINT('',(-1.398915245164,-2.796599760856,
    -22.57288104687));
#7052 = SURFACE_CURVE('',#7053,(#7057),.PCURVE_S1.);
#7053 = LINE('',#7054,#7055);
#7054 = CARTESIAN_POINT('',(-1.412541916755,-2.721940015315,
    -22.59260277317));
#7055 = VECTOR('',#7056,1.);
#7056 = DIRECTION('',(0.173779192406,-0.952126144587,0.251508642158));
#7057 = PCURVE('',#6749,#7058);
#7058 = DEFINITIONAL_REPRESENTATION('',(#7059),#7063);
#7059 = LINE('',#7060,#7061);
#7060 = CARTESIAN_POINT('',(2.951573639451,2.722872436221));
#7061 = VECTOR('',#7062,1.);
#7062 = DIRECTION('',(-0.304687727729,0.952452302518));
#7063 = ( GEOMETRIC_REPRESENTATION_CONTEXT(2) 
PARAMETRIC_REPRESENTATION_CONTEXT() REPRESENTATION_CONTEXT('2D SPACE',''
  ) );
#7064 = ORIENTED_EDGE('',*,*,#7065,.T.);
#7065 = EDGE_CURVE('',#7050,#7066,#7068,.T.);
#7066 = VERTEX_POINT('',#7067);
#7067 = CARTESIAN_POINT('',(-1.378378371796,-2.865165497818,
    -22.54085470118));
#7068 = SURFACE_CURVE('',#7069,(#7073),.PCURVE_S1.);
#7069 = LINE('',#7070,#7071);
#7070 = CARTESIAN_POINT('',(-1.398915245164,-2.796599760856,
    -22.57288104687));
#7071 = VECTOR('',#7072,1.);
#7072 = DIRECTION('',(0.26190410804,-0.874410035982,0.40842787266));
#7073 = PCURVE('',#6749,#7074);
#7074 = DEFINITIONAL_REPRESENTATION('',(#7075),#7079);
#7075 = LINE('',#7076,#7077);
#7076 = CARTESIAN_POINT('',(2.927681943638,2.797557757015));
#7077 = VECTOR('',#7078,1.);
#7078 = DIRECTION('',(-0.48464746488,0.874709571678));
#7079 = ( GEOMETRIC_REPRESENTATION_CONTEXT(2) 
PARAMETRIC_REPRESENTATION_CONTEXT() REPRESENTATION_CONTEXT('2D SPACE',''
  ) );
#7080 = ORIENTED_EDGE('',*,*,#7081,.T.);
#7081 = EDGE_CURVE('',#7066,#7082,#7084,.T.);
#7082 = VERTEX_POINT('',#7083);
#7083 = CARTESIAN_POINT('',(-1.351720517176,-2.925002283382,
    -22.49775449061));
#7084 = SURFACE_CURVE('',#7085,(#7089),.PCURVE_S1.);
#7085 = LINE('',#7086,#7087);
#7086 = CARTESIAN_POINT('',(-1.378378371796,-2.865165497818,
    -22.54085470118));
#7087 = VECTOR('',#7088,1.);
#7088 = DIRECTION('',(0.33996419568,-0.763090840069,0.549651449064));
#7089 = PCURVE('',#6749,#7090);
#7090 = DEFINITIONAL_REPRESENTATION('',(#7091),#7095);
#7091 = LINE('',#7092,#7093);
#7092 = CARTESIAN_POINT('',(2.889678936778,2.866146981683));
#7093 = VECTOR('',#7094,1.);
#7094 = DIRECTION('',(-0.645982471748,0.763352242542));
#7095 = ( GEOMETRIC_REPRESENTATION_CONTEXT(2) 
PARAMETRIC_REPRESENTATION_CONTEXT() REPRESENTATION_CONTEXT('2D SPACE',''
  ) );
#7096 = ORIENTED_EDGE('',*,*,#7097,.T.);
#7097 = EDGE_CURVE('',#7082,#7098,#7100,.T.);
#7098 = VERTEX_POINT('',#7099);
#7099 = CARTESIAN_POINT('',(-1.319966127707,-2.973810623436,
    -22.44523673208));
#7100 = SURFACE_CURVE('',#7101,(#7105),.PCURVE_S1.);
#7101 = LINE('',#7102,#7103);
#7102 = CARTESIAN_POINT('',(-1.351720517176,-2.925002283382,
    -22.49775449061));
#7103 = VECTOR('',#7104,1.);
#7104 = DIRECTION('',(0.404959649933,-0.622446491118,0.66975222853));
#7105 = PCURVE('',#6749,#7106);
#7106 = DEFINITIONAL_REPRESENTATION('',(#7107),#7111);
#7107 = LINE('',#7108,#7109);
#7108 = CARTESIAN_POINT('',(2.839025053111,2.926004264786));
#7109 = VECTOR('',#7110,1.);
#7110 = DIRECTION('',(-0.782492734498,0.622659714818));
#7111 = ( GEOMETRIC_REPRESENTATION_CONTEXT(2) 
PARAMETRIC_REPRESENTATION_CONTEXT() REPRESENTATION_CONTEXT('2D SPACE',''
  ) );
#7112 = ORIENTED_EDGE('',*,*,#7113,.T.);
#7113 = EDGE_CURVE('',#7098,#7114,#7116,.T.);
#7114 = VERTEX_POINT('',#7115);
#7115 = CARTESIAN_POINT('',(-1.28433550677,-3.009714840843,
    -22.38531965358));
#7116 = SURFACE_CURVE('',#7117,(#7121),.PCURVE_S1.);
#7117 = LINE('',#7118,#7119);
#7118 = CARTESIAN_POINT('',(-1.319966127707,-2.973810623436,
    -22.44523673208));
#7119 = VECTOR('',#7120,1.);
#7120 = DIRECTION('',(0.454392731944,-0.457881872586,0.764114805454));
#7121 = PCURVE('',#6749,#7122);
#7122 = DEFINITIONAL_REPRESENTATION('',(#7123),#7127);
#7123 = LINE('',#7124,#7125);
#7124 = CARTESIAN_POINT('',(2.77766689298,2.974829324502));
#7125 = VECTOR('',#7126,1.);
#7126 = DIRECTION('',(-0.888932240289,0.458038723445));
#7127 = ( GEOMETRIC_REPRESENTATION_CONTEXT(2) 
PARAMETRIC_REPRESENTATION_CONTEXT() REPRESENTATION_CONTEXT('2D SPACE',''
  ) );
#7128 = ORIENTED_EDGE('',*,*,#7129,.T.);
#7129 = EDGE_CURVE('',#7114,#7130,#7132,.T.);
#7130 = VERTEX_POINT('',#7131);
#7131 = CARTESIAN_POINT('',(-1.246197919144,-3.031335156665,
    -22.32030583486));
#7132 = SURFACE_CURVE('',#7133,(#7137),.PCURVE_S1.);
#7133 = LINE('',#7134,#7135);
#7134 = CARTESIAN_POINT('',(-1.28433550677,-3.009714840843,
    -22.38531965358));
#7135 = VECTOR('',#7136,1.);
#7136 = DIRECTION('',(0.486363756093,-0.275721110473,0.829112878925));
#7137 = PCURVE('',#6749,#7138);
#7138 = DEFINITIONAL_REPRESENTATION('',(#7139),#7143);
#7139 = LINE('',#7140,#7141);
#7140 = CARTESIAN_POINT('',(2.707962416068,3.010745841168));
#7141 = VECTOR('',#7142,1.);
#7142 = DIRECTION('',(-0.961210578604,0.275815560801));
#7143 = ( GEOMETRIC_REPRESENTATION_CONTEXT(2) 
PARAMETRIC_REPRESENTATION_CONTEXT() REPRESENTATION_CONTEXT('2D SPACE',''
  ) );
#7144 = ORIENTED_EDGE('',*,*,#7145,.T.);
#7145 = EDGE_CURVE('',#7130,#7146,#7148,.T.);
#7146 = VERTEX_POINT('',#7147);
#7147 = CARTESIAN_POINT('',(-1.207018970935,-3.037840714289,
    -22.2526937205));
#7148 = SURFACE_CURVE('',#7149,(#7153),.PCURVE_S1.);
#7149 = LINE('',#7150,#7151);
#7150 = CARTESIAN_POINT('',(-1.246197919144,-3.031335156665,
    -22.32030583486));
#7151 = VECTOR('',#7152,1.);
#7152 = DIRECTION('',(0.499644093851,-8.296454071116E-02,0.862248609431)
  );
#7153 = PCURVE('',#6749,#7154);
#7154 = DEFINITIONAL_REPRESENTATION('',(#7155),#7159);
#7155 = LINE('',#7156,#7157);
#7156 = CARTESIAN_POINT('',(2.632590326332,3.03237356319));
#7157 = VECTOR('',#7158,1.);
#7158 = DIRECTION('',(-0.996550133436,8.299296083496E-02));
#7159 = ( GEOMETRIC_REPRESENTATION_CONTEXT(2) 
PARAMETRIC_REPRESENTATION_CONTEXT() REPRESENTATION_CONTEXT('2D SPACE',''
  ) );
#7160 = ORIENTED_EDGE('',*,*,#7161,.T.);
#7161 = EDGE_CURVE('',#7146,#7162,#7164,.T.);
#7162 = VERTEX_POINT('',#7163);
#7163 = CARTESIAN_POINT('',(1.388233334423,-2.959422107572,
    -17.74730627949));
#7164 = SURFACE_CURVE('',#7165,(#7169),.PCURVE_S1.);
#7165 = LINE('',#7166,#7167);
#7166 = CARTESIAN_POINT('',(-1.207018970935,-3.037840714289,
    -22.2526937205));
#7167 = VECTOR('',#7168,1.);
#7168 = DIRECTION('',(0.4990869818,1.508050129173E-02,0.866420661734));
#7169 = PCURVE('',#6749,#7170);
#7170 = DEFINITIONAL_REPRESENTATION('',(#7171),#7175);
#7171 = LINE('',#7172,#7173);
#7172 = CARTESIAN_POINT('',(2.554447130913,3.038881349341));
#7173 = VECTOR('',#7174,1.);
#7174 = DIRECTION('',(-0.999886204847,-1.508566723021E-02));
#7175 = ( GEOMETRIC_REPRESENTATION_CONTEXT(2) 
PARAMETRIC_REPRESENTATION_CONTEXT() REPRESENTATION_CONTEXT('2D SPACE',''
  ) );
#7176 = ORIENTED_EDGE('',*,*,#7177,.T.);
#7177 = EDGE_CURVE('',#7162,#7178,#7180,.T.);
#7178 = VERTEX_POINT('',#7179);
#7179 = CARTESIAN_POINT('',(1.426948018208,-2.950562902066,
    -17.67969416513));
#7180 = SURFACE_CURVE('',#7181,(#7185),.PCURVE_S1.);
#7181 = LINE('',#7182,#7183);
#7182 = CARTESIAN_POINT('',(1.388233334423,-2.959422107572,
    -17.74730627949));
#7183 = VECTOR('',#7184,1.);
#7184 = DIRECTION('',(0.493723389285,0.112980309823,0.862248609431));
#7185 = PCURVE('',#6749,#7186);
#7186 = DEFINITIONAL_REPRESENTATION('',(#7187),#7191);
#7187 = LINE('',#7188,#7189);
#7188 = CARTESIAN_POINT('',(-2.644961134294,2.960435879744));
#7189 = VECTOR('',#7190,1.);
#7190 = DIRECTION('',(-0.993592825513,-0.113019012073));
#7191 = ( GEOMETRIC_REPRESENTATION_CONTEXT(2) 
PARAMETRIC_REPRESENTATION_CONTEXT() REPRESENTATION_CONTEXT('2D SPACE',''
  ) );
#7192 = ORIENTED_EDGE('',*,*,#7193,.T.);
#7193 = EDGE_CURVE('',#7178,#7194,#7196,.T.);
#7194 = VERTEX_POINT('',#7195);
#7195 = CARTESIAN_POINT('',(1.463710653983,-2.92667938773,
    -17.61468034641));
#7196 = SURFACE_CURVE('',#7197,(#7201),.PCURVE_S1.);
#7197 = LINE('',#7198,#7199);
#7198 = CARTESIAN_POINT('',(1.426948018208,-2.950562902066,
    -17.67969416513));
#7199 = VECTOR('',#7200,1.);
#7200 = DIRECTION('',(0.468829171753,0.304583390411,0.829112878925));
#7201 = PCURVE('',#6749,#7202);
#7202 = DEFINITIONAL_REPRESENTATION('',(#7203),#7207);
#7203 = LINE('',#7204,#7205);
#7204 = CARTESIAN_POINT('',(-2.722872436221,2.951573639451));
#7205 = VECTOR('',#7206,1.);
#7206 = DIRECTION('',(-0.952452302518,-0.304687727729));
#7207 = ( GEOMETRIC_REPRESENTATION_CONTEXT(2) 
PARAMETRIC_REPRESENTATION_CONTEXT() REPRESENTATION_CONTEXT('2D SPACE',''
  ) );
#7208 = ORIENTED_EDGE('',*,*,#7209,.T.);
#7209 = EDGE_CURVE('',#7194,#7210,#7212,.T.);
#7210 = VERTEX_POINT('',#7211);
#7211 = CARTESIAN_POINT('',(1.497108474271,-2.888689394625,
    -17.55476326792));
#7212 = SURFACE_CURVE('',#7213,(#7217),.PCURVE_S1.);
#7213 = LINE('',#7214,#7215);
#7214 = CARTESIAN_POINT('',(1.463710653983,-2.92667938773,
    -17.61468034641));
#7215 = VECTOR('',#7216,1.);
#7216 = DIRECTION('',(0.425918112073,0.484481502118,0.764114805454));
#7217 = PCURVE('',#6749,#7218);
#7218 = DEFINITIONAL_REPRESENTATION('',(#7219),#7223);
#7219 = LINE('',#7220,#7221);
#7220 = CARTESIAN_POINT('',(-2.797557757015,2.927681943638));
#7221 = VECTOR('',#7222,1.);
#7222 = DIRECTION('',(-0.874709571678,-0.48464746488));
#7223 = ( GEOMETRIC_REPRESENTATION_CONTEXT(2) 
PARAMETRIC_REPRESENTATION_CONTEXT() REPRESENTATION_CONTEXT('2D SPACE',''
  ) );
#7224 = ORIENTED_EDGE('',*,*,#7225,.T.);
#7225 = EDGE_CURVE('',#7210,#7226,#7228,.T.);
#7226 = VERTEX_POINT('',#7227);
#7227 = CARTESIAN_POINT('',(1.525858019568,-2.838052856883,
    -17.50224550938));
#7228 = SURFACE_CURVE('',#7229,(#7233),.PCURVE_S1.);
#7229 = LINE('',#7230,#7231);
#7230 = CARTESIAN_POINT('',(1.497108474271,-2.888689394625,
    -17.55476326792));
#7231 = VECTOR('',#7232,1.);
#7232 = DIRECTION('',(0.366639258203,0.645761261399,0.66975222853));
#7233 = PCURVE('',#6749,#7234);
#7234 = DEFINITIONAL_REPRESENTATION('',(#7235),#7239);
#7235 = LINE('',#7236,#7237);
#7236 = CARTESIAN_POINT('',(-2.866146981683,2.889678936778));
#7237 = VECTOR('',#7238,1.);
#7238 = DIRECTION('',(-0.763352242542,-0.645982471748));
#7239 = ( GEOMETRIC_REPRESENTATION_CONTEXT(2) 
PARAMETRIC_REPRESENTATION_CONTEXT() REPRESENTATION_CONTEXT('2D SPACE',''
  ) );
#7240 = ORIENTED_EDGE('',*,*,#7241,.T.);
#7241 = EDGE_CURVE('',#7226,#7242,#7244,.T.);
#7242 = VERTEX_POINT('',#7243);
#7243 = CARTESIAN_POINT('',(1.548854460972,-2.776715708251,
    -17.45914529881));
#7244 = SURFACE_CURVE('',#7245,(#7249),.PCURVE_S1.);
#7245 = LINE('',#7246,#7247);
#7246 = CARTESIAN_POINT('',(1.525858019568,-2.838052856883,
    -17.50224550938));
#7247 = VECTOR('',#7248,1.);
#7248 = DIRECTION('',(0.293270663255,0.782224777552,0.549651449064));
#7249 = PCURVE('',#6749,#7250);
#7250 = DEFINITIONAL_REPRESENTATION('',(#7251),#7255);
#7251 = LINE('',#7252,#7253);
#7252 = CARTESIAN_POINT('',(-2.926004264786,2.839025053111));
#7253 = VECTOR('',#7254,1.);
#7254 = DIRECTION('',(-0.622659714818,-0.782492734498));
#7255 = ( GEOMETRIC_REPRESENTATION_CONTEXT(2) 
PARAMETRIC_REPRESENTATION_CONTEXT() REPRESENTATION_CONTEXT('2D SPACE',''
  ) );
#7256 = ORIENTED_EDGE('',*,*,#7257,.T.);
#7257 = EDGE_CURVE('',#7242,#7258,#7260,.T.);
#7258 = VERTEX_POINT('',#7259);
#7259 = CARTESIAN_POINT('',(1.565214058136,-2.707035100952,
    -17.42711895312));
#7260 = SURFACE_CURVE('',#7261,(#7265),.PCURVE_S1.);
#7261 = LINE('',#7262,#7263);
#7262 = CARTESIAN_POINT('',(1.548854460972,-2.776715708251,
    -17.45914529881));
#7263 = VECTOR('',#7264,1.);
#7264 = DIRECTION('',(0.208631841185,0.888627834179,0.40842787266));
#7265 = PCURVE('',#6749,#7266);
#7266 = DEFINITIONAL_REPRESENTATION('',(#7267),#7271);
#7267 = LINE('',#7268,#7269);
#7268 = CARTESIAN_POINT('',(-2.974829324502,2.77766689298));
#7269 = VECTOR('',#7270,1.);
#7270 = DIRECTION('',(-0.458038723445,-0.888932240289));
#7271 = ( GEOMETRIC_REPRESENTATION_CONTEXT(2) 
PARAMETRIC_REPRESENTATION_CONTEXT() REPRESENTATION_CONTEXT('2D SPACE',''
  ) );
#7272 = ORIENTED_EDGE('',*,*,#7273,.T.);
#7273 = EDGE_CURVE('',#7258,#7274,#7276,.T.);
#7274 = VERTEX_POINT('',#7275);
#7275 = CARTESIAN_POINT('',(1.574308120915,-2.631688821648,
    -17.40739722682));
#7276 = SURFACE_CURVE('',#7277,(#7281),.PCURVE_S1.);
#7277 = LINE('',#7278,#7279);
#7278 = CARTESIAN_POINT('',(1.565214058136,-2.707035100952,
    -17.42711895312));
#7279 = VECTOR('',#7280,1.);
#7280 = DIRECTION('',(0.115975414461,0.960881421488,0.251508642158));
#7281 = PCURVE('',#6749,#7282);
#7282 = DEFINITIONAL_REPRESENTATION('',(#7283),#7287);
#7283 = LINE('',#7284,#7285);
#7284 = CARTESIAN_POINT('',(-3.010745841168,2.707962416068));
#7285 = VECTOR('',#7286,1.);
#7286 = DIRECTION('',(-0.275815560801,-0.961210578604));
#7287 = ( GEOMETRIC_REPRESENTATION_CONTEXT(2) 
PARAMETRIC_REPRESENTATION_CONTEXT() REPRESENTATION_CONTEXT('2D SPACE',''
  ) );
#7288 = ORIENTED_EDGE('',*,*,#7289,.T.);
#7289 = EDGE_CURVE('',#7274,#7290,#7292,.T.);
#7290 = VERTEX_POINT('',#7291);
#7291 = CARTESIAN_POINT('',(1.575787169577,-2.553572385598,
    -17.40073801479));
#7292 = SURFACE_CURVE('',#7293,(#7297),.PCURVE_S1.);
#7293 = LINE('',#7294,#7295);
#7294 = CARTESIAN_POINT('',(1.574308120915,-2.631688821648,
    -17.40739722682));
#7295 = VECTOR('',#7296,1.);
#7296 = DIRECTION('',(1.886211759891E-02,0.996208874637,
    8.492407558557E-02));
#7297 = PCURVE('',#6749,#7298);
#7298 = DEFINITIONAL_REPRESENTATION('',(#7299),#7303);
#7299 = LINE('',#7300,#7301);
#7300 = CARTESIAN_POINT('',(-3.03237356319,2.632590326332));
#7301 = VECTOR('',#7302,1.);
#7302 = DIRECTION('',(-8.299296083495E-02,-0.996550133436));
#7303 = ( GEOMETRIC_REPRESENTATION_CONTEXT(2) 
PARAMETRIC_REPRESENTATION_CONTEXT() REPRESENTATION_CONTEXT('2D SPACE',''
  ) );
#7304 = ORIENTED_EDGE('',*,*,#7305,.T.);
#7305 = EDGE_CURVE('',#7290,#6739,#7306,.T.);
#7306 = SURFACE_CURVE('',#7307,(#7311),.PCURVE_S1.);
#7307 = LINE('',#7308,#7309);
#7308 = CARTESIAN_POINT('',(1.575787169577,-2.553572385598,
    -17.40073801479));
#7309 = VECTOR('',#7310,1.);
#7310 = DIRECTION('',(-3.020239391465E-02,0.999543803643,0.));
#7311 = PCURVE('',#6749,#7312);
#7312 = DEFINITIONAL_REPRESENTATION('',(#7313),#7317);
#7313 = LINE('',#7314,#7315);
#7314 = CARTESIAN_POINT('',(-3.038881349341,2.554447130913));
#7315 = VECTOR('',#7316,1.);
#7316 = DIRECTION('',(1.508566723021E-02,-0.999886204847));
#7317 = ( GEOMETRIC_REPRESENTATION_CONTEXT(2) 
PARAMETRIC_REPRESENTATION_CONTEXT() REPRESENTATION_CONTEXT('2D SPACE',''
  ) );
#7318 = ( GEOMETRIC_REPRESENTATION_CONTEXT(3) 
GLOBAL_UNCERTAINTY_ASSIGNED_CONTEXT((#7322)) 
GLOBAL_UNIT_ASSIGNED_CONTEXT((#7319,#7320,#7321)) REPRESENTATION_CONTEXT
('Context #1','3D Context with UNIT and UNCERTAINTY') );
#7319 = ( LENGTH_UNIT() NAMED_UNIT(*) SI_UNIT(.MILLI.,.METRE.) );
#7320 = ( NAMED_UNIT(*) PLANE_ANGLE_UNIT() SI_UNIT($,.RADIAN.) );
#7321 = ( NAMED_UNIT(*) SI_UNIT($,.STERADIAN.) SOLID_ANGLE_UNIT() );
#7322 = UNCERTAINTY_MEASURE_WITH_UNIT(LENGTH_MEASURE(1.E-07),#7319,
  'distance_accuracy_value','confusion accuracy');
#7323 = CONTEXT_DEPENDENT_SHAPE_REPRESENTATION(#7324,#7326);
#7324 = ( REPRESENTATION_RELATIONSHIP('','',#6731,#10) 
REPRESENTATION_RELATIONSHIP_WITH_TRANSFORMATION(#7325) 
SHAPE_REPRESENTATION_RELATIONSHIP() );
#7325 = ITEM_DEFINED_TRANSFORMATION('','',#11,#59);
#7326 = PRODUCT_DEFINITION_SHAPE('Placement','Placement of an item',
  #7327);
#7327 = NEXT_ASSEMBLY_USAGE_OCCURRENCE('12','','',#5,#6726,$);
#7328 = PRODUCT_RELATED_PRODUCT_CATEGORY('part',$,(#6728));
ENDSEC;
END-ISO-10303-21;
